ts,line,air_temp,humidity,pressure,soil_moisture,soil_moisture_trend,vapor_pressure_deficit,heat_stress,moisture_temp_ratio,volume_increase,rain_6h,wind_speed,et0,solar_radiation,hour_sin,hour_cos,weekday_sin,weekday_cos,mode,soil_moisture_lag1,air_temp_lag1,humidity_lag1,soil_moisture_delta,air_temp_delta,humidity_delta,soil_moisture_mean_24h,soil_moisture_max_24h,soil_moisture_min_24h,air_temp_max_24h,class
2023-06-29 12:00:00,1,34.90322580645162,36.435483870967744,1009.5516129032259,22.92838709677419,0.38075491467679284,3.5549577129304364,22.18606659729449,0.6386163522012577,154,0.0,9.509677419354835,13.449999999999996,522.3870967741935,-0.7071067811865471,-0.7071067811865479,0.43388373911755823,-0.900968867902419,A,0.0,0.0,0.0,0.0,0.0,0.0,22.92838709677419,22.92838709677419,22.92838709677419,34.90322580645162,1
2023-06-29 18:00:00,1,24.426470588235293,54.161764705882355,1009.6029411764706,23.13970588235294,-0.04695196681877172,1.4031803933695526,11.196663062283736,0.9100636205899363,0,0.0,7.3352941176470585,2.6699999999999995,34.411764705882355,-0.7071067811865477,0.7071067811865474,0.43388373911755823,-0.900968867902419,A,22.92838709677419,34.90322580645162,36.435483870967744,0.21131878557874728,-10.47675521821633,17.72628083491461,23.034046489563565,23.13970588235294,22.92838709677419,34.90322580645162,0
2023-06-30 00:00:00,1,20.397058823529413,84.22058823529412,1009.364705882353,23.053529411764703,-0.0108925075107174,0.37813394466071104,3.2185358996539803,1.0774158075601372,0,1.2000000000000002,7.4,0.41000000000000003,9.647058823529411,0.7071067811865475,0.7071067811865476,-0.433883739117558,-0.9009688679024191,A,23.13970588235294,24.426470588235293,54.161764705882355,-0.08617647058823508,-4.0294117647058805,30.05882352941176,23.040540796963942,23.13970588235294,22.92838709677419,34.90322580645162,0
2023-06-30 06:00:00,1,24.76111111111111,68.80555555555556,1008.4833333333333,22.99,-0.0017566181661328565,0.9741964242764665,7.724091049382716,0.8924304507224499,0,3.000000000000001,3.2666666666666666,7.259999999999999,295.0,0.7071067811865476,-0.7071067811865475,-0.433883739117558,-0.9009688679024191,A,23.053529411764703,20.397058823529413,84.22058823529412,-0.06352941176470495,4.364052287581696,-15.415032679738559,23.027905597722956,23.13970588235294,22.92838709677419,34.90322580645162,0
2023-06-30 12:00:00,1,20.261111111111106,87.625,1007.8944444444444,27.275555555555556,2.06010104993332,0.29407260473592345,2.5073125,1.2828847661353544,0,16.2,5.616666666666668,7.739999999999998,289.8333333333333,-0.7071067811865471,-0.7071067811865479,-0.433883739117558,-0.9009688679024191,A,22.99,24.76111111111111,68.80555555555556,4.285555555555558,-4.5000000000000036,18.819444444444443,24.114697712418298,27.275555555555556,22.99,24.76111111111111,0
2023-06-30 18:00:00,1,18.508333333333333,94.79166666666667,1007.5305555555557,28.675277777777776,-0.3768030913742519,0.1109838093909179,0.9639756944444431,1.469898903602449,0,44.99999999999999,7.533333333333333,0.54,15.166666666666666,-0.7071067811865477,0.7071067811865474,-0.433883739117558,-0.9009688679024191,A,27.275555555555556,20.261111111111106,87.625,1.3997222222222199,-1.7527777777777729,7.166666666666671,25.498590686274508,28.675277777777776,22.99,24.76111111111111,0
2023-07-01 00:00:00,1,17.885714285714286,95.6,1006.7257142857143,27.422571428571427,-0.14015927259026903,0.09016498374454351,0.7869714285714293,1.4520272314674734,0,0.0,6.300000000000001,0.18,10.457142857142857,0.7071067811865475,0.7071067811865476,-0.9749279121818236,-0.2225209339563146,A,28.675277777777776,18.508333333333333,94.79166666666667,-1.252706349206349,-0.6226190476190467,0.8083333333333229,26.59085119047619,28.675277777777776,22.99,24.76111111111111,0
2023-07-01 06:00:00,1,23.669444444444448,77.30555555555556,1006.3055555555553,26.700833333333335,-0.11971975181194075,0.6638634650362443,5.371648919753086,1.0823443305934015,0,0.0,4.583333333333333,11.4,484.1666666666667,0.7071067811865476,-0.7071067811865475,-0.9749279121818236,-0.2225209339563146,A,27.422571428571427,17.885714285714286,95.6,-0.7217380952380914,5.783730158730162,-18.294444444444437,27.518559523809525,28.675277777777776,26.700833333333335,23.669444444444448,0
2023-07-01 12:00:00,1,31.702857142857148,47.47142857142857,1003.0457142857144,25.900571428571425,-0.11617354132942294,2.45598211770603,16.653057959183677,0.791997204263498,0,0.0,5.151428571428572,14.770000000000003,611.3714285714286,-0.7071067811865471,-0.7071067811865479,-0.9749279121818236,-0.2225209339563146,A,26.700833333333335,23.669444444444448,77.30555555555556,-0.8002619047619106,8.0334126984127,-29.83412698412699,27.174813492063493,28.675277777777776,25.900571428571425,31.702857142857148,0
2023-07-01 18:00:00,1,21.16111111111111,83.48611111111111,1004.4499999999999,25.113888888888894,-0.15343548025897238,0.4147832928852573,3.494522376543209,1.1332414138881928,0,0.0,6.7333333333333325,1.5599999999999998,34.333333333333336,-0.7071067811865477,0.7071067811865474,-0.9749279121818236,-0.2225209339563146,A,25.900571428571425,31.702857142857148,47.47142857142857,-0.7866825396825305,-10.541746031746037,36.014682539682546,26.28446626984127,27.422571428571427,25.113888888888894,31.702857142857148,0
2023-07-02 00:00:00,1,19.611111111111114,85.23611111111111,1005.6749999999998,24.44888888888889,-0.07243785906569863,0.33699758004174685,2.895362654320988,1.186199460916442,0,0.0,7.066666666666666,0.48,11.0,0.7071067811865475,0.7071067811865476,-0.7818314824680299,0.6234898018587334,A,25.113888888888894,21.16111111111111,83.48611111111111,-0.6650000000000027,-1.5499999999999972,1.75,25.541045634920636,26.700833333333335,24.44888888888889,31.702857142857148,0
2023-07-02 06:00:00,1,32.141666666666666,48.611111111111114,1005.8250000000003,24.143611111111113,-0.04242846079417184,2.46305507824843,16.517245370370368,0.7284971921884168,0,0.0,3.249999999999999,13.740000000000002,555.8333333333334,0.7071067811865476,-0.7071067811865475,-0.7818314824680299,0.6234898018587334,A,24.44888888888889,19.611111111111114,85.23611111111111,-0.3052777777777784,12.530555555555551,-36.625,24.90174007936508,25.900571428571425,24.143611111111113,32.141666666666666,0
2023-07-02 12:00:00,1,34.025000000000006,44.416666666666664,1004.4833333333333,23.88555555555556,-0.024423115342146588,2.9607401544637932,18.912229166666673,0.6819573320643985,0,4.199999999999999,3.783333333333333,15.420000000000002,576.0,-0.7071067811865471,-0.7071067811865479,-0.7818314824680299,0.6234898018587334,A,24.143611111111113,32.141666666666666,48.611111111111114,-0.25805555555555415,1.88333333333334,-4.19444444444445,24.397986111111116,25.113888888888894,23.88555555555556,34.025000000000006,0
2023-07-02 18:00:00,1,25.07714285714286,64.87142857142857,1005.8971428571427,23.575714285714287,-0.08808507603997691,1.1179186507176642,8.809242040816327,0.9040758189985756,0,0.0,7.9228571428571435,1.83,33.42857142857143,-0.7071067811865477,0.7071067811865474,-0.7818314824680299,0.6234898018587334,A,23.88555555555556,34.025000000000006,44.416666666666664,-0.3098412698412716,-8.947857142857146,20.454761904761902,24.013442460317464,24.44888888888889,23.575714285714287,34.025000000000006,0
2023-07-03 00:00:00,1,20.616666666666667,77.66666666666667,1007.4416666666667,23.197499999999998,-0.03575649580797844,0.5424867843871872,4.604388888888888,1.0731303006939088,0,0.0,5.866666666666668,0.6000000000000001,10.833333333333334,0.7071067811865475,0.7071067811865476,0.0,1.0,A,23.575714285714287,25.07714285714286,64.87142857142857,-0.3782142857142894,-4.460476190476193,12.795238095238105,23.70059523809524,24.143611111111113,23.197499999999998,34.025000000000006,0
2023-07-03 06:00:00,1,32.42222222222222,50.84722222222222,1007.688888888889,23.005833333333335,-0.038791884677234434,2.393447098065979,15.93642283950617,0.6883394281914895,0,0.0,4.466666666666668,13.200000000000003,532.8333333333334,0.7071067811865476,-0.7071067811865475,0.0,1.0,A,23.197499999999998,20.616666666666667,77.66666666666667,-0.19166666666666288,11.80555555555555,-26.81944444444445,23.416150793650797,23.88555555555556,23.005833333333335,34.025000000000006,0
2023-07-03 12:00:00,1,31.56944444444444,51.333333333333336,1006.5527777777778,22.727222222222224,-0.037366441925736966,2.2582821091925633,15.363796296296295,0.6978081023454159,0,52.19999999999999,5.833333333333333,13.080000000000002,502.6666666666667,-0.7071067811865471,-0.7071067811865479,0.0,1.0,A,23.005833333333335,32.42222222222222,50.84722222222222,-0.27861111111111114,-0.8527777777777779,0.48611111111111427,23.12656746031746,23.575714285714287,22.727222222222224,32.42222222222222,0
2023-07-03 18:00:00,1,21.76388888888889,76.0,1008.9111111111114,22.44861111111111,-0.04603424595250343,0.6254687426262253,5.223333333333334,0.986150091519219,0,26.400000000000002,5.216666666666667,0.78,26.833333333333332,-0.7071067811865477,0.7071067811865474,0.0,1.0,A,22.727222222222224,31.56944444444444,51.333333333333336,-0.2786111111111147,-9.80555555555555,24.666666666666664,22.844791666666666,23.197499999999998,22.44861111111111,32.42222222222222,0
2023-07-04 00:00:00,1,20.3,79.32352941176471,1011.1411764705881,22.191764705882356,-0.03283403791635088,0.4925257982665816,4.197323529411763,1.0418668876001105,0,28.799999999999997,13.367647058823529,0.15,3.8823529411764706,0.7071067811865475,0.7071067811865476,0.7818314824680298,0.6234898018587336,A,22.44861111111111,21.76388888888889,76.0,-0.2568464052287531,-1.4638888888888886,3.32352941176471,22.593357843137255,23.005833333333335,22.191764705882356,32.42222222222222,0
2023-07-04 06:00:00,1,30.54571428571429,50.285714285714285,1010.8942857142856,21.982,-0.048510924570787775,2.1763414175523668,15.185583673469388,0.6968299972828547,228,1.7000000000000002,3.6599999999999997,7.8999999999999995,341.48571428571427,0.7071067811865476,-0.7071067811865475,0.7818314824680298,0.6234898018587336,A,22.191764705882356,20.3,79.32352941176471,-0.20976470588235685,10.245714285714289,-29.037815126050425,22.337399509803923,22.727222222222224,21.982,31.56944444444444,1
2023-07-04 12:00:00,1,32.5,43.263888888888886,1008.5944444444443,23.41722222222222,1.0247683868008581,2.7748377680666483,18.439236111111114,0.6990215588723051,1354,13.200000000000003,6.550000000000001,11.999999999999996,453.5,-0.7071067811865471,-0.7071067811865479,0.7818314824680298,0.6234898018587336,A,21.982,30.54571428571429,50.285714285714285,1.4352222222222224,1.9542857142857102,-7.021825396825399,22.509899509803923,23.41722222222222,21.982,32.5,2
2023-07-04 18:00:00,1,22.98611111111111,68.08333333333333,1008.9777777777776,26.646388888888886,-0.4071746195272262,0.8959258551075537,7.336400462962964,1.1109090909090908,0,32.4,8.08333333333333,1.08,28.833333333333332,-0.7071067811865477,0.7071067811865474,0.7818314824680298,0.6234898018587336,A,23.41722222222222,32.5,43.263888888888886,3.2291666666666643,-9.51388888888889,24.819444444444443,23.559343954248366,26.646388888888886,21.982,32.5,0
2023-07-05 00:00:00,1,20.980555555555554,76.73611111111111,1010.7111111111109,25.262222222222228,-0.13173152957222625,0.57788350450738,4.880893132716048,1.1492986225199042,0,3.5999999999999996,8.950000000000003,0.42000000000000015,10.5,0.7071067811865475,0.7071067811865476,0.9749279121818236,-0.22252093395631434,A,26.646388888888886,22.98611111111111,68.08333333333333,-1.3841666666666583,-2.0055555555555564,8.652777777777786,24.32695833333333,26.646388888888886,21.982,32.5,0
2023-07-05 06:00:00,1,30.77499999999999,49.333333333333336,1010.5861111111114,24.408888888888885,-0.19134824380235171,2.2472510109443924,15.592666666666661,0.768179036629076,0,0.0,2.0833333333333335,13.02,543.8333333333334,0.7071067811865476,-0.7071067811865475,0.9749279121818236,-0.22252093395631434,A,25.262222222222228,20.980555555555554,76.73611111111111,-0.8533333333333424,9.794444444444437,-27.40277777777778,24.933680555555554,26.646388888888886,23.41722222222222,32.5,0
2023-07-05 12:00:00,1,32.08,46.114285714285714,1007.6514285714287,25.086,0.9057818630005556,2.57375018215283,17.286537142857146,0.7583434099153568,816,0.0,5.114285714285714,14.759999999999998,569.9428571428572,-0.7071067811865471,-0.7071067811865479,0.9749279121818236,-0.22252093395631434,A,24.408888888888885,30.77499999999999,49.333333333333336,0.6771111111111132,1.3050000000000068,-3.219047619047622,25.350875,26.646388888888886,24.408888888888885,32.08,1
2023-07-05 18:00:00,1,23.43428571428571,66.07142857142857,1008.8199999999999,26.682,-0.3972810816649282,0.9785291300555958,7.9509183673469375,1.0919901777362022,0,0.0,6.937142857142857,1.25,22.457142857142856,-0.7071067811865477,0.7071067811865474,0.9749279121818236,-0.22252093395631434,A,25.086,32.08,46.114285714285714,1.596,-8.645714285714288,19.957142857142856,25.35977777777778,26.682,24.408888888888885,32.08,0
2023-07-06 00:00:00,1,20.716666666666665,78.15277777777777,1010.697222222222,25.347499999999993,-0.12743992787416275,0.5339571045443408,4.526016203703705,1.1671910974673827,0,0.0,8.316666666666663,0.6600000000000001,6.666666666666667,0.7071067811865475,0.7071067811865476,0.43388373911755823,-0.900968867902419,A,26.682,23.43428571428571,66.07142857142857,-1.3345000000000056,-2.7176190476190456,12.081349206349202,25.38109722222222,26.682,24.408888888888885,32.08,0
2023-07-06 06:00:00,1,25.12777777777778,61.52777777777778,1012.6027777777779,24.660555555555554,-0.1401442628543826,1.2280211090100022,9.66721450617284,0.9438443546672335,0,2.4000000000000004,6.550000000000001,7.979999999999999,326.3333333333333,0.7071067811865476,-0.7071067811865475,0.43388373911755823,-0.900968867902419,A,25.347499999999993,20.716666666666665,78.15277777777777,-0.686944444444439,4.411111111111115,-16.624999999999993,25.444013888888886,26.682,24.660555555555554,32.08,0
2023-07-06 12:00:00,1,27.033333333333335,53.736111111111114,1012.5166666666669,23.879722222222217,-0.10204571503173553,1.6526934186325672,12.506671296296295,0.8518331351565595,0,6.0,7.550000000000001,10.559999999999999,410.3333333333333,-0.7071067811865471,-0.7071067811865479,0.43388373911755823,-0.900968867902419,A,24.660555555555554,25.12777777777778,61.52777777777778,-0.7808333333333373,1.905555555555555,-7.791666666666664,25.14244444444444,26.682,23.879722222222217,27.033333333333335,0
2023-07-06 18:00:00,1,19.383333333333336,78.72222222222223,1014.6805555555558,23.384444444444444,-0.07690406416813932,0.47885573045162566,4.124342592592592,1.1472335786317795,0,0.0,3.4000000000000004,0.9000000000000001,26.333333333333332,-0.7071067811865477,0.7071067811865474,0.43388373911755823,-0.900968867902419,A,23.879722222222217,27.033333333333335,53.736111111111114,-0.4952777777777726,-7.649999999999999,24.986111111111114,24.31805555555555,25.347499999999993,23.384444444444444,27.033333333333335,0
2023-07-07 00:00:00,1,17.41428571428571,88.12857142857143,1016.6942857142858,23.101999999999997,-0.037712614909635594,0.23614544448550578,2.067324489795917,1.2545694336695112,0,0.0,5.217142857142857,0.18,9.942857142857143,0.7071067811865475,0.7071067811865476,-0.433883739117558,-0.9009688679024191,A,23.384444444444444,19.383333333333336,78.72222222222223,-0.2824444444444474,-1.9690476190476254,9.406349206349205,23.756680555555555,24.660555555555554,23.101999999999997,27.033333333333335,0
2023-07-07 06:00:00,1,30.927777777777774,48.583333333333336,1016.9916666666668,22.95916666666666,-0.01860622203453917,2.3004603898618066,15.902032407407406,0.7190969201322428,0,0.0,5.833333333333335,13.859999999999996,570.0,0.7071067811865476,-0.7071067811865475,-0.433883739117558,-0.9009688679024191,A,23.101999999999997,17.41428571428571,88.12857142857143,-0.1428333333333356,13.513492063492063,-39.5452380952381,23.33133333333333,23.879722222222217,22.95916666666666,30.927777777777774,0
2023-07-07 12:00:00,1,33.26111111111111,39.236111111111114,1015.4055555555553,22.72416666666667,-0.048514900862441084,3.101565149336516,20.21074459876543,0.6632641478838982,0,0.0,10.850000000000001,18.060000000000002,646.8333333333334,-0.7071067811865471,-0.7071067811865479,-0.433883739117558,-0.9009688679024191,A,22.95916666666666,30.927777777777774,48.583333333333336,-0.23499999999999233,2.3333333333333393,-9.347222222222221,23.042444444444442,23.384444444444444,22.72416666666667,33.26111111111111,0
2023-07-07 18:00:00,1,24.26285714285714,59.74285714285714,1016.1028571428571,22.480571428571423,-0.036949299409824984,1.220323120115227,9.767533061224489,0.8898665460303098,0,0.0,8.485714285714286,2.31,28.885714285714286,-0.7071067811865477,0.7071067811865474,-0.433883739117558,-0.9009688679024191,A,22.72416666666667,33.26111111111111,39.236111111111114,-0.24359523809524575,-8.998253968253973,20.506746031746026,22.816476190476187,23.101999999999997,22.480571428571423,33.26111111111111,0
2023-07-08 00:00:00,1,17.941666666666663,85.0,1017.4222222222223,22.278333333333336,-0.029985921497048772,0.3084646578806014,2.6912499999999997,1.1761548614166304,0,0.0,6.699999999999998,0.36,10.0,0.7071067811865475,0.7071067811865476,-0.9749279121818236,-0.2225209339563146,A,22.480571428571423,24.26285714285714,59.74285714285714,-0.2022380952380871,-6.321190476190477,25.25714285714286,22.61055952380952,22.95916666666666,22.278333333333336,33.26111111111111,0
2023-07-08 06:00:00,1,31.64411764705882,44.970588235294116,1016.6117647058823,22.07117647058823,-0.07553906518478945,2.5643625255343676,17.413571799307956,0.6761149653121902,330,0.0,5.502941176470589,11.829999999999998,490.5,0.7071067811865476,-0.7071067811865475,-0.9749279121818236,-0.2225209339563146,A,22.278333333333336,17.941666666666663,85.0,-0.20715686274510503,13.702450980392157,-40.029411764705884,22.388561974789916,22.72416666666667,22.07117647058823,33.26111111111111,1
2023-07-08 12:00:00,1,35.81428571428571,34.871428571428574,1014.5542857142858,21.69514285714286,-0.027155618282612853,3.8300341883786513,23.32533265306122,0.5893131548311992,6,0.0,5.97142857142857,17.15,641.1142857142858,-0.7071067811865471,-0.7071067811865479,-0.9749279121818236,-0.2225209339563146,A,22.07117647058823,31.64411764705882,44.970588235294116,-0.37603361344537234,4.170168067226889,-10.099159663865542,22.131306022408964,22.480571428571423,21.69514285714286,35.81428571428571,1
2023-07-08 18:00:00,1,23.222222222222225,68.68055555555556,1015.6333333333332,21.586666666666666,-0.02844496767463574,0.8917965441221136,7.273070987654322,0.8911926605504585,0,0.0,5.083333333333335,1.8,32.5,-0.7071067811865477,0.7071067811865474,-0.9749279121818236,-0.2225209339563146,A,21.69514285714286,35.81428571428571,34.871428571428574,-0.10847619047619261,-12.592063492063485,33.80912698412698,21.907829831932773,22.278333333333336,21.586666666666666,35.81428571428571,0
2023-07-09 00:00:00,1,21.180000000000003,74.3,1017.1114285714284,21.458571428571435,-0.012777674957624567,0.6462614356955905,5.443260000000001,0.9674739147236895,0,0.0,4.905714285714286,0.3499999999999999,10.285714285714286,0.7071067811865475,0.7071067811865476,-0.7818314824680299,0.6234898018587334,A,21.586666666666666,23.222222222222225,68.68055555555556,-0.1280952380952307,-2.0422222222222217,5.61944444444444,21.7028893557423,22.07117647058823,21.458571428571435,35.81428571428571,0
2023-07-09 06:00:00,1,34.37499999999999,42.736111111111114,1016.7333333333333,21.38111111111111,-0.03627249401595416,3.1101937470899546,19.684461805555554,0.6044130349430704,0,0.0,4.8,14.760000000000002,566.8333333333334,0.7071067811865476,-0.7071067811865475,-0.7818314824680299,0.6234898018587334,A,21.458571428571435,21.180000000000003,74.3,-0.077460317460325,13.19499999999999,-31.563888888888883,21.530373015873018,21.69514285714286,21.38111111111111,35.81428571428571,0
2023-07-09 12:00:00,1,37.59714285714286,37.47142857142857,1014.3742857142859,21.046857142857146,-0.05211389339135951,4.0529771843895475,23.50895632653062,0.5452957287734103,0,0.0,6.434285714285715,18.06,639.6857142857143,-0.7071067811865471,-0.7071067811865479,-0.7818314824680299,0.6234898018587334,A,21.38111111111111,34.37499999999999,42.736111111111114,-0.3342539682539645,3.2221428571428703,-5.264682539682546,21.368301587301588,21.586666666666666,21.046857142857146,37.59714285714286,0
2023-07-09 18:00:00,1,25.649999999999995,68.04166666666667,1015.3111111111112,20.845833333333335,-0.0309026877379273,1.0522332846768885,8.197312499999999,0.7822076297686056,0,0.0,6.7333333333333325,2.2199999999999998,31.833333333333332,-0.7071067811865477,0.7071067811865474,-0.7818314824680299,0.6234898018587334,A,21.046857142857146,37.59714285714286,37.47142857142857,-0.20102380952381083,-11.947142857142868,30.570238095238103,21.18309325396826,21.458571428571435,20.845833333333335,37.59714285714286,0
2023-07-10 00:00:00,1,23.04722222222222,72.29166666666667,1016.6416666666667,20.67722222222222,-0.01653383850099097,0.7806745168546461,6.386001157407405,0.8598590735820723,0,0.0,3.9833333333333325,0.3,9.833333333333334,0.7071067811865475,0.7071067811865476,0.0,1.0,A,20.845833333333335,25.649999999999995,68.04166666666667,-0.16861111111111526,-2.6027777777777743,4.25,20.98775595238095,21.38111111111111,20.67722222222222,37.59714285714286,0
2023-07-10 06:00:00,1,35.23428571428571,46.82857142857143,1016.1371428571427,20.49457142857143,-0.03797089144405583,3.028591459264386,18.734573061224488,0.5656126793881092,985,0.0,3.4942857142857147,14.280000000000001,553.4,0.7071067811865476,-0.7071067811865475,0.0,1.0,A,20.67722222222222,23.04722222222222,72.29166666666667,-0.18265079365079018,12.18706349206349,-25.463095238095242,20.76612103174603,21.046857142857146,20.49457142857143,37.59714285714286,2
2023-07-10 12:00:00,1,39.136111111111106,38.72222222222222,1012.7833333333333,21.07444444444444,0.3349712700095865,4.315619663079252,23.981739197530864,0.5250743996124299,915,0.0,3.5166666666666675,17.339999999999993,598.3333333333334,-0.7071067811865471,-0.7071067811865479,0.0,1.0,A,20.49457142857143,35.23428571428571,46.82857142857143,0.5798730158730088,3.9018253968253944,-8.106349206349208,20.773017857142854,21.07444444444444,20.49457142857143,39.136111111111106,2
2023-07-10 18:00:00,1,28.64,53.357142857142854,1012.7800000000001,21.74657142857143,-0.04809489028533807,1.8298427665681567,13.358514285714286,0.73368999421631,0,0.0,6.3028571428571425,2.0299999999999994,32.57142857142857,-0.7071067811865477,0.7071067811865474,0.0,1.0,A,21.07444444444444,39.136111111111106,38.72222222222222,0.6721269841269901,-10.496111111111105,14.634920634920633,20.998202380952378,21.74657142857143,20.49457142857143,39.136111111111106,0
2023-07-11 00:00:00,1,24.27777777777778,61.763888888888886,1013.5166666666664,21.50166666666667,-0.03299058042707949,1.1600955006300875,9.282878086419755,0.8506153846153847,0,0.0,5.849999999999999,1.0800000000000003,9.666666666666666,0.7071067811865475,0.7071067811865476,0.7818314824680298,0.6234898018587336,A,21.74657142857143,28.64,53.357142857142854,-0.24490476190475974,-4.362222222222222,8.406746031746032,21.20431349206349,21.74657142857143,20.49457142857143,39.136111111111106,0
2023-07-11 06:00:00,1,35.69722222222222,46.09722222222222,1012.9055555555557,17.218611111111116,-1.8341798585379392,3.1495449787665817,19.24179436728395,0.46920747861630474,0,0.0,4.316666666666668,15.299999999999999,562.6666666666666,0.7071067811865476,-0.7071067811865475,0.7818314824680298,0.6234898018587336,A,21.50166666666667,24.27777777777778,61.763888888888886,-4.283055555555553,11.419444444444444,-15.666666666666664,20.385323412698412,21.74657142857143,17.218611111111116,39.136111111111106,0
2023-07-11 12:00:00,1,39.45277777777778,36.52777777777778,1010.0555555555555,14.202499999999999,0.013829342767567965,4.546642923788923,25.04155478395062,0.3510883746480807,0,0.0,3.133333333333333,17.399999999999995,610.8333333333334,-0.7071067811865471,-0.7071067811865479,0.7818314824680298,0.6234898018587336,A,17.218611111111116,35.69722222222222,46.09722222222222,-3.016111111111117,3.75555555555556,-9.569444444444443,18.667337301587303,21.74657142857143,14.202499999999999,39.45277777777778,0
2023-07-11 18:00:00,1,27.877142857142857,52.67142857142857,1009.3057142857142,14.145428571428571,-0.006050689465611314,1.776229377135543,13.193853469387756,0.48984861976847727,0,0.0,4.511428571428571,1.6700000000000002,32.91428571428571,-0.7071067811865477,0.7071067811865474,0.7818314824680298,0.6234898018587336,A,14.202499999999999,39.45277777777778,36.52777777777778,-0.057071428571427774,-11.575634920634926,16.143650793650792,16.767051587301587,21.50166666666667,14.145428571428571,39.45277777777778,0
2023-07-12 00:00:00,1,23.534285714285716,75.04285714285714,1010.7914285714285,14.098571428571427,-0.006958946950649676,0.7241359305897013,5.873485306122449,0.5746477233026668,0,0.0,10.311428571428571,1.11,7.2,0.7071067811865475,0.7071067811865476,0.9749279121818236,-0.22252093395631434,A,14.145428571428571,27.877142857142857,52.67142857142857,-0.04685714285714404,-4.342857142857142,22.371428571428574,14.916277777777779,17.218611111111116,14.098571428571427,39.45277777777778,0
2023-07-12 06:00:00,1,33.24,56.01428571428571,1011.6114285714289,14.153428571428572,0.017834239013520627,2.242506319262142,14.620851428571429,0.41335947930574096,0,0.0,3.8628571428571434,12.559999999999999,482.51428571428573,0.7071067811865476,-0.7071067811865475,0.9749279121818236,-0.22252093395631434,A,14.098571428571427,23.534285714285716,75.04285714285714,0.054857142857144936,9.705714285714286,-19.028571428571432,14.149982142857143,14.202499999999999,14.098571428571427,39.45277777777778,0
2023-07-12 12:00:00,1,36.888888888888886,43.43055555555556,1008.686111111111,28.725833333333338,5.229555513670215,3.5282020181800315,20.86783950617284,0.758159824046921,1370,0.0,8.883333333333335,17.219999999999995,560.0,-0.7071067811865471,-0.7071067811865479,0.9749279121818236,-0.22252093395631434,A,14.153428571428572,33.24,56.01428571428571,14.572404761904766,3.6488888888888837,-12.583730158730155,17.780815476190476,28.725833333333338,14.098571428571427,36.888888888888886,2
2023-07-12 18:00:00,1,27.711111111111112,67.88888888888889,1008.5083333333332,34.36916666666668,-1.0926855469045489,1.1935098080817097,8.898345679012346,1.1970684984520128,290,0.0,10.850000000000001,1.7400000000000002,29.166666666666668,-0.7071067811865477,0.7071067811865474,0.9749279121818236,-0.22252093395631434,A,28.725833333333338,36.888888888888886,43.43055555555556,5.6433333333333415,-9.177777777777774,24.45833333333333,22.836750000000002,34.36916666666668,14.098571428571427,36.888888888888886,1
2023-07-13 00:00:00,1,21.416666666666664,76.16666666666667,1009.8611111111111,31.45444444444444,-0.21466226133277574,0.6080772260299421,5.104305555555554,1.403172242874845,0,10.2,7.650000000000001,0.6000000000000001,4.333333333333333,0.7071067811865475,0.7071067811865476,0.43388373911755823,-0.900968867902419,A,34.36916666666668,27.711111111111112,67.88888888888889,-2.914722222222238,-6.294444444444448,8.277777777777786,27.175718253968256,34.36916666666668,14.153428571428572,36.888888888888886,0
2023-07-13 06:00:00,1,25.602857142857143,69.52857142857142,1010.7399999999998,30.365142857142857,-0.1922930744217189,1.0004767474391443,7.801556326530612,1.1414241220062291,0,264.6,5.714285714285714,7.73,317.74285714285713,0.7071067811865476,-0.7071067811865475,0.43388373911755823,-0.900968867902419,A,31.45444444444444,21.416666666666664,76.16666666666667,-1.089301587301584,4.186190476190479,-6.6380952380952465,31.22864682539683,34.36916666666668,28.725833333333338,36.888888888888886,0
2023-07-13 12:00:00,1,33.9388888888889,47.763888888888886,1008.8666666666666,28.786666666666665,-0.2652644425055831,2.7691342439408086,17.72835570987655,0.8239147718238191,0,1.2000000000000002,6.2,12.180000000000003,442.1666666666667,-0.7071067811865471,-0.7071067811865479,0.43388373911755823,-0.900968867902419,A,30.365142857142857,25.602857142857143,69.52857142857142,-1.5784761904761915,8.336031746031754,-21.76468253968254,31.24385515873016,34.36916666666668,28.786666666666665,33.9388888888889,0
2023-07-13 18:00:00,1,24.385714285714286,71.85714285714286,1011.1942857142858,27.719714285714286,-0.10798839270244512,0.8593987015741127,6.862836734693876,1.0919414743950477,0,0.0,8.088571428571427,1.37,33.08571428571429,-0.7071067811865477,0.7071067811865474,0.43388373911755823,-0.900968867902419,A,28.786666666666665,33.9388888888889,47.763888888888886,-1.0669523809523795,-9.553174603174611,24.093253968253975,29.58149206349206,31.45444444444444,27.719714285714286,33.9388888888889,0
2023-07-14 00:00:00,1,21.958333333333332,80.48611111111111,1013.1083333333331,27.235833333333336,-0.06862396980893205,0.5146249564730478,4.2849247685185174,1.1863157894736844,0,0.0,12.116666666666665,0.5399999999999999,6.0,0.7071067811865475,0.7071067811865476,-0.433883739117558,-0.9009688679024191,A,27.719714285714286,24.385714285714286,71.85714285714286,-0.4838809523809502,-2.427380952380954,8.628968253968253,28.526839285714285,30.365142857142857,27.235833333333336,33.9388888888889,0
2023-07-14 06:00:00,1,29.291428571428572,64.17142857142858,1013.2285714285714,30.602571428571434,2.1126270600398076,1.4595253543105753,10.494700408163263,1.0102716468590833,734,2.2,12.788571428571426,10.219999999999999,395.1714285714286,0.7071067811865476,-0.7071067811865475,-0.433883739117558,-0.9009688679024191,A,27.235833333333336,21.958333333333332,80.48611111111111,3.366738095238098,7.33309523809524,-16.314682539682536,28.58619642857143,30.602571428571434,27.235833333333336,33.9388888888889,1
2023-07-14 12:00:00,1,34.43611111111112,44.06944444444444,1010.4277777777778,35.02111111111111,-0.9209061977456323,3.0480989423213996,19.26030825617284,0.9882887826291447,717,0.6000000000000001,6.733333333333333,16.14,582.6666666666666,-0.7071067811865471,-0.7071067811865479,-0.433883739117558,-0.9009688679024191,A,30.602571428571434,29.291428571428572,64.17142857142858,4.418539682539677,5.144682539682545,-20.101984126984135,30.144807539682542,35.02111111111111,27.235833333333336,34.43611111111112,1
2023-07-14 18:00:00,1,25.50857142857143,64.95714285714286,1011.5400000000001,31.611142857142852,-0.20096958272575363,1.1441551702722461,8.93893224489796,1.192487605087303,0,0.0,5.09142857142857,1.31,31.714285714285715,-0.7071067811865477,0.7071067811865474,-0.433883739117558,-0.9009688679024191,A,35.02111111111111,34.43611111111112,44.06944444444444,-3.409968253968259,-8.927539682539688,20.887698412698413,31.117664682539683,35.02111111111111,27.235833333333336,34.43611111111112,0
2023-07-15 00:00:00,1,21.893939393939394,72.28787878787878,1012.3727272727272,30.654545454545453,-0.14036275003169993,0.7279662512887275,6.067275022956843,1.3389808074123095,0,0.0,4.578787878787878,0.3,7.878787878787879,0.7071067811865475,0.7071067811865476,-0.9749279121818236,-0.2225209339563146,A,31.611142857142852,25.50857142857143,64.95714285714286,-0.9565974025973993,-3.6146320346320344,7.330735930735926,31.972342712842714,35.02111111111111,30.602571428571434,34.43611111111112,0
2023-07-15 06:00:00,1,34.48857142857143,48.614285714285714,1012.0514285714287,29.59771428571429,-0.22712335499438552,2.8085784343690525,17.722198775510204,0.8340069237581516,0,0.0,3.7371428571428584,14.110000000000001,564.9428571428572,0.7071067811865476,-0.7071067811865475,-0.9749279121818236,-0.2225209339563146,A,30.654545454545453,21.893939393939394,72.28787878787878,-1.0568311688311631,12.594632034632038,-23.673593073593068,31.721128427128427,35.02111111111111,29.59771428571429,34.48857142857143,0
2023-07-15 12:00:00,1,38.02777777777778,39.166666666666664,1009.4916666666666,28.216388888888886,-0.23124714809352287,4.036118047520793,23.133564814814818,0.7229822064056939,0,0.0,4.633333333333334,17.4,620.0,-0.7071067811865471,-0.7071067811865479,-0.9749279121818236,-0.2225209339563146,A,29.59771428571429,34.48857142857143,48.614285714285714,-1.3813253968254031,3.5392063492063457,-9.44761904761905,30.01994787157287,31.611142857142852,28.216388888888886,38.02777777777778,0
2023-07-15 18:00:00,1,25.48857142857143,54.52857142857143,1010.0657142857142,27.162285714285716,-0.10821674277059642,1.4828888554624513,11.590017551020406,1.025434149498436,0,0.0,6.365714285714286,1.9800000000000002,33.08571428571429,-0.7071067811865477,0.7071067811865474,-0.9749279121818236,-0.2225209339563146,A,28.216388888888886,38.02777777777778,39.166666666666664,-1.0541031746031706,-12.53920634920635,15.361904761904768,28.907733585858587,30.654545454545453,27.162285714285716,38.02777777777778,0
2023-07-16 00:00:00,1,20.69722222222222,70.75,1010.613888888889,26.680555555555554,-0.0659655924948082,0.7140294569821783,6.053937499999999,1.2296760978107797,0,0.0,6.766666666666666,1.2600000000000002,8.666666666666666,0.7071067811865475,0.7071067811865476,-0.7818314824680299,0.6234898018587334,A,27.162285714285716,25.48857142857143,54.52857142857143,-0.4817301587301621,-4.79134920634921,16.221428571428568,27.91423611111111,29.59771428571429,26.680555555555554,38.02777777777778,0
2023-07-16 06:00:00,1,36.297222222222224,38.638888888888886,1010.7333333333333,26.278333333333336,-0.07494825850560902,3.705332959082123,22.27237885802469,0.7045654278692187,0,0.0,7.199999999999999,15.240000000000002,565.1666666666666,0.7071067811865476,-0.7071067811865475,-0.7818314824680299,0.6234898018587334,A,26.680555555555554,20.69722222222222,70.75,-0.4022222222222176,15.600000000000005,-32.111111111111114,27.08439087301587,28.216388888888886,26.278333333333336,38.02777777777778,0
2023-07-16 12:00:00,1,39.06764705882353,32.75,1009.0941176470587,25.467058823529413,-0.17312039254386188,4.718864048104701,26.272992647058825,0.6356015561917345,0,0.0,6.197058823529411,18.18,645.3235294117648,-0.7071067811865471,-0.7071067811865479,-0.7818314824680299,0.6234898018587334,A,26.278333333333336,36.297222222222224,38.638888888888886,-0.8112745098039227,2.7704248366013076,-5.888888888888886,26.397058356676006,27.162285714285716,25.467058823529413,39.06764705882353,0
2023-07-16 18:00:00,1,28.03888888888889,46.56944444444444,1010.5722222222224,24.75277777777778,-0.0795101244948339,2.024215443882532,14.981334104938274,0.8524009948345131,0,0.0,12.116666666666667,4.380000000000001,31.833333333333332,-0.7071067811865477,0.7071067811865474,-0.7818314824680299,0.6234898018587334,A,25.467058823529413,39.06764705882353,32.75,-0.7142810457516333,-11.02875816993464,13.819444444444443,25.79468137254902,26.680555555555554,24.75277777777778,39.06764705882353,0
2023-07-17 00:00:00,1,23.127777777777776,56.65277777777778,1011.9416666666663,24.421944444444442,-0.03749778651844632,1.227256889018486,10.025249228395062,1.012192033156804,0,0.0,11.499999999999996,2.5799999999999996,8.5,0.7071067811865475,0.7071067811865476,0.0,1.0,A,24.75277777777778,28.03888888888889,46.56944444444444,-0.330833333333338,-4.911111111111115,10.083333333333336,25.230028594771245,26.278333333333336,24.421944444444442,39.06764705882353,0
2023-07-17 06:00:00,1,37.357142857142854,36.81428571428572,1012.3542857142855,28.821142857142853,2.5681258644197245,4.0425653802658505,23.60437755102041,0.751389199255121,952,0.0,5.054285714285713,15.1,574.2571428571429,0.7071067811865476,-0.7071067811865475,0.0,1.0,A,24.421944444444442,23.127777777777776,56.65277777777778,4.399198412698411,14.229365079365078,-19.838492063492062,25.865730975723622,28.821142857142853,24.421944444444442,39.06764705882353,2
2023-07-17 12:00:00,1,39.22777777777778,33.15277777777778,1009.9305555555553,34.55694444444444,-0.8141445991522716,4.731052914942369,26.222679783950618,0.8590319016710397,666,0.0,6.633333333333335,19.140000000000008,626.0,-0.7071067811865471,-0.7071067811865479,0.0,1.0,A,28.821142857142853,37.357142857142854,36.81428571428572,5.735801587301587,1.8706349206349273,-3.661507936507938,28.13820238095238,34.55694444444444,24.421944444444442,39.22777777777778,1
2023-07-17 18:00:00,1,28.394444444444442,45.30555555555556,1011.2361111111109,30.78166666666667,-0.24979326967053825,2.1153711771235555,15.530183641975308,1.0471933471933474,0,0.0,19.216666666666665,6.3,30.5,-0.7071067811865477,0.7071067811865474,0.0,1.0,A,34.55694444444444,39.22777777777778,33.15277777777778,-3.77527777777777,-10.83333333333334,12.152777777777779,29.645424603174604,34.55694444444444,24.421944444444442,39.22777777777778,0
2023-07-18 00:00:00,1,21.634285714285713,75.8,1013.1999999999998,29.706285714285716,-0.12547622801541328,0.625707039219936,5.235497142857143,1.3124463519313305,0,0.0,7.685714285714288,1.7800000000000002,8.228571428571428,0.7071067811865475,0.7071067811865476,0.7818314824680298,0.6234898018587336,A,30.78166666666667,28.394444444444442,45.30555555555556,-1.0753809523809537,-6.760158730158729,30.49444444444444,30.96650992063492,34.55694444444444,28.821142857142853,39.22777777777778,0
2023-07-18 06:00:00,1,36.51428571428571,46.72857142857143,1013.4028571428571,28.568571428571428,-0.28180929907615504,3.2552573134708407,19.45168163265306,0.7615384615384615,0,0.0,4.105714285714285,14.389999999999999,543.5714285714286,0.7071067811865476,-0.7071067811865475,0.7818314824680298,0.6234898018587336,A,29.706285714285716,21.634285714285713,75.8,-1.1377142857142886,14.879999999999999,-29.07142857142857,30.903367063492063,34.55694444444444,28.568571428571428,39.22777777777778,0
2023-07-18 12:00:00,1,39.23333333333333,41.30555555555556,1009.122222222222,26.85611111111111,-0.26469049234787,4.155284285922706,23.027787037037037,0.6675089754211545,0,0.0,6.9333333333333345,19.799999999999997,645.3333333333334,-0.7071067811865471,-0.7071067811865479,0.7818314824680298,0.6234898018587336,A,28.568571428571428,36.51428571428571,46.72857142857143,-1.712460317460316,2.7190476190476147,-5.423015873015871,28.97815873015873,30.78166666666667,26.85611111111111,39.23333333333333,0
2023-07-18 18:00:00,1,29.511428571428574,60.885714285714286,1010.1742857142859,25.83971428571429,-0.09314405497253467,1.6136985832013746,11.54318448979592,0.8468864125854482,0,0.0,5.742857142857141,2.1099999999999994,30.142857142857142,-0.7071067811865477,0.7071067811865474,0.7818314824680298,0.6234898018587336,A,26.85611111111111,39.23333333333333,41.30555555555556,-1.0163968253968214,-9.721904761904753,19.58015873015873,27.742670634920636,29.706285714285716,25.83971428571429,39.23333333333333,0
2023-07-19 00:00:00,1,24.122222222222224,78.05555555555556,1009.7361111111111,25.466388888888886,-0.03943926171773312,0.659623180067987,5.2934876543209874,1.0136996904024766,0,0.0,9.533333333333333,1.1400000000000001,7.666666666666667,0.7071067811865475,0.7071067811865476,0.9749279121818236,-0.22252093395631434,A,25.83971428571429,29.511428571428574,60.885714285714286,-0.373325396825404,-5.389206349206351,17.16984126984127,26.68269642857143,28.568571428571428,25.466388888888886,39.23333333333333,0
2023-07-19 06:00:00,1,35.12285714285715,53.77142857142857,1008.122857142857,32.15971428571428,2.2716737832645695,2.616987440253775,16.23679510204082,0.8902871153998256,1677,0.0,10.168571428571425,13.9,493.8857142857143,0.7071067811865476,-0.7071067811865475,0.9749279121818236,-0.22252093395631434,A,25.466388888888886,24.122222222222224,78.05555555555556,6.693325396825394,11.000634920634926,-24.284126984126985,27.580482142857143,32.15971428571428,25.466388888888886,39.23333333333333,2
2023-07-19 12:00:00,1,37.18333333333334,38.27777777777778,1003.375,34.05888888888889,-1.0808664476640557,3.911797215021543,22.950379629629634,0.891983122362869,716,15.0,10.266666666666671,13.559999999999997,465.0,-0.7071067811865471,-0.7071067811865479,0.9749279121818236,-0.22252093395631434,A,32.15971428571428,35.12285714285715,53.77142857142857,1.8991746031746075,2.0604761904761872,-15.493650793650794,29.38117658730159,34.05888888888889,25.466388888888886,37.18333333333334,1
2023-07-19 18:00:00,1,28.428571428571427,49.77142857142857,1003.5828571428572,30.599714285714292,-0.1956965169133525,1.9465003981302422,14.279265306122447,1.0397961165048546,0,0.0,7.368571428571429,1.24,17.142857142857142,-0.7071067811865477,0.7071067811865474,0.9749279121818236,-0.22252093395631434,A,34.05888888888889,37.18333333333334,38.27777777777778,-3.4591746031745956,-8.75476190476191,11.493650793650794,30.571176587301586,34.05888888888889,25.466388888888886,37.18333333333334,0
2023-07-20 00:00:00,1,22.525,74.09722222222223,1006.2194444444447,29.679999999999993,-0.10484252722975411,0.7070752744720838,5.834600694444443,1.26163655685441,0,32.400000000000006,10.616666666666667,0.6000000000000001,7.166666666666667,0.7071067811865475,0.7071067811865476,0.43388373911755823,-0.900968867902419,A,30.599714285714292,28.428571428571427,49.77142857142857,-0.9197142857142993,-5.9035714285714285,24.325793650793656,31.624579365079363,34.05888888888889,29.679999999999993,37.18333333333334,0
2023-07-20 06:00:00,1,34.727777777777774,44.25,1005.9083333333333,28.234166666666667,-0.47168764641080624,3.0877877614523963,19.36073611111111,0.7902581247084436,0,0.0,5.499999999999998,13.620000000000005,532.5,0.7071067811865476,-0.7071067811865475,0.43388373911755823,-0.900968867902419,A,29.679999999999993,22.525,74.09722222222223,-1.4458333333333258,12.202777777777776,-29.84722222222223,30.64319246031746,34.05888888888889,28.234166666666667,37.18333333333334,0
2023-07-20 12:00:00,1,37.0029411764706,40.279411764705884,1003.0764705882352,26.37676470588235,-0.199793681723771,3.7479568071343556,22.098374134948102,0.6940716662796994,0,0.0,7.155882352941177,16.599999999999994,605.0882352941177,-0.7071067811865471,-0.7071067811865479,0.43388373911755823,-0.900968867902419,A,28.234166666666667,34.727777777777774,44.25,-1.8574019607843155,2.2751633986928255,-3.970588235294116,28.722661414565827,30.599714285714292,26.37676470588235,37.0029411764706,0
2023-07-20 18:00:00,1,26.28611111111111,66.11111111111111,1003.4555555555556,25.55388888888889,-0.060171852744817664,1.1585638204106843,8.908070987654321,0.9365163392039092,0,0.0,9.899999999999999,3.1200000000000006,25.166666666666668,-0.7071067811865477,0.7071067811865474,0.43388373911755823,-0.900968867902419,A,26.37676470588235,37.0029411764706,40.279411764705884,-0.8228758169934629,-10.716830065359488,25.83169934640523,27.461205065359476,29.679999999999993,25.55388888888889,37.0029411764706,0
2023-07-21 00:00:00,1,23.923529411764704,74.20588235294117,1004.4617647058823,25.24264705882353,-0.04495029402371747,0.7661494980858894,6.170863321799308,1.0128038706632052,0,3.5999999999999996,6.261764705882353,0.6700000000000002,6.470588235294118,0.7071067811865475,0.7071067811865476,-0.433883739117558,-0.9009688679024191,A,25.55388888888889,26.28611111111111,66.11111111111111,-0.31124183006535944,-2.362581699346407,8.09477124183006,26.351866830065358,28.234166666666667,25.24264705882353,37.0029411764706,0
2023-07-21 06:00:00,1,33.577777777777776,47.916666666666664,1003.5388888888889,26.258333333333333,0.976531943207301,2.7059783942714906,17.488425925925927,0.7593991002570695,603,0.6,11.08333333333333,11.879999999999999,429.1666666666667,0.7071067811865476,-0.7071067811865475,-0.433883739117558,-0.9009688679024191,A,25.24264705882353,23.923529411764704,74.20588235294117,1.0156862745098039,9.654248366013071,-26.28921568627451,25.857908496732026,26.37676470588235,25.24264705882353,37.0029411764706,1
2023-07-21 12:00:00,1,32.32222222222222,47.791666666666664,1002.9416666666667,34.89944444444445,0.3519079743341175,2.5279484448454013,16.87489351851852,1.0473324441480494,1849,0.0,12.483333333333334,13.860000000000003,511.0,-0.7071067811865471,-0.7071067811865479,-0.433883739117558,-0.9009688679024191,A,26.258333333333333,33.577777777777776,47.916666666666664,8.641111111111115,-1.2555555555555529,-0.125,27.98857843137255,34.89944444444445,25.24264705882353,33.577777777777776,2
2023-07-21 18:00:00,1,24.58857142857143,69.57142857142857,1005.7971428571427,35.28685714285714,-0.2555995349936653,0.9405379891008967,7.481951020408164,1.379008485931219,1309,1.2000000000000002,5.948571428571429,1.24,28.8,-0.7071067811865477,0.7071067811865474,-0.433883739117558,-0.9009688679024191,A,34.89944444444445,32.32222222222222,47.791666666666664,0.3874126984126889,-7.733650793650792,21.779761904761905,30.421820494864612,35.28685714285714,25.24264705882353,33.577777777777776,2
2023-07-22 00:00:00,1,19.57777777777778,87.23611111111111,1008.4833333333331,34.36194444444445,0.03440044700900201,0.2907435321156926,2.498885802469135,1.6698569114470843,519,0.0,6.666666666666668,0.23999999999999996,6.666666666666667,0.7071067811865475,0.7071067811865476,-0.9749279121818236,-0.2225209339563146,A,35.28685714285714,24.58857142857143,69.57142857142857,-0.9249126984126903,-5.0107936507936515,17.664682539682545,32.70164484126984,35.28685714285714,26.258333333333333,33.577777777777776,1
2023-07-22 06:00:00,1,31.283333333333335,54.583333333333336,1009.1999999999999,33.03805555555555,-0.5858347880390515,2.0735295740937385,14.20784722222222,1.0233780760626399,76,14.4,5.716666666666669,8.099999999999998,321.5,0.7071067811865476,-0.7071067811865475,-0.9749279121818236,-0.2225209339563146,A,34.36194444444445,19.57777777777778,87.23611111111111,-1.323888888888895,11.705555555555556,-32.65277777777778,34.3965753968254,35.28685714285714,33.03805555555555,32.32222222222222,1
2023-07-22 12:00:00,1,30.388888888888882,56.486111111111114,1008.6972222222224,30.84416666666667,-0.257196924338922,1.8879078806405416,13.223387345679008,0.9826460176991153,0,15.600000000000001,8.550000000000002,12.24,453.1666666666667,-0.7071067811865471,-0.7071067811865479,-0.9749279121818236,-0.2225209339563146,A,33.03805555555555,31.283333333333335,54.583333333333336,-2.193888888888882,-0.8944444444444528,1.9027777777777786,33.382755952380954,35.28685714285714,30.84416666666667,31.283333333333335,0
2023-07-22 18:00:00,1,21.091666666666665,79.76388888888889,1010.1194444444443,29.85111111111111,-0.09961879392413008,0.5061138743577418,4.268133101851851,1.3512385263422608,0,0.0,6.533333333333333,1.44,28.166666666666668,-0.7071067811865477,0.7071067811865474,-0.9749279121818236,-0.2225209339563146,A,30.84416666666667,30.388888888888882,56.486111111111114,-0.9930555555555607,-9.297222222222217,23.27777777777777,32.02381944444444,34.36194444444445,29.85111111111111,31.283333333333335,0
2023-07-23 00:00:00,1,19.147222222222226,87.83333333333333,1011.9638888888888,29.357222222222227,-0.07790750422229553,0.269814941939722,2.329578703703705,1.4571349786295327,0,0.0,12.683333333333334,1.02,5.666666666666667,0.7071067811865475,0.7071067811865476,-0.7818314824680299,0.6234898018587334,A,29.85111111111111,21.091666666666665,79.76388888888889,-0.4938888888888826,-1.9444444444444393,8.069444444444443,30.77263888888889,33.03805555555555,29.357222222222227,31.283333333333335,0
2023-07-23 06:00:00,1,32.386111111111106,51.80555555555556,1011.9749999999999,28.618333333333332,-0.2141991854117249,2.3420123293087185,15.60830632716049,0.8571927781013396,0,0.0,5.950000000000001,13.079999999999998,510.1666666666667,0.7071067811865476,-0.7071067811865475,-0.7818314824680299,0.6234898018587334,A,29.357222222222227,19.147222222222226,87.83333333333333,-0.7388888888888943,13.23888888888888,-36.02777777777777,29.667708333333334,30.84416666666667,28.618333333333332,32.386111111111106,0
2023-07-23 12:00:00,1,36.0,40.57142857142857,1009.1971428571429,27.310285714285712,-0.17468580896679556,3.530650062681397,21.394285714285715,0.73811583011583,0,0.0,6.248571428571428,16.930000000000003,590.3142857142857,-0.7071067811865471,-0.7071067811865479,-0.7818314824680299,0.6234898018587334,A,28.618333333333332,32.386111111111106,51.80555555555556,-1.3080476190476205,3.6138888888888943,-11.234126984126988,28.784238095238095,29.85111111111111,27.310285714285712,36.0,0
2023-07-23 18:00:00,1,23.75277777777778,60.31944444444444,1009.4444444444445,26.650277777777774,-0.08076615945069847,1.1665786942950223,9.425234182098766,1.0766580630681177,0,0.0,11.1,4.2,28.166666666666668,-0.7071067811865477,0.7071067811865474,-0.7818314824680299,0.6234898018587334,A,27.310285714285712,36.0,40.57142857142857,-0.6600079365079381,-12.24722222222222,19.748015873015873,27.98402976190476,29.357222222222227,26.650277777777774,36.0,0
2023-07-24 00:00:00,1,17.924999999999997,78.75,1009.2027777777777,26.311666666666667,-0.034670177008899836,0.43653365772341357,3.8090624999999996,1.3903126376045798,0,0.0,6.85,1.3800000000000001,6.333333333333333,0.7071067811865475,0.7071067811865476,0.0,1.0,A,26.650277777777774,23.75277777777778,60.31944444444444,-0.3386111111111063,-5.827777777777783,18.430555555555557,27.22264087301587,28.618333333333332,26.311666666666667,36.0,0
2023-07-24 06:00:00,1,27.685714285714283,63.24285714285714,1007.5371428571427,16.021714285714285,-1.8046070038571298,1.3641707372292853,10.176477551020406,0.5585258964143427,0,3.500000000000001,5.114285714285714,11.089999999999998,421.8857142857143,0.7071067811865476,-0.7071067811865475,0.0,1.0,A,26.311666666666667,17.924999999999997,78.75,-10.289952380952382,9.760714285714286,-15.50714285714286,24.07348611111111,27.310285714285712,16.021714285714285,36.0,0
2023-07-24 12:00:00,1,33.33333333333334,51.541666666666664,1003.1027777777776,28.054166666666667,2.853420669234009,2.483472246762743,16.152777777777782,0.8171116504854367,1830,0.0,12.666666666666666,16.32,519.0,-0.7071067811865471,-0.7071067811865479,0.0,1.0,A,16.021714285714285,27.685714285714283,63.24285714285714,12.032452380952382,5.6476190476190595,-11.701190476190476,24.25945634920635,28.054166666666667,16.021714285714285,33.33333333333334,2
2023-07-24 18:00:00,1,26.063888888888886,71.66666666666667,1001.3027777777778,27.77722222222222,-0.9555081913615524,0.956010845556095,7.384768518518517,1.0263573847890795,153,0.0,12.499999999999996,2.6399999999999992,20.5,-0.7071067811865477,0.7071067811865474,0.0,1.0,A,28.054166666666667,33.33333333333334,51.541666666666664,-0.276944444444446,-7.269444444444456,20.125000000000007,24.54119246031746,28.054166666666667,16.021714285714285,33.33333333333334,1
2023-07-25 00:00:00,1,21.858333333333334,79.5,999.7694444444446,25.713333333333335,-0.10809392580378231,0.5373433888027521,4.480958333333333,1.124899744804958,0,0.0,7.233333333333334,0.6000000000000001,1.5,0.7071067811865475,0.7071067811865476,0.7818314824680298,0.6234898018587336,A,27.77722222222222,26.063888888888886,71.66666666666667,-2.0638888888888864,-4.205555555555552,7.833333333333329,24.39160912698413,28.054166666666667,16.021714285714285,33.33333333333334,0
2023-07-25 06:00:00,1,25.355555555555554,72.77777777777777,999.0777777777777,28.09027777777778,-0.2640105285227252,0.8807723071452309,6.902345679012346,1.0658199831365938,0,0.0,6.200000000000001,8.040000000000001,297.8333333333333,0.7071067811865476,-0.7071067811865475,0.7818314824680298,0.6234898018587336,A,25.713333333333335,21.858333333333334,79.5,2.376944444444444,3.49722222222222,-6.7222222222222285,27.408749999999998,28.09027777777778,25.713333333333335,33.33333333333334,0
2023-07-25 12:00:00,1,30.491666666666667,51.333333333333336,996.2583333333334,25.749166666666667,-0.18845870240630344,2.123910927894051,14.83927777777778,0.8176501720031755,0,1.7999999999999998,8.116666666666667,13.260000000000002,444.3333333333333,-0.7071067811865471,-0.7071067811865479,0.7818314824680298,0.6234898018587336,A,28.09027777777778,25.355555555555554,72.77777777777777,-2.341111111111111,5.136111111111113,-21.444444444444436,26.8325,28.09027777777778,25.713333333333335,30.491666666666667,0
2023-07-25 18:00:00,1,22.680555555555557,62.541666666666664,997.2944444444444,25.020555555555557,-0.032882668486716865,1.0322060146819207,8.495758101851854,1.0565865102639296,0,42.6,10.866666666666665,2.7600000000000007,25.0,-0.7071067811865477,0.7071067811865474,0.7818314824680298,0.6234898018587336,A,25.749166666666667,30.491666666666667,51.333333333333336,-0.7286111111111104,-7.81111111111111,11.208333333333329,26.143333333333334,28.09027777777778,25.020555555555557,30.491666666666667,0
2023-07-26 00:00:00,1,19.12941176470588,76.69117647058823,1001.5235294117646,24.79176470588235,-0.02719188931117584,0.5163363496189566,4.4588408304498275,1.2316189362945646,0,2.4000000000000004,6.1000000000000005,0.6100000000000001,5.4411764705882355,0.7071067811865475,0.7071067811865476,0.9749279121818236,-0.22252093395631434,A,25.020555555555557,22.680555555555557,62.541666666666664,-0.2287908496732065,-3.551143790849679,14.149509803921568,25.91294117647059,28.09027777777778,24.79176470588235,30.491666666666667,0
2023-07-26 06:00:00,1,30.45555555555556,38.25,1004.4444444444445,24.78055555555556,0.0021726450146323127,2.689337489844667,18.806305555555557,0.787795831861533,0,0.0,5.916666666666667,13.26,530.8333333333334,0.7071067811865476,-0.7071067811865475,0.9749279121818236,-0.22252093395631434,A,24.79176470588235,19.12941176470588,76.69117647058823,-0.011209150326791928,11.326143790849681,-38.44117647058823,25.085510620915034,25.749166666666667,24.78055555555556,30.491666666666667,0
2023-07-26 12:00:00,1,33.06111111111111,27.666666666666668,1004.1361111111112,24.265277777777776,-0.11714629978926848,3.6509641807214788,23.914203703703706,0.7124041755015494,0,0.6000000000000001,8.616666666666669,17.940000000000005,623.5,-0.7071067811865471,-0.7071067811865479,0.9749279121818236,-0.22252093395631434,A,24.78055555555556,30.45555555555556,38.25,-0.5152777777777828,2.6055555555555507,-10.583333333333332,24.71453839869281,25.020555555555557,24.265277777777776,33.06111111111111,0
2023-07-26 18:00:00,1,19.208823529411767,64.20588235294117,1007.670588235294,23.790882352941175,-0.04150998811271362,0.7968430208780755,6.875628892733564,1.1772522194731478,0,0.0,8.735294117647058,2.5799999999999996,29.11764705882353,-0.7071067811865477,0.7071067811865474,0.9749279121818236,-0.22252093395631434,A,24.265277777777776,33.06111111111111,27.666666666666668,-0.4743954248366009,-13.852287581699343,36.5392156862745,24.407120098039215,24.79176470588235,23.790882352941175,33.06111111111111,0
2023-07-27 00:00:00,1,16.441666666666666,83.16666666666667,1011.3444444444443,23.52722222222222,-0.05151211749740728,0.31482043845215024,2.7676805555555557,1.3489090619525401,0,0.0,10.366666666666667,0.7200000000000001,6.0,0.7071067811865475,0.7071067811865476,0.43388373911755823,-0.900968867902419,A,23.790882352941175,19.208823529411767,64.20588235294117,-0.26366013071895367,-2.7671568627451,18.960784313725497,24.090984477124184,24.78055555555556,23.52722222222222,33.06111111111111,0
2023-07-27 06:00:00,1,27.151428571428575,54.1,1011.9171428571428,23.165142857142854,-0.08414462518007322,1.6510859328640763,12.462505714285715,0.8228762813356336,0,0.0,8.685714285714287,12.879999999999999,546.1142857142858,0.7071067811865476,-0.7071067811865475,0.43388373911755823,-0.900968867902419,A,23.52722222222222,16.441666666666666,83.16666666666667,-0.3620793650793672,10.709761904761908,-29.06666666666667,23.687131302521006,24.265277777777776,23.165142857142854,33.06111111111111,0
2023-07-27 12:00:00,1,32.71714285714285,37.92857142857143,1008.7228571428574,22.522,-0.09651947648852785,3.0730865283642674,20.307997959183673,0.6679688162020168,0,0.0,6.708571428571428,14.29,541.9142857142857,-0.7071067811865471,-0.7071067811865479,0.43388373911755823,-0.900968867902419,A,23.165142857142854,27.151428571428575,54.1,-0.6431428571428555,5.565714285714279,-16.17142857142857,23.251311858076562,23.790882352941175,22.522,32.71714285714285,0
2023-07-27 18:00:00,1,20.702777777777776,69.22222222222223,1009.5250000000002,22.127777777777776,-0.04135758881797151,0.7515814705775692,6.3718549382716025,1.019582746704211,0,0.0,5.883333333333334,1.5,26.333333333333332,-0.7071067811865477,0.7071067811865474,0.43388373911755823,-0.900968867902419,A,22.522,32.71714285714285,37.92857142857143,-0.39422222222222203,-12.014365079365078,31.293650793650798,22.83553571428571,23.52722222222222,22.127777777777776,32.71714285714285,0
2023-07-28 00:00:00,1,17.66285714285715,69.85714285714286,1009.4599999999999,21.905714285714282,-0.038597592825117856,0.6090785830397829,5.324089795918368,1.1737599510104098,0,0.0,6.508571428571429,0.6300000000000001,4.9714285714285715,0.7071067811865475,0.7071067811865476,-0.433883739117558,-0.9009688679024191,A,22.127777777777776,20.702777777777776,69.22222222222223,-0.2220634920634943,-3.0399206349206267,0.6349206349206327,22.430158730158727,23.165142857142854,21.905714285714282,32.71714285714285,0
2023-07-28 06:00:00,1,29.69428571428572,47.25714285714286,1009.6571428571426,22.14914285714286,0.5532793527693814,2.1989696355476203,15.661614693877551,0.7216047658940705,349,0.0,7.022857142857143,13.300000000000002,526.6285714285714,0.7071067811865476,-0.7071067811865475,-0.433883739117558,-0.9009688679024191,A,21.905714285714282,17.66285714285715,69.85714285714286,0.2434285714285771,12.03142857142857,-22.6,22.17615873015873,22.522,21.905714285714282,32.71714285714285,1
2023-07-28 12:00:00,1,32.202777777777776,43.40277777777778,1007.6111111111111,29.585277777777776,-0.6670262203279604,2.722061019969664,18.225877700617282,0.8910482724002342,709,0.0,12.299999999999999,17.28,561.3333333333334,-0.7071067811865471,-0.7071067811865479,-0.433883739117558,-0.9009688679024191,A,22.14914285714286,29.69428571428572,47.25714285714286,7.436134920634917,2.5084920634920564,-3.854365079365081,23.94197817460317,29.585277777777776,21.905714285714282,32.202777777777776,1
2023-07-28 18:00:00,1,23.783333333333335,64.55555555555556,1008.8694444444443,26.480833333333333,-0.15052262706743982,1.0439564599057547,8.429870370370372,1.068493611297915,0,0.0,16.533333333333328,3.7799999999999994,24.333333333333332,-0.7071067811865477,0.7071067811865474,-0.433883739117558,-0.9009688679024191,A,29.585277777777776,32.202777777777776,43.40277777777778,-3.104444444444443,-8.41944444444444,21.15277777777778,25.030242063492064,29.585277777777776,21.905714285714282,32.202777777777776,0
2023-07-29 00:00:00,1,20.094117647058823,81.44117647058823,1010.0088235294119,25.87323529411764,-0.0767348805652889,0.4364922451489359,3.729231833910036,1.2265616285554934,0,0.0,8.53529411764706,0.81,5.647058823529412,0.7071067811865475,0.7071067811865476,-0.9749279121818236,-0.2225209339563146,A,26.480833333333333,23.783333333333335,64.55555555555556,-0.6075980392156914,-3.689215686274512,16.885620915032675,26.022122315592902,29.585277777777776,22.14914285714286,32.202777777777776,0
2023-07-29 06:00:00,1,32.88823529411764,49.36764705882353,1009.6882352941177,28.301764705882352,1.4474860563640195,2.530958999289871,16.652087370242214,0.8351501475438293,871,0.0,2.4499999999999997,11.91,496.8235294117647,0.7071067811865476,-0.7071067811865475,-0.9749279121818236,-0.2225209339563146,A,25.87323529411764,20.094117647058823,81.44117647058823,2.4285294117647105,12.794117647058819,-32.0735294117647,27.560277777777777,29.585277777777776,25.87323529411764,32.88823529411764,2
2023-07-29 12:00:00,1,34.858333333333334,43.06944444444444,1006.6472222222224,29.973055555555554,-0.4644766872016382,3.176044535632777,19.845042824074074,0.835874196297157,700,0.0,11.916666666666664,17.939999999999998,565.6666666666666,-0.7071067811865471,-0.7071067811865479,-0.9749279121818236,-0.2225209339563146,A,28.301764705882352,32.88823529411764,49.36764705882353,1.671290849673202,1.9700980392156922,-6.298202614379086,27.65722222222222,29.973055555555554,25.87323529411764,34.858333333333334,1
2023-07-29 18:00:00,1,25.66176470588235,59.19117647058823,1007.3117647058823,26.736764705882354,-0.21015108940294236,1.3445743173181326,10.4722642733564,1.0028130170987315,0,0.0,18.811764705882354,4.73,20.0,-0.7071067811865477,0.7071067811865474,-0.9749279121818236,-0.2225209339563146,A,29.973055555555554,34.858333333333334,43.06944444444444,-3.2362908496731997,-9.196568627450983,16.12173202614379,27.721205065359474,29.973055555555554,25.87323529411764,34.858333333333334,0
2023-07-30 00:00:00,1,20.869444444444447,76.68055555555556,1008.9611111111111,25.92083333333333,-0.08377081857783046,0.5753212657282947,4.866638503086421,1.1852533976883015,0,0.0,9.116666666666665,1.08,5.166666666666667,0.7071067811865475,0.7071067811865476,-0.7818314824680299,0.6234898018587334,A,26.736764705882354,25.66176470588235,59.19117647058823,-0.8159313725490236,-4.792320261437904,17.489379084967325,27.7331045751634,29.973055555555554,25.92083333333333,34.858333333333334,0
2023-07-30 06:00:00,1,32.3735294117647,48.720588235294116,1008.5617647058821,25.37529411764706,-0.1281008515179481,2.4901604337586303,16.600955449826987,0.7603419406010401,0,0.0,4.479411764705882,12.7,523.6176470588235,0.7071067811865476,-0.7071067811865475,-0.7818314824680299,0.6234898018587334,A,25.92083333333333,20.869444444444447,76.68055555555556,-0.5455392156862722,11.504084967320253,-27.95996732026144,27.001486928104576,29.973055555555554,25.37529411764706,34.858333333333334,0
2023-07-30 12:00:00,1,35.87142857142858,41.94285714285714,1006.1657142857143,24.67628571428571,-0.1092599199323578,3.4249161905022625,20.82592653061225,0.6692522278186747,0,0.0,2.7742857142857145,15.04,571.4857142857143,-0.7071067811865471,-0.7071067811865479,-0.7818314824680299,0.6234898018587334,A,25.37529411764706,32.3735294117647,48.720588235294116,-0.6990084033613471,3.4978991596638807,-6.777731092436973,25.677294467787114,26.736764705882354,24.67628571428571,35.87142857142858,0
2023-07-30 18:00:00,1,26.15142857142857,67.07142857142857,1007.4914285714287,24.25057142857143,-0.04070784123360821,1.1168210399484226,8.611291836734694,0.8931600547195623,0,0.0,5.742857142857142,1.54,23.142857142857142,-0.7071067811865477,0.7071067811865474,-0.7818314824680299,0.6234898018587334,A,24.67628571428571,35.87142857142858,41.94285714285714,-0.4257142857142817,-9.72000000000001,25.128571428571426,25.055746148459384,25.92083333333333,24.25057142857143,35.87142857142858,0
2023-07-31 00:00:00,1,20.82571428571428,87.31428571428572,1009.0771428571428,23.966285714285714,-0.03929984816423045,0.3121326622231142,2.6418906122448957,1.0980756643539733,0,0.0,7.665714285714286,0.6900000000000001,4.142857142857143,0.7071067811865475,0.7071067811865476,0.0,1.0,A,24.25057142857143,26.15142857142857,67.07142857142857,-0.2842857142857156,-5.325714285714291,20.242857142857147,24.56710924369748,25.37529411764706,23.966285714285714,35.87142857142858,0
2023-07-31 06:00:00,1,30.961764705882356,57.088235294117645,1009.1823529411766,25.026176470588236,1.0491444144229476,1.9236580898663433,13.286239619377167,0.7830035888469679,574,0.0,10.16764705882353,11.669999999999998,447.1764705882353,0.7071067811865476,-0.7071067811865475,0.0,1.0,A,23.966285714285714,20.82571428571428,87.31428571428572,1.0598907563025222,10.136050420168075,-30.22605042016807,24.479829831932772,25.026176470588236,23.966285714285714,35.87142857142858,1
2023-07-31 12:00:00,1,34.28823529411765,46.36764705882353,1006.0235294117648,31.754117647058827,0.1795502493357251,2.898948604179877,18.389587370242218,0.8998499749958327,1724,0.0,5.932352941176471,14.98,558.2941176470588,-0.7071067811865471,-0.7071067811865479,0.0,1.0,A,25.026176470588236,30.961764705882356,57.088235294117645,6.7279411764705905,3.326470588235292,-10.720588235294116,26.249287815126053,31.754117647058827,23.966285714285714,34.28823529411765,2
2023-07-31 18:00:00,1,23.482857142857142,73.28571428571429,1005.9485714285713,28.330000000000002,-0.5288002667277965,0.7727217547670118,6.273277551020407,1.1571361885867664,0,0.0,4.6714285714285735,1.3800000000000001,21.6,-0.7071067811865477,0.7071067811865474,0.0,1.0,A,31.754117647058827,34.28823529411765,46.36764705882353,-3.424117647058825,-10.805378151260506,26.918067226890763,27.269144957983194,31.754117647058827,23.966285714285714,34.28823529411765,0
2023-08-01 00:00:00,1,19.774999999999995,73.0,1003.7111111111111,27.510000000000005,-0.11971231800494246,0.6225959741660765,5.339249999999999,1.3241877256317696,0,0.0,5.933333333333334,1.0800000000000003,4.166666666666667,0.7071067811865475,0.7071067811865476,0.7818314824680298,0.6234898018587336,A,28.330000000000002,23.482857142857142,73.28571428571429,-0.8199999999999967,-3.707857142857147,-0.2857142857142918,28.15507352941177,31.754117647058827,25.026176470588236,34.28823529411765,0
2023-08-01 06:00:00,1,29.838235294117652,49.64705882352941,1001.2088235294117,27.138823529411766,-0.11174826176999941,2.1167643360665793,15.024429065743947,0.8800381497377204,0,0.0,12.555882352941174,13.319999999999999,465.94117647058823,0.7071067811865476,-0.7071067811865475,0.7818314824680298,0.6234898018587336,A,27.510000000000005,19.774999999999995,73.0,-0.37117647058823877,10.063235294117657,-23.352941176470587,28.68323529411765,31.754117647058827,27.138823529411766,34.28823529411765,0
2023-08-01 12:00:00,1,31.43142857142857,43.642857142857146,998.2142857142857,26.388857142857148,-0.04014796673160799,2.5947518935261846,17.713855102040817,0.8136816139547178,0,0.0,19.56285714285714,17.949999999999996,536.9714285714285,-0.7071067811865471,-0.7071067811865479,0.7818314824680298,0.6234898018587336,A,27.138823529411766,29.838235294117652,49.64705882352941,-0.7499663865546182,1.5931932773109168,-6.004201680672267,27.34192016806723,28.330000000000002,26.388857142857148,31.43142857142857,0
2023-08-01 18:00:00,1,24.33888888888889,56.69444444444444,999.625,26.1,-0.04497872693030467,1.3187208991377053,10.540091049382715,1.0300372725279545,0,0.0,9.383333333333331,2.6999999999999993,19.5,-0.7071067811865477,0.7071067811865474,0.7818314824680298,0.6234898018587336,A,26.388857142857148,31.43142857142857,43.642857142857146,-0.2888571428571467,-7.09253968253968,13.051587301587297,26.78442016806723,27.510000000000005,26.1,31.43142857142857,0
2023-08-02 00:00:00,1,20.413888888888888,76.56944444444444,1002.5305555555556,25.69555555555556,-0.041234372213891264,0.5620675074559249,4.783087577160494,1.1999481125956677,0,0.0,9.75,0.7200000000000002,4.333333333333333,0.7071067811865475,0.7071067811865476,0.9749279121818236,-0.22252093395631434,A,26.1,24.33888888888889,56.69444444444444,-0.40444444444444017,-3.9250000000000007,19.875,26.33080905695612,27.138823529411766,25.69555555555556,31.43142857142857,0
2023-08-02 06:00:00,1,30.262857142857136,55.2,1003.2342857142859,28.38314285714286,1.7742619955549872,1.9297412702694112,13.557759999999996,0.9078870407603732,838,0.0,10.542857142857144,12.77,504.0571428571429,0.7071067811865476,-0.7071067811865475,0.9749279121818236,-0.22252093395631434,A,25.69555555555556,20.413888888888888,76.56944444444444,2.6875873015872997,9.848968253968248,-21.36944444444444,26.641888888888893,28.38314285714286,25.69555555555556,31.43142857142857,2
2023-08-02 12:00:00,1,34.34571428571428,39.885714285714286,1000.3085714285716,33.07342857142857,-0.2422299276431802,3.2597028742548337,20.64668081632653,0.9357125535526637,1274,0.0,10.962857142857144,17.06,571.8285714285714,-0.7071067811865471,-0.7071067811865479,0.9749279121818236,-0.22252093395631434,A,28.38314285714286,30.262857142857136,55.2,4.690285714285711,4.082857142857144,-15.314285714285717,28.313031746031747,33.07342857142857,25.69555555555556,34.34571428571428,2
2023-08-02 18:00:00,1,25.352777777777778,55.65277777777778,1000.7888888888888,29.5175,-0.2465982421633566,1.4346132383025374,11.243252700617285,1.1200906503636554,0,0.0,6.866666666666665,2.04,23.166666666666668,-0.7071067811865477,0.7071067811865474,0.9749279121818236,-0.22252093395631434,A,33.07342857142857,34.34571428571428,39.885714285714286,-3.5559285714285735,-8.992936507936502,15.767063492063492,29.16740674603175,33.07342857142857,25.69555555555556,34.34571428571428,0
2023-08-03 00:00:00,1,23.297222222222224,68.83333333333333,1000.9388888888888,28.651111111111113,-0.0006933547716790298,0.8914731381296435,7.260967592592595,1.1791928661255286,0,0.0,6.416666666666667,0.9000000000000001,4.0,0.7071067811865475,0.7071067811865476,0.43388373911755823,-0.900968867902419,A,29.5175,25.352777777777778,55.65277777777778,-0.8663888888888849,-2.0555555555555536,13.18055555555555,29.906295634920635,33.07342857142857,28.38314285714286,34.34571428571428,0
2023-08-03 06:00:00,1,33.308571428571426,47.15714285714286,1000.7342857142859,28.162571428571425,-0.17453174848881714,2.7044275553551334,17.601200816326532,0.82086109260493,0,0.0,10.408571428571431,12.68,446.25714285714287,0.7071067811865476,-0.7071067811865475,0.43388373911755823,-0.900968867902419,A,28.651111111111113,23.297222222222224,68.83333333333333,-0.48853968253968816,10.011349206349202,-21.67619047619047,29.851152777777777,33.07342857142857,28.162571428571425,34.34571428571428,0
2023-08-03 12:00:00,1,32.322580645161295,44.645161290322584,1000.1935483870968,27.247096774193558,-0.06528864489409404,2.680357655436246,17.892112382934442,0.8176766698935142,0,0.0,24.164516129032254,14.309999999999997,454.61290322580646,-0.7071067811865471,-0.7071067811865479,0.43388373911755823,-0.900968867902419,A,28.162571428571425,33.308571428571426,47.15714285714286,-0.9154746543778671,-0.9859907834101307,-2.5119815668202747,28.394569828469024,29.5175,27.247096774193558,33.308571428571426,0
2023-08-03 18:00:00,1,26.033333333333335,48.43939393939394,1000.6030303030303,26.70636363636363,-0.10357077684852237,1.7365968370638662,13.422944444444445,0.9879049433919961,0,0.0,12.93939393939394,3.6999999999999997,21.484848484848484,-0.7071067811865477,0.7071067811865474,0.43388373911755823,-0.900968867902419,A,27.247096774193558,32.322580645161295,44.645161290322584,-0.5407331378299283,-6.28924731182796,3.794232649071354,27.69178573755993,28.651111111111113,26.70636363636363,33.308571428571426,0
2023-08-04 00:00:00,1,21.757142857142856,57.6,1001.3285714285714,26.388571428571428,-0.023103174493409984,1.1045396786964348,9.22502857142857,1.1595731324544885,0,0.0,5.885714285714286,1.0000000000000002,4.285714285714286,0.7071067811865475,0.7071067811865476,-0.433883739117558,-0.9009688679024191,A,26.70636363636363,26.033333333333335,48.43939393939394,-0.31779220779220196,-4.276190476190479,9.160606060606064,27.126150816925012,28.162571428571425,26.388571428571428,33.308571428571426,0
2023-08-04 06:00:00,1,26.457142857142856,49.9,1002.3257142857141,25.96028571428571,-0.0803885355474534,1.7301304440859493,13.255028571428571,0.9454838709677419,0,0.0,4.4799999999999995,9.76,355.4,0.7071067811865476,-0.7071067811865475,-0.433883739117558,-0.9009688679024191,A,26.388571428571428,21.757142857142856,57.6,-0.4282857142857175,4.699999999999999,-7.700000000000003,26.57557938835358,27.247096774193558,25.96028571428571,32.322580645161295,0
2023-08-04 12:00:00,1,26.46388888888889,43.97222222222222,1001.5194444444444,25.604166666666668,-0.011179129589647879,1.935606647117611,14.827128858024691,0.9322848184484678,0,0.0,10.449999999999996,11.400000000000002,296.0,-0.7071067811865471,-0.7071067811865479,-0.433883739117558,-0.9009688679024191,A,25.96028571428571,26.457142857142856,49.9,-0.35611904761904256,0.006746031746033054,-5.927777777777777,26.16484686147186,26.70636363636363,25.604166666666668,26.46388888888889,0
2023-08-04 18:00:00,1,19.805555555555554,73.38888888888889,1003.9722222222222,25.26361111111111,-0.10324790310715534,0.6147922020775216,5.27047839506173,1.2142723631508678,0,46.19999999999999,8.799999999999999,0.66,5.666666666666667,-0.7071067811865477,0.7071067811865474,-0.433883739117558,-0.9009688679024191,A,25.604166666666668,26.46388888888889,43.97222222222222,-0.3405555555555573,-6.658333333333335,29.416666666666664,25.80415873015873,26.388571428571428,25.26361111111111,26.46388888888889,0
2023-08-05 00:00:00,1,16.61470588235294,93.01470588235294,1003.364705882353,28.308529411764706,1.7518022115782976,0.13208625236169258,1.1605860726643593,1.6070963432960428,0,59.4,9.373529411764705,0.18,0.7058823529411765,0.7071067811865475,0.7071067811865476,-0.9749279121818236,-0.2225209339563146,A,25.26361111111111,19.805555555555554,73.38888888888889,3.0449183006535954,-3.1908496732026137,19.625816993464056,26.284148225957047,28.308529411764706,25.26361111111111,26.46388888888889,0
2023-08-05 06:00:00,1,23.444117647058825,70.23529411764706,1003.7529411764706,31.136764705882356,-0.35747608936844694,0.8589485989186518,6.978072664359861,1.2737937672963544,0,5.9,9.820588235294117,7.289999999999999,302.5882352941176,0.7071067811865476,-0.7071067811865475,-0.9749279121818236,-0.2225209339563146,A,28.308529411764706,16.61470588235294,93.01470588235294,2.8282352941176505,6.829411764705885,-22.779411764705884,27.57826797385621,31.136764705882356,25.26361111111111,26.46388888888889,0
2023-08-05 12:00:00,1,28.406060606060606,45.57575757575758,1002.1818181818181,29.433636363636364,-0.15842630775396094,2.1063406779457896,15.45978328741965,1.0009377576257212,0,0.0,10.796969696969695,12.3,501.4848484848485,-0.7071067811865471,-0.7071067811865479,-0.9749279121818236,-0.2225209339563146,A,31.136764705882356,23.444117647058825,70.23529411764706,-1.7031283422459929,4.961942959001782,-24.65953654188948,28.535635398098634,31.136764705882356,25.26361111111111,28.406060606060606,0
2023-08-05 18:00:00,1,19.225714285714286,70.17142857142858,1002.2514285714286,28.86285714285714,-0.010136432204811764,0.6647378894566063,5.734755918367346,1.4270377171916937,0,0.0,8.69142857142857,1.7,20.914285714285715,-0.7071067811865477,0.7071067811865474,-0.9749279121818236,-0.2225209339563146,A,29.433636363636364,28.406060606060606,45.57575757575758,-0.5707792207792224,-9.18034632034632,24.595670995671,29.435446906035143,31.136764705882356,28.308529411764706,28.406060606060606,0
2023-08-06 00:00:00,1,16.133333333333336,85.25,1001.5694444444445,28.468611111111116,-0.05131958581322439,0.2704899151317923,2.3796666666666666,1.6615920881971467,0,0.0,9.149999999999999,1.1400000000000001,3.5,0.7071067811865475,0.7071067811865476,-0.7818314824680299,0.6234898018587334,A,28.86285714285714,19.225714285714286,70.17142857142858,-0.39424603174602524,-3.0923809523809496,15.078571428571422,29.475467330871744,31.136764705882356,28.468611111111116,28.406060606060606,0
2023-08-06 06:00:00,1,30.327272727272724,38.56060606060606,1000.7272727272727,27.9430303030303,-0.1398490849012679,2.656250686449962,18.632892561983468,0.8919713677693945,0,0.0,9.845454545454546,11.74,497.3333333333333,0.7071067811865476,-0.7071067811865475,-0.7818314824680299,0.6234898018587334,A,28.468611111111116,16.133333333333336,85.25,-0.5255808080808144,14.193939393939388,-46.68939393939394,28.67703373015873,29.433636363636364,27.9430303030303,30.327272727272724,0
2023-08-06 12:00:00,1,33.12333333333333,21.75,999.7533333333333,26.831666666666667,-0.16290127827172862,3.963402293063404,25.919008333333327,0.7863143499071995,0,0.0,20.113333333333337,17.41,633.7333333333333,-0.7071067811865471,-0.7071067811865479,-0.7818314824680299,0.6234898018587334,A,27.9430303030303,30.327272727272724,38.56060606060606,-1.1113636363636346,2.7960606060606032,-16.810606060606062,28.026541305916304,28.86285714285714,26.831666666666667,33.12333333333333,0
2023-08-06 18:00:00,1,19.08529411764706,49.36764705882353,1003.65,26.0764705882353,-0.1031088000209734,1.1185260993763209,9.663333477508651,1.2982867184067948,0,0.0,14.158823529411764,4.91,23.294117647058822,-0.7071067811865477,0.7071067811865474,-0.7818314824680299,0.6234898018587334,A,26.831666666666667,33.12333333333333,21.75,-0.7551960784313678,-14.038039215686268,27.61764705882353,27.329944667260847,28.468611111111116,26.0764705882353,33.12333333333333,0
2023-08-07 00:00:00,1,11.894117647058822,81.08823529411765,1007.0058823529413,26.085882352941177,0.053730113883347815,0.26340332125373966,2.2493875432525945,2.0230839416058397,0,0.0,8.71176470588235,1.3000000000000003,2.588235294117647,0.7071067811865475,0.7071067811865476,0.0,1.0,A,26.0764705882353,19.08529411764706,49.36764705882353,0.009411764705877346,-7.191176470588237,31.720588235294123,26.73426247771836,27.9430303030303,26.0764705882353,33.12333333333333,0
2023-08-07 06:00:00,1,28.452777777777776,29.84722222222222,1007.6222222222225,25.700555555555553,-0.1815481446395443,2.7224419222560536,19.96041396604938,0.8726020937470527,0,0.0,16.41666666666666,15.480000000000002,547.1666666666666,0.7071067811865476,-0.7071067811865475,0.0,1.0,A,26.085882352941177,11.894117647058822,81.08823529411765,-0.38532679738562337,16.558660130718955,-51.24101307189543,26.173643790849674,26.831666666666667,25.700555555555553,33.12333333333333,0
2023-08-07 12:00:00,1,31.65294117647059,20.86764705882353,1007.4058823529413,25.032647058823528,-0.06333191338332723,3.6893999694069217,25.04771712802768,0.7666276346604214,0,0.0,15.302941176470586,18.250000000000004,638.7058823529412,-0.7071067811865471,-0.7071067811865479,0.0,1.0,A,25.700555555555553,28.452777777777776,29.84722222222222,-0.667908496732025,3.2001633986928155,-8.979575163398692,25.723888888888887,26.085882352941177,25.032647058823528,31.65294117647059,0
2023-08-07 18:00:00,1,17.291666666666668,48.125,1010.3611111111109,24.410555555555547,-0.04816829692869203,1.0239277477859707,8.970052083333334,1.3345178435839022,0,0.0,9.449999999999996,3.3600000000000003,21.833333333333332,-0.7071067811865477,0.7071067811865474,0.0,1.0,A,25.032647058823528,31.65294117647059,20.86764705882353,-0.6220915032679812,-14.361274509803923,27.25735294117647,25.30741013071895,26.085882352941177,24.410555555555547,31.65294117647059,0
2023-08-08 00:00:00,1,13.882857142857143,60.34285714285714,1012.0914285714285,24.177428571428575,-0.032055179564606184,0.6291577593668389,5.505544489795918,1.6245152620464582,0,0.0,5.577142857142858,0.8800000000000001,3.4285714285714284,0.7071067811865475,0.7071067811865476,0.7818314824680298,0.6234898018587336,A,24.410555555555547,17.291666666666668,48.125,-0.2331269841269723,-3.4088095238095253,12.217857142857142,24.8302966853408,25.700555555555553,24.177428571428575,31.65294117647059,0
2023-08-08 06:00:00,1,27.26111111111111,39.166666666666664,1012.5750000000002,27.59611111111111,1.9624808816297614,2.2023626616738574,16.583842592592593,0.9764694318851976,720,0.0,3.1,12.18,530.3333333333334,0.7071067811865476,-0.7071067811865475,0.7818314824680298,0.6234898018587336,A,24.177428571428575,13.882857142857143,60.34285714285714,3.4186825396825355,13.378253968253967,-21.176190476190477,25.30418557422969,27.59611111111111,24.177428571428575,31.65294117647059,1
2023-08-08 12:00:00,1,32.72941176470588,29.647058823529413,1010.2,34.323235294117644,-0.2563088282314755,3.485497641611005,23.02610380622837,1.0176055109870945,956,0.0,5.91764705882353,15.38,607.4411764705883,-0.7071067811865471,-0.7071067811865479,0.7818314824680298,0.6234898018587336,A,27.59611111111111,27.26111111111111,39.166666666666664,6.727124183006534,5.4683006535947705,-9.519607843137251,27.62683263305322,34.323235294117644,24.177428571428575,32.72941176470588,2
2023-08-08 18:00:00,1,18.514705882352946,59.470588235294116,1011.3676470588235,31.131470588235295,-0.13020802786504876,0.8639815653569998,7.503901384083046,1.5952825923134888,0,0.0,7.000000000000001,2.0500000000000003,19.5,-0.7071067811865477,0.7071067811865474,0.7818314824680298,0.6234898018587336,A,34.323235294117644,32.72941176470588,29.647058823529413,-3.191764705882349,-14.214705882352934,29.823529411764703,29.307061391223158,34.323235294117644,24.177428571428575,32.72941176470588,0
2023-08-09 00:00:00,1,16.794285714285717,58.58571428571429,1011.9028571428571,30.380571428571425,-0.10864568806614623,0.792094538867657,6.955233469387756,1.7073217726396912,0,0.0,4.557142857142858,0.6000000000000001,3.257142857142857,0.7071067811865475,0.7071067811865476,0.9749279121818236,-0.22252093395631434,A,31.131470588235295,18.514705882352946,59.470588235294116,-0.7508991596638701,-1.7204201680672284,-0.884873949579827,30.857847105508867,34.323235294117644,27.59611111111111,32.72941176470588,0
2023-08-09 06:00:00,1,28.860714285714288,39.089285714285715,1011.9857142857144,29.479999999999993,-0.206956850068072,2.420316262245053,17.579267219387756,0.9872503289080251,0,0.0,3.9714285714285715,8.940000000000001,470.85714285714283,0.7071067811865476,-0.7071067811865475,0.9749279121818236,-0.22252093395631434,A,30.380571428571425,16.794285714285717,58.58571428571429,-0.9005714285714319,12.06642857142857,-19.496428571428574,31.32881932773109,34.323235294117644,29.479999999999993,32.72941176470588,0
2023-08-09 12:00:00,1,34.333333333333336,30.65277777777778,1009.4027777777778,27.895555555555553,-0.22960832659580402,3.757774869142546,23.809212962962967,0.7894968553459119,0,0.0,4.249999999999998,15.599999999999998,590.1666666666666,-0.7071067811865471,-0.7071067811865479,0.9749279121818236,-0.22252093395631434,A,29.479999999999993,28.860714285714288,39.089285714285715,-1.5844444444444399,5.472619047619048,-8.436507936507937,29.721899393090567,31.131470588235295,27.895555555555553,34.333333333333336,0
2023-08-09 18:00:00,1,21.26,62.47142857142857,1011.4342857142856,27.39,-0.015248854296668177,0.9483477623077714,7.978574285714287,1.2304582210242587,0,0.0,5.594285714285713,1.4900000000000002,18.6,-0.7071067811865477,0.7071067811865474,0.9749279121818236,-0.22252093395631434,A,27.895555555555553,34.333333333333336,30.65277777777778,-0.5055555555555529,-13.073333333333334,31.81865079365079,28.786531746031745,30.380571428571425,27.39,34.333333333333336,0
2023-08-10 00:00:00,1,16.245714285714286,81.17142857142858,1013.6571428571428,27.24771428571429,-0.044476864124445736,0.34776766384404656,3.058835918367345,1.5799701789264418,0,0.0,6.865714285714286,0.23000000000000004,2.914285714285714,0.7071067811865475,0.7071067811865476,0.43388373911755823,-0.900968867902419,A,27.39,21.26,62.47142857142857,-0.14228571428570902,-5.014285714285716,18.70000000000001,28.00331746031746,29.479999999999993,27.24771428571429,34.333333333333336,0
2023-08-10 06:00:00,1,30.8,47.220588235294116,1014.1529411764707,26.529705882352943,-0.23712020967216088,2.344298434479031,16.256058823529415,0.8342674805771365,0,0.0,8.438235294117646,12.34,518.9411764705883,0.7071067811865476,-0.7071067811865475,0.43388373911755823,-0.900968867902419,A,27.24771428571429,16.245714285714286,81.17142857142858,-0.718008403361349,14.554285714285715,-33.95084033613446,27.2657439309057,27.895555555555553,26.529705882352943,34.333333333333336,0
2023-08-10 12:00:00,1,33.80571428571429,38.47142857142857,1012.4799999999999,24.98828571428572,-0.1950919911648731,3.237625948044724,20.80017306122449,0.7179362994582171,0,0.0,8.48857142857143,16.78,595.2285714285714,-0.7071067811865471,-0.7071067811865479,0.43388373911755823,-0.900968867902419,A,26.529705882352943,30.8,47.220588235294116,-1.5414201680672228,3.005714285714287,-8.749159663865548,26.538926470588237,27.39,24.98828571428572,33.80571428571429,0
2023-08-10 18:00:00,1,24.46363636363636,60.15151515151515,1014.8878787878789,24.56757575757576,-0.0022633921878923145,1.222539639647013,9.748388429752067,0.9648101868380342,0,0.0,11.700000000000001,3.18,14.0,-0.7071067811865477,0.7071067811865474,0.43388373911755823,-0.900968867902419,A,24.98828571428572,33.80571428571429,38.47142857142857,-0.4207099567099597,-9.342077922077927,21.68008658008658,25.83332040998218,27.24771428571429,24.56757575757576,33.80571428571429,0
2023-08-11 00:00:00,1,19.49375,78.21875,1016.8062500000001,24.526875,-0.004414432719627238,0.49356307982625336,4.245982421874999,1.1967978042086003,0,0.0,6.85,0.76,2.5,0.7071067811865475,0.7071067811865476,-0.433883739117558,-0.9009688679024191,A,24.56757575757576,24.46363636363636,60.15151515151515,-0.04070075757575964,-4.969886363636363,18.06723484848485,25.153110588553606,26.529705882352943,24.526875,33.80571428571429,0
2023-08-11 06:00:00,1,32.02857142857143,44.97142857142857,1017.5514285714287,23.96457142857143,-0.2398642204197553,2.6207123630904787,17.62486530612245,0.7255709342560552,0,0.0,7.862857142857144,12.939999999999998,512.4285714285714,0.7071067811865476,-0.7071067811865475,-0.433883739117558,-0.9009688679024191,A,24.526875,19.49375,78.21875,-0.562303571428572,12.534821428571433,-33.24732142857143,24.511826975108228,24.98828571428572,23.96457142857143,33.80571428571429,0
2023-08-11 12:00:00,1,35.19375,38.984375,1015.7906250000001,30.1028125,2.9619382746608265,3.467623577967383,21.4736865234375,0.8317130029355897,1036,0.0,10.01875,15.499999999999998,588.8125,-0.7071067811865471,-0.7071067811865479,-0.433883739117558,-0.9009688679024191,A,23.96457142857143,32.02857142857143,44.97142857142857,6.1382410714285705,3.1651785714285694,-5.987053571428568,25.790458671536797,30.1028125,23.96457142857143,35.19375,2
2023-08-11 18:00:00,1,24.56285714285714,61.57142857142857,1016.9542857142858,31.877428571428574,-0.4222688115814996,1.1859917309801185,9.439155102040816,1.2470213479378565,0,0.0,10.297142857142857,3.0099999999999993,18.0,-0.7071067811865477,0.7071067811865474,-0.433883739117558,-0.9009688679024191,A,30.1028125,35.19375,38.984375,1.774616071428575,-10.630892857142861,22.58705357142857,27.617921875,31.877428571428574,23.96457142857143,35.19375,0
2023-08-12 00:00:00,1,17.755882352941175,82.75,1017.8676470588235,30.619411764705887,-0.08568858240831302,0.35060978993895975,3.0628897058823523,1.6325231299984322,0,0.0,5.961764705882352,0.4600000000000001,2.2058823529411766,0.7071067811865475,0.7071067811865476,-0.9749279121818236,-0.2225209339563146,A,31.877428571428574,24.56285714285714,61.57142857142857,-1.2580168067226865,-6.806974789915966,21.17857142857143,29.14105606617647,31.877428571428574,23.96457142857143,35.19375,0
2023-08-12 06:00:00,1,31.830555555555552,47.0,1016.9416666666667,33.676944444444445,1.75611581001076,2.4960014417714187,16.870194444444444,1.0257805228868773,1183,0.0,3.3166666666666664,12.539999999999997,499.5,0.7071067811865476,-0.7071067811865475,-0.9749279121818236,-0.2225209339563146,A,30.619411764705887,17.755882352941175,82.75,3.057532679738557,14.074673202614377,-35.75,31.569149320144724,33.676944444444445,30.1028125,35.19375,2
2023-08-12 12:00:00,1,35.73235294117647,39.26470588235294,1013.4352941176471,34.41911764705883,-0.7779134006894081,3.5556308592086494,21.70214965397924,0.9370245816318362,406,0.0,5.888235294117648,15.500000000000002,575.2647058823529,-0.7071067811865471,-0.7071067811865479,-0.9749279121818236,-0.2225209339563146,A,33.676944444444445,31.830555555555552,47.0,0.7421732026143886,3.9017973856209203,-7.735294117647058,32.648225606909435,34.41911764705883,30.619411764705887,35.73235294117647,1
2023-08-12 18:00:00,1,25.014285714285716,64.85714285714286,1014.4914285714287,31.770857142857142,-0.13952120604884757,1.114195248701808,8.790734693877551,1.2212850082372322,0,0.0,8.780000000000001,2.69,13.6,-0.7071067811865477,0.7071067811865474,-0.9749279121818236,-0.2225209339563146,A,34.41911764705883,35.73235294117647,39.26470588235294,-2.6482605042016907,-10.718067226890756,25.59243697478992,32.621582749766574,34.41911764705883,30.619411764705887,35.73235294117647,0
2023-08-13 00:00:00,1,19.83939393939394,82.5909090909091,1015.3848484848484,31.205454545454543,-0.07475651812061461,0.40304394852941194,3.4538581267217627,1.4974262032863166,0,0.0,5.269696969696969,0.6000000000000001,2.5454545454545454,0.7071067811865475,0.7071067811865476,-0.7818314824680299,0.6234898018587334,A,31.770857142857142,25.014285714285716,64.85714285714286,-0.5654025974025991,-5.174891774891776,17.733766233766232,32.76809344495374,34.41911764705883,31.205454545454543,35.73235294117647,0
2023-08-13 06:00:00,1,33.627272727272725,46.04545454545455,1014.6424242424243,29.36515151515151,-0.6234678147377647,2.81095533590322,18.14344214876033,0.8480353548612933,0,0.0,5.142424242424243,12.11,492.06060606060606,0.7071067811865476,-0.7071067811865475,-0.7818314824680299,0.6234898018587334,A,31.205454545454543,19.83939393939394,82.5909090909091,-1.8403030303030334,13.787878787878785,-36.54545454545455,31.690145212630508,34.41911764705883,29.36515151515151,35.73235294117647,0
2023-08-13 12:00:00,1,36.69722222222222,39.458333333333336,1011.8638888888888,26.033888888888892,-0.2863733712194715,3.7366737440366324,22.217109953703705,0.6906049664726255,0,0.0,6.599999999999999,16.86,576.6666666666666,-0.7071067811865471,-0.7071067811865479,-0.7818314824680299,0.6234898018587334,A,29.36515151515151,33.627272727272725,46.04545454545455,-3.3312626262626175,3.0699494949494976,-6.587121212121211,29.593838023088026,31.770857142857142,26.033888888888892,36.69722222222222,0
2023-08-13 18:00:00,1,26.283333333333335,64.23611111111111,1012.8194444444445,25.589999999999993,-0.06840045329585813,1.2224643700212017,9.399942129629629,0.9379352474037871,0,0.0,8.516666666666664,2.880000000000001,15.166666666666666,-0.7071067811865477,0.7071067811865474,-0.7818314824680299,0.6234898018587334,A,26.033888888888892,36.69722222222222,39.458333333333336,-0.44388888888889966,-10.413888888888888,24.77777777777778,28.048623737373735,31.205454545454543,25.589999999999993,36.69722222222222,0
2023-08-14 00:00:00,1,20.76111111111111,83.73611111111111,1013.9916666666666,25.403055555555554,-0.006417833746147466,0.3985864730100941,3.3765640432098762,1.167360224661731,0,0.0,5.133333333333334,0.42000000000000004,2.1666666666666665,0.7071067811865475,0.7071067811865476,0.0,1.0,A,25.589999999999993,26.283333333333335,64.23611111111111,-0.18694444444443903,-5.522222222222226,19.5,26.598023989898987,29.36515151515151,25.403055555555554,36.69722222222222,0
2023-08-14 06:00:00,1,34.173529411764704,46.720588235294116,1013.8882352941175,24.67823529411765,-0.28979835732934023,2.8615681602068475,18.20745544982699,0.7016138473116482,0,0.0,5.347058823529411,12.580000000000002,500.94117647058823,0.7071067811865476,-0.7071067811865475,0.0,1.0,A,25.403055555555554,20.76111111111111,83.73611111111111,-0.7248202614379053,13.412418300653595,-37.015522875817,25.42629493464052,26.033888888888892,24.67823529411765,36.69722222222222,0
2023-08-14 12:00:00,1,33.56470588235294,42.529411764705884,1011.8941176470589,32.546176470588236,1.8947997747451695,2.9836927729707527,19.289833910034602,0.9416014295439075,1117,0.0,7.538235294117648,14.370000000000001,491.3529411764706,-0.7071067811865471,-0.7071067811865479,0.0,1.0,A,24.67823529411765,34.173529411764704,46.720588235294116,7.8679411764705875,-0.6088235294117652,-4.191176470588232,27.05436683006536,32.546176470588236,24.67823529411765,34.173529411764704,2
2023-08-14 18:00:00,1,24.208333333333332,69.58333333333333,1013.2361111111111,31.782222222222224,-0.26984210723480834,0.919019616771493,7.363368055555556,1.2607823691460056,0,0.0,8.133333333333335,2.9399999999999995,14.0,-0.7071067811865477,0.7071067811865474,0.0,1.0,A,32.546176470588236,33.56470588235294,42.529411764705884,-0.7639542483660122,-9.356372549019607,27.053921568627445,28.602422385620912,32.546176470588236,24.67823529411765,34.173529411764704,0
2023-08-15 00:00:00,1,20.861111111111107,81.94444444444444,1014.0638888888888,30.87166666666667,-0.0923148844565845,0.445226031592326,3.7665895061728394,1.4121728081321478,0,0.0,5.566666666666666,1.02,2.0,0.7071067811865475,0.7071067811865476,0.7818314824680298,0.6234898018587336,A,31.782222222222224,24.208333333333332,69.58333333333333,-0.910555555555554,-3.347222222222225,12.361111111111114,29.969575163398694,32.546176470588236,24.67823529411765,34.173529411764704,0
2023-08-15 06:00:00,1,33.188571428571436,47.214285714285715,1013.4371428571429,29.018285714285717,-0.6437624166576105,2.6834134912496097,17.51882448979592,0.8487715193046965,0,0.0,3.76,12.41,490.6857142857143,0.7071067811865476,-0.7071067811865475,0.7818314824680298,0.6234898018587336,A,30.87166666666667,20.861111111111107,81.94444444444444,-1.8533809523809524,12.327460317460329,-34.73015873015873,31.05458776844071,32.546176470588236,29.018285714285717,33.56470588235294,0
2023-08-15 12:00:00,1,36.849999999999994,36.5735294117647,1010.2029411764706,25.834117647058825,-0.26954315273053087,3.9474922245089257,23.372654411764703,0.6825394358536018,0,0.0,3.197058823529412,13.969999999999999,523.7352941176471,-0.7071067811865471,-0.7071067811865479,0.7818314824680298,0.6234898018587336,A,29.018285714285717,33.188571428571436,47.214285714285715,-3.184168067226892,3.6614285714285586,-10.640756302521012,29.376573062558357,31.782222222222224,25.834117647058825,36.849999999999994,0
2023-08-15 18:00:00,1,25.314285714285713,63.98571428571429,1012.06,24.944285714285712,-0.004525805039103995,1.1623850031620737,9.116759183673468,0.9479370249728556,0,0.0,6.208571428571431,1.58,12.571428571428571,-0.7071067811865477,0.7071067811865474,0.7818314824680298,0.6234898018587336,A,25.834117647058825,36.849999999999994,36.5735294117647,-0.889831932773113,-11.535714285714281,27.412184873949585,27.667088935574228,30.87166666666667,24.944285714285712,36.849999999999994,0
2023-08-16 00:00:00,1,20.497222222222224,82.88888888888889,1013.6666666666669,24.913888888888884,-0.006779931321908233,0.41258794176775737,3.5073024691358023,1.1589352629538696,0,5.4,3.6499999999999995,0.0,1.8333333333333333,0.7071067811865475,0.7071067811865476,0.9749279121818236,-0.22252093395631434,A,24.944285714285712,25.314285714285713,63.98571428571429,-0.030396825396827865,-4.81706349206349,18.903174603174598,26.177644491129783,29.018285714285717,24.913888888888884,36.849999999999994,0
2023-08-16 06:00:00,1,32.294117647058826,51.544117647058826,1013.7117647058823,24.48,-0.2300031470472812,2.3425384935423352,15.648399653979238,0.7352650176678445,0,0.0,5.352941176470587,10.76,435.94117647058823,0.7071067811865476,-0.7071067811865475,0.9749279121818236,-0.22252093395631434,A,24.913888888888884,20.497222222222224,82.88888888888889,-0.4338888888888839,11.796895424836602,-31.34477124183006,25.043073062558356,25.834117647058825,24.48,36.849999999999994,0
2023-08-16 12:00:00,1,36.94,34.1,1010.6685714285712,23.082857142857147,-0.12714485097071013,4.121608456369948,24.34346,0.6084042473077793,6,0.0,4.765714285714286,14.879999999999999,528.9142857142857,-0.7071067811865471,-0.7071067811865479,0.9749279121818236,-0.22252093395631434,A,24.48,32.294117647058826,51.544117647058826,-1.3971428571428532,4.645882352941172,-17.444117647058825,24.355257936507932,24.944285714285712,23.082857142857147,36.94,1
2023-08-16 18:00:00,1,24.383333333333336,64.22222222222223,1011.9249999999998,22.83166666666667,-0.0013405839300109112,1.092390681112639,8.723814814814816,0.8994747209455023,0,0.0,4.549999999999999,1.1400000000000001,12.0,-0.7071067811865477,0.7071067811865474,0.9749279121818236,-0.22252093395631434,A,23.082857142857147,36.94,34.1,-0.25119047619047663,-12.556666666666661,30.122222222222227,23.827103174603174,24.913888888888884,22.83166666666667,36.94,0
2023-08-17 00:00:00,1,21.17058823529412,77.83823529411765,1012.9617647058825,22.802941176470586,-0.013424795738711448,0.556966054207318,4.6917759515570925,1.0285221544176173,0,7.0,11.66470588235294,0.9400000000000001,1.588235294117647,0.7071067811865475,0.7071067811865476,0.43388373911755823,-0.900968867902419,A,22.83166666666667,24.383333333333336,64.22222222222223,-0.02872549019608428,-3.2127450980392176,13.616013071895424,23.2993662464986,24.48,22.802941176470586,36.94,0
2023-08-17 06:00:00,1,34.32285714285714,43.614285714285714,1012.0028571428574,22.525428571428574,-0.11571044101563502,3.053641582701355,19.353188163265305,0.6377012052090918,0,0.0,4.059999999999999,11.409999999999998,457.51428571428573,0.7071067811865476,-0.7071067811865475,0.43388373911755823,-0.900968867902419,A,22.802941176470586,21.17058823529412,77.83823529411765,-0.2775126050420127,13.15226890756302,-34.22394957983194,22.810723389355744,23.082857142857147,22.525428571428574,36.94,0
2023-08-17 12:00:00,1,30.23030303030303,56.28787878787879,1010.1151515151514,22.096363636363634,0.006373358162612808,1.8793753179022126,13.214306703397613,0.7075295944110226,0,4.8,9.315151515151515,9.760000000000002,387.8787878787879,-0.7071067811865471,-0.7071067811865479,0.43388373911755823,-0.900968867902419,A,22.525428571428574,34.32285714285714,43.614285714285714,-0.4290649350649396,-4.092554112554108,12.673593073593075,22.564100012732368,22.83166666666667,22.096363636363634,34.32285714285714,0
2023-08-17 18:00:00,1,23.89142857142857,69.07142857142857,1011.5714285714286,22.11371428571429,-0.0018818949320287292,0.9168859790020614,7.389277551020407,0.8884067952249773,0,0.0,5.028571428571428,0.54,11.657142857142857,-0.7071067811865477,0.7071067811865474,0.43388373911755823,-0.900968867902419,A,22.096363636363634,30.23030303030303,56.28787878787879,0.01735064935065722,-6.338874458874461,12.78354978354978,22.384611917494272,22.802941176470586,22.096363636363634,34.32285714285714,0
2023-08-18 00:00:00,1,20.6735294117647,76.44117647058823,1012.2294117647058,22.098823529411767,-0.0010434576981683448,0.574262263441599,4.870440311418684,1.0196227439272632,0,0.0,4.185294117647059,0.10999999999999999,1.4705882352941178,0.7071067811865475,0.7071067811865476,-0.433883739117558,-0.9009688679024191,A,22.11371428571429,23.89142857142857,69.07142857142857,-0.01489075630252401,-3.217899159663869,7.3697478991596626,22.208582505729566,22.525428571428574,22.096363636363634,34.32285714285714,0
2023-08-18 06:00:00,1,32.775757575757574,47.24242424242424,1012.0757575757576,22.013030303030305,0.007009500365391629,2.6205860982819105,17.291695133149677,0.6517405347209763,245,0.0,3.5212121212121215,11.25,469.0,0.7071067811865476,-0.7071067811865475,-0.433883739117558,-0.9009688679024191,A,22.098823529411767,20.6735294117647,76.44117647058823,-0.0857932263814618,12.102228163992873,-29.19875222816399,22.08048293863,22.11371428571429,22.013030303030305,32.775757575757574,1
2023-08-18 12:00:00,1,37.55294117647059,37.838235294117645,1009.7323529411765,33.739117647058826,0.6406962887939855,4.019553073157071,23.343570934256054,0.8751373207201709,1252,0.0,6.735294117647059,15.280000000000001,549.1176470588235,-0.7071067811865471,-0.7071067811865479,-0.433883739117558,-0.9009688679024191,A,22.013030303030305,32.775757575757574,47.24242424242424,11.726087344028521,4.777183600713016,-9.404188948306597,24.9911714413038,33.739117647058826,22.013030303030305,37.55294117647059,2
2023-08-18 18:00:00,1,26.358333333333334,64.63888888888889,1011.2527777777777,32.56055555555555,-0.8518399955458007,1.2140544066928451,9.320599537037037,1.1901512843943547,169,0.0,7.616666666666668,1.9200000000000002,12.833333333333334,-0.7071067811865477,0.7071067811865474,-0.433883739117558,-0.9009688679024191,A,33.739117647058826,37.55294117647059,37.838235294117645,-1.1785620915032737,-11.194607843137256,26.80065359477124,27.602881758764113,33.739117647058826,22.013030303030305,37.55294117647059,1
2023-08-19 00:00:00,1,21.40909090909091,79.89393939393939,1012.5727272727273,30.569090909090907,-0.12038447370530357,0.5127427046768984,4.304524793388429,1.3641379310344826,0,0.0,3.5939393939393938,0.12,1.3636363636363635,0.7071067811865475,0.7071067811865476,-0.9749279121818236,-0.2225209339563146,A,32.56055555555555,26.358333333333334,64.63888888888889,-1.991464646464646,-4.949242424242424,15.255050505050505,29.7204486036839,33.739117647058826,22.013030303030305,37.55294117647059,0
2023-08-19 06:00:00,1,34.80294117647059,47.544117647058826,1012.6235294117648,28.53735294117647,-0.675011844402105,2.9174544444377895,18.256189878892734,0.7970672800460034,0,0.0,2.8176470588235296,12.48,505.5882352941176,0.7071067811865476,-0.7071067811865475,-0.9749279121818236,-0.2225209339563146,A,30.569090909090907,21.40909090909091,79.89393939393939,-2.031737967914438,13.39385026737968,-32.349821746880565,31.351529263220442,33.739117647058826,28.53735294117647,37.55294117647059,0
2023-08-19 12:00:00,1,38.68529411764706,36.911764705882355,1010.844117647059,25.023529411764713,-0.311510637704542,4.336820878425855,24.40586937716263,0.6305491736455942,0,0.0,5.329411764705882,15.48,559.1764705882352,-0.7071067811865471,-0.7071067811865479,-0.9749279121818236,-0.2225209339563146,A,28.53735294117647,34.80294117647059,47.544117647058826,-3.5138235294117557,3.882352941176471,-10.632352941176471,29.172632204396912,32.56055555555555,25.023529411764713,38.68529411764706,0
2023-08-19 18:00:00,1,24.80833333333333,67.70833333333333,1012.9861111111113,24.444999999999997,-0.004545623819698255,1.0113077389694718,8.011024305555557,0.9471746851792057,0,0.0,7.083333333333333,2.1599999999999993,12.5,-0.7071067811865477,0.7071067811865474,-0.9749279121818236,-0.2225209339563146,A,25.023529411764713,38.68529411764706,36.911764705882355,-0.5785294117647162,-13.87696078431373,30.796568627450974,27.143743315508022,30.569090909090907,24.444999999999997,38.68529411764706,0
2023-08-20 00:00:00,1,20.497142857142855,84.04285714285714,1014.9628571428573,24.404571428571426,-0.006195936395324544,0.38476125042718534,3.2707583673469385,1.1352472089314194,0,0.0,6.502857142857142,0.7000000000000002,1.3714285714285714,0.7071067811865475,0.7071067811865476,-0.7818314824680299,0.6234898018587334,A,24.444999999999997,24.80833333333333,67.70833333333333,-0.04042857142857059,-4.311190476190475,16.334523809523816,25.602613445378154,28.53735294117647,24.404571428571426,38.68529411764706,0
2023-08-20 06:00:00,1,35.368571428571435,44.885714285714286,1015.0085714285715,23.82542857142857,-0.24711102778810276,3.1625892054800384,19.493135510204088,0.655110377877288,0,0.0,6.108571428571429,12.750000000000002,470.42857142857144,0.7071067811865476,-0.7071067811865475,-0.7818314824680299,0.6234898018587334,A,24.404571428571426,20.497142857142855,84.04285714285714,-0.5791428571428554,14.87142857142858,-39.15714285714286,24.424632352941178,25.023529411764713,23.82542857142857,38.68529411764706,0
2023-08-20 12:00:00,1,38.202777777777776,36.15277777777778,1012.9027777777776,22.55777777777778,-0.10510370280067965,4.276322186903346,24.391412422839505,0.5754127400269257,0,0.0,12.283333333333331,18.480000000000004,553.1666666666666,-0.7071067811865471,-0.7071067811865479,-0.7818314824680299,0.6234898018587334,A,23.82542857142857,35.368571428571435,44.885714285714286,-1.267650793650791,2.8342063492063403,-8.732936507936508,23.808194444444442,24.444999999999997,22.55777777777778,38.202777777777776,0
2023-08-20 18:00:00,1,27.18529411764706,59.5735294117647,1015.2264705882354,22.369117647058825,0.0017553658432561822,1.4570839562610458,10.99005493079585,0.793644996347699,0,0.0,9.279411764705882,3.039999999999999,10.029411764705882,-0.7071067811865477,0.7071067811865474,-0.7818314824680299,0.6234898018587334,A,22.55777777777778,38.202777777777776,36.15277777777778,-0.18866013071895438,-11.017483660130715,23.420751633986924,23.289223856209148,24.404571428571426,22.369117647058825,38.202777777777776,0
2023-08-21 00:00:00,1,22.791666666666664,72.34722222222223,1016.7083333333331,22.366944444444446,0.0007627448059241052,0.7671517607150813,6.302528935185183,0.9401167542323411,0,0.0,3.933333333333334,0.4800000000000001,1.3333333333333333,0.7071067811865475,0.7071067811865476,0.0,1.0,A,22.369117647058825,27.18529411764706,59.5735294117647,-0.002173202614379477,-4.3936274509803965,12.773692810457526,22.779817110177408,23.82542857142857,22.366944444444446,38.202777777777776,0
2023-08-21 06:00:00,1,36.35428571428572,41.22857142857143,1016.2657142857144,22.093714285714285,-0.10067749138105017,3.5600555008519565,21.365933061224496,0.5914639743001375,0,0.0,4.637142857142856,12.620000000000001,468.62857142857143,0.7071067811865476,-0.7071067811865475,0.0,1.0,A,22.366944444444446,22.791666666666664,72.34722222222223,-0.2732301587301613,13.562619047619059,-31.1186507936508,22.346888538748836,22.55777777777778,22.093714285714285,38.202777777777776,0
2023-08-21 12:00:00,1,39.67714285714286,32.614285714285714,1013.4142857142855,21.540857142857146,-0.04247652665330036,4.885223668549552,26.736726122448985,0.5295567886492941,0,0.0,8.882857142857144,17.16,561.0,-0.7071067811865471,-0.7071067811865479,0.0,1.0,A,22.093714285714285,36.35428571428572,41.22857142857143,-0.5528571428571389,3.3228571428571385,-8.614285714285714,22.092658380018676,22.369117647058825,21.540857142857146,39.67714285714286,0
2023-08-21 18:00:00,1,24.80625,64.9375,1014.1999999999999,21.45875,-0.0032707298798566723,1.0979480094155734,8.697691406249998,0.8315330588520222,0,0.0,7.15,1.9700000000000002,10.625,-0.7071067811865477,0.7071067811865474,0.0,1.0,A,21.540857142857146,39.67714285714286,32.614285714285714,-0.08210714285714715,-14.870892857142863,32.323214285714286,21.865066468253968,22.366944444444446,21.45875,39.67714285714286,0
2023-08-22 00:00:00,1,22.73235294117647,69.26470588235294,1014.4176470588235,21.448235294117648,-0.0018215367903957364,0.8496087832314796,6.98685553633218,0.9037551121576405,0,0.0,4.55,0.6000000000000001,1.0294117647058822,0.7071067811865475,0.7071067811865476,0.7818314824680298,0.6234898018587336,A,21.45875,24.80625,64.9375,-0.010514705882350484,-2.0738970588235297,4.327205882352942,21.63538918067227,22.093714285714285,21.448235294117648,39.67714285714286,0
2023-08-22 06:00:00,1,36.95294117647058,39.69117647058823,1013.9441176470588,30.65,2.940769830732694,3.7745781129189724,22.28588408304498,0.8075790452572846,1599,0.0,2.7058823529411766,12.489999999999998,492.11764705882354,0.7071067811865476,-0.7071067811865475,0.7818314824680298,0.6234898018587336,A,21.448235294117648,22.73235294117647,69.26470588235294,9.20176470588235,14.220588235294112,-29.57352941176471,23.774460609243697,30.65,21.448235294117648,39.67714285714286,2
2023-08-22 12:00:00,1,40.341176470588245,32.35294117647059,1010.9588235294117,34.03,-0.8041831409455609,5.080824781531536,27.289619377162637,0.8231502561183834,886,0.0,8.467647058823529,16.29,535.7352941176471,-0.7071067811865471,-0.7071067811865479,0.7818314824680298,0.6234898018587336,A,30.65,36.95294117647058,39.69117647058823,3.3800000000000026,3.3882352941176634,-7.338235294117645,26.896746323529413,34.03,21.448235294117648,40.341176470588245,2
2023-08-22 18:00:00,1,25.205714285714286,63.0,1011.7228571428573,30.460857142857147,-0.1965779825859308,1.1865166959871898,9.326114285714286,1.162374618403838,0,0.0,5.5600000000000005,1.58,10.628571428571428,-0.7071067811865477,0.7071067811865474,0.7818314824680298,0.6234898018587336,A,34.03,40.341176470588245,32.35294117647059,-3.569142857142854,-15.135462184873958,30.647058823529413,29.1472731092437,34.03,21.448235294117648,40.341176470588245,0
2023-08-23 00:00:00,1,23.22222222222222,63.15277777777778,1011.9083333333334,29.603055555555557,-0.09674550180333695,1.0491956680957726,8.556743827160494,1.2221444954128442,0,0.0,3.6000000000000005,0.18000000000000005,1.0,0.7071067811865475,0.7071067811865476,0.9749279121818236,-0.22252093395631434,A,30.460857142857147,25.205714285714286,63.0,-0.8578015873015907,-1.983492063492065,0.15277777777777857,31.18597817460318,34.03,29.603055555555557,40.341176470588245,0
2023-08-23 06:00:00,1,36.772222222222226,38.458333333333336,1011.5138888888889,28.1625,-0.5264205052088767,3.8139730704988204,22.63023842592593,0.7455875864097661,0,0.0,3.5833333333333335,12.899999999999997,476.8333333333333,0.7071067811865476,-0.7071067811865475,0.9749279121818236,-0.22252093395631434,A,29.603055555555557,23.22222222222222,63.15277777777778,-1.4405555555555551,13.550000000000004,-24.694444444444443,30.564103174603176,34.03,28.1625,40.341176470588245,0
2023-08-23 12:00:00,1,41.3,25.333333333333332,1008.6151515151514,24.987272727272725,-0.3177761878909667,5.900301785580149,30.837333333333333,0.590715667311412,0,0.0,6.3545454545454545,15.610000000000001,535.7878787878788,-0.7071067811865471,-0.7071067811865479,0.9749279121818236,-0.22252093395631434,A,28.1625,36.772222222222226,38.458333333333336,-3.175227272727277,4.5277777777777715,-13.125000000000004,28.303421356421357,30.460857142857147,24.987272727272725,41.3,0
2023-08-23 18:00:00,1,26.232258064516127,55.225806451612904,1010.2967741935485,24.29032258064516,-0.012332844198859856,1.5258455161271098,11.745281997918834,0.8919687277896233,0,0.0,7.099999999999997,2.3299999999999987,11.35483870967742,-0.7071067811865477,0.7071067811865474,0.9749279121818236,-0.22252093395631434,A,24.987272727272725,41.3,25.333333333333332,-0.6969501466275645,-15.06774193548387,29.89247311827957,26.76078771586836,29.603055555555557,24.29032258064516,41.3,0
2023-08-24 00:00:00,1,21.096875,73.203125,1011.7781249999999,24.281875,0.04164330188759969,0.6704156993484518,5.65330322265625,1.0988827605713476,0,0.0,2.8687500000000004,0.27,1.125,0.7071067811865475,0.7071067811865476,0.43388373911755823,-0.900968867902419,A,24.29032258064516,26.232258064516127,55.225806451612904,-0.008447580645160713,-5.135383064516127,17.977318548387096,25.43049257697947,28.1625,24.281875,41.3,0
2023-08-24 06:00:00,1,36.573529411764696,37.48529411764706,1011.4235294117648,24.309411764705878,-0.21345862547753908,3.832474318666162,22.86383434256055,0.6469823874755383,0,0.0,5.352941176470587,13.01,479.8235294117647,0.7071067811865476,-0.7071067811865475,0.43388373911755823,-0.900968867902419,A,24.281875,21.096875,73.203125,0.027536764705878625,15.476654411764695,-35.71783088235294,24.46722051815594,24.987272727272725,24.281875,41.3,0
2023-08-24 12:00:00,1,40.8125,24.921875,1008.09375,22.690312499999997,-0.1288908741650335,5.781795159379892,30.641259765624998,0.5426681614349775,0,0.0,8.590625,16.23,558.25,-0.7071067811865471,-0.7071067811865479,0.43388373911755823,-0.900968867902419,A,24.309411764705878,36.573529411764696,37.48529411764706,-1.6190992647058806,4.238970588235304,-12.563419117647058,23.89298046133776,24.309411764705878,22.690312499999997,40.8125,0
2023-08-24 18:00:00,1,25.975757575757576,58.22727272727273,1009.0272727272728,22.439090909090908,-0.004775634444275933,1.4021540951984424,10.850782369146005,0.8318243091440125,0,0.0,6.363636363636363,2.19,8.636363636363637,-0.7071067811865477,0.7071067811865474,0.43388373911755823,-0.900968867902419,A,22.690312499999997,40.8125,24.921875,-0.2512215909090898,-14.836742424242424,33.30539772727273,23.430172543449196,24.309411764705878,22.439090909090908,40.8125,0
2023-08-25 00:00:00,1,21.95428571428571,68.41428571428571,1009.1628571428573,22.398571428571426,-0.005473259645995899,0.8327804813024933,6.934417959183672,0.9757903908389346,0,0.0,3.751428571428571,0.41000000000000003,0.8571428571428571,0.7071067811865475,0.7071067811865476,-0.433883739117558,-0.9009688679024191,A,22.439090909090908,25.975757575757576,58.22727272727273,-0.04051948051948173,-4.021471861471866,10.187012987012984,22.959346650592053,24.309411764705878,22.398571428571426,40.8125,0
2023-08-25 06:00:00,1,37.67142857142858,36.964285714285715,1008.4535714285714,28.04321428571428,3.203111705834504,4.102338189309966,23.746454081632656,0.7251662356852602,1046,0.0,5.250000000000002,10.959999999999997,501.4642857142857,0.7071067811865476,-0.7071067811865475,-0.433883739117558,-0.9009688679024191,A,22.398571428571426,21.95428571428571,68.41428571428571,5.6446428571428555,15.717142857142868,-31.449999999999996,23.892797280844153,28.04321428571428,22.398571428571426,40.8125,2
2023-08-25 12:00:00,1,39.791428571428575,27.957142857142856,1005.3885714285714,34.848285714285716,-0.5805673744868858,5.25482031915303,28.66688204081633,0.8543041255165651,1309,0.0,12.345714285714285,19.37,549.2,-0.7071067811865471,-0.7071067811865479,-0.433883739117558,-0.9009688679024191,A,28.04321428571428,37.67142857142858,36.964285714285715,6.805071428571434,2.1199999999999974,-9.00714285714286,26.932290584415583,34.848285714285716,22.398571428571426,39.791428571428575,2
2023-08-25 18:00:00,1,26.86666666666667,42.09722222222222,1006.3249999999999,30.70500000000001,-0.23805279640841706,2.0483373077877887,15.556546296296299,1.101854066985646,0,0.0,9.150000000000002,4.14,9.333333333333334,-0.7071067811865477,0.7071067811865474,-0.433883739117558,-0.9009688679024191,A,34.848285714285716,39.791428571428575,27.957142857142856,-4.143285714285707,-12.924761904761905,14.140079365079366,28.99876785714286,34.848285714285716,22.398571428571426,39.791428571428575,0
2023-08-26 00:00:00,1,20.015151515151516,64.8030303030303,1006.8757575757576,29.710909090909087,-0.09653451601204634,0.8237763803964944,7.044726813590452,1.4137851478010093,0,0.0,6.984848484848484,1.6400000000000001,0.9090909090909091,0.7071067811865475,0.7071067811865476,-0.9749279121818236,-0.2225209339563146,A,30.70500000000001,26.86666666666667,42.09722222222222,-0.9940909090909216,-6.851515151515155,22.705808080808076,30.826852272727276,34.848285714285716,28.04321428571428,39.791428571428575,0
2023-08-26 06:00:00,1,35.1,36.724137931034484,1006.3172413793104,28.321379310344824,-0.42550916454462073,3.5775114111266193,22.2098275862069,0.7845257426688317,0,0.0,11.10344827586207,10.510000000000003,399.51724137931035,0.7071067811865476,-0.7071067811865475,-0.9749279121818236,-0.2225209339563146,A,29.710909090909087,20.015151515151516,64.8030303030303,-1.3895297805642635,15.084848484848486,-28.078892371995813,30.89639352888491,34.848285714285716,28.321379310344824,39.791428571428575,0
2023-08-26 12:00:00,1,34.884375,37.3125,1004.3375,25.975,-0.2556436825344026,3.502255297274115,21.868142578125003,0.7238526517460595,0,0.6000000000000001,12.68125,15.19,487.46875,-0.7071067811865471,-0.7071067811865479,-0.9749279121818236,-0.2225209339563146,A,28.321379310344824,35.1,36.724137931034484,-2.3463793103448225,-0.21562500000000284,0.588362068965516,28.67807210031348,30.70500000000001,25.975,35.1,0
2023-08-26 18:00:00,1,23.30588235294118,70.75,1005.8147058823529,25.509999999999998,-0.029488427948510778,0.8370872623285344,6.816970588235295,1.0495401742497579,0,0.0,12.13529411764706,2.3599999999999994,7.352941176470588,-0.7071067811865477,0.7071067811865474,-0.9749279121818236,-0.2225209339563146,A,25.975,34.884375,37.3125,-0.4650000000000034,-11.57849264705882,33.4375,27.379322100313477,29.710909090909087,25.509999999999998,35.1,0
2023-08-27 00:00:00,1,22.066666666666666,71.27272727272727,1004.3151515151516,25.37121212121212,-0.026549899729933674,0.7626211081401917,6.339151515151516,1.0999080399369416,0,1.2000000000000002,10.36969696969697,1.04,0.12121212121212122,0.7071067811865475,0.7071067811865476,-0.7818314824680299,0.6234898018587334,A,25.509999999999998,23.30588235294118,70.75,-0.1387878787878769,-1.2392156862745125,0.5227272727272663,26.294397857889237,28.321379310344824,25.37121212121212,35.1,0
2023-08-27 06:00:00,1,25.211764705882356,67.51470588235294,1003.8235294117648,25.116176470588236,-0.04398888231022942,1.0421139312076089,8.190115916955017,0.9582024236983842,0,4.800000000000001,8.788235294117646,4.6,110.70588235294117,0.7071067811865476,-0.7071067811865475,-0.7818314824680299,0.6234898018587334,A,25.37121212121212,22.066666666666666,71.27272727272727,-0.2550356506238849,3.1450980392156893,-3.7580213903743243,25.49309714795009,25.975,25.116176470588236,34.884375,0
2023-08-27 12:00:00,1,26.30294117647059,70.92647058823529,1003.3705882352939,24.914117647058823,-0.01939952772978258,0.994927644890204,7.6471933391003475,0.9125067327372616,0,0.6000000000000001,8.270588235294117,6.28,201.38235294117646,-0.7071067811865471,-0.7071067811865479,-0.7818314824680299,0.6234898018587334,A,25.116176470588236,25.211764705882356,67.51470588235294,-0.20205882352941273,1.091176470588234,3.411764705882348,25.227876559714797,25.509999999999998,24.914117647058823,26.30294117647059,0
2023-08-27 18:00:00,1,22.436666666666667,80.05,1000.65,24.98700000000001,-0.03103332311235494,0.5416672678195145,4.476115,1.066149907552269,0,20.4,5.853333333333333,0.45999999999999996,6.0,-0.7071067811865477,0.7071067811865474,-0.7818314824680299,0.6234898018587334,A,24.914117647058823,26.30294117647059,70.92647058823529,0.0728823529411855,-3.8662745098039224,9.123529411764707,25.0971265597148,25.37121212121212,24.914117647058823,26.30294117647059,0
2023-08-28 00:00:00,1,20.16969696969697,87.86363636363636,996.6454545454546,24.85818181818182,-0.012916382256133252,0.28677709942974694,2.447867768595043,1.1742341826510163,0,113.49999999999999,17.87575757575758,0.15,0.15151515151515152,0.7071067811865475,0.7071067811865476,0.0,1.0,A,24.98700000000001,22.436666666666667,80.05,-0.12881818181818971,-2.2669696969696957,7.813636363636363,24.968868983957222,25.116176470588236,24.85818181818182,26.30294117647059,0
2023-08-28 06:00:00,1,27.676470588235293,60.10294117647059,994.7647058823529,24.63588235294118,-0.07451886521539891,1.4799040352846426,11.04209775086505,0.859097435897436,0,17.800000000000004,10.100000000000003,8.26,343.3529411764706,0.7071067811865476,-0.7071067811865475,0.0,1.0,A,24.85818181818182,20.16969696969697,87.86363636363636,-0.22229946524063848,7.506773618538322,-27.760695187165773,24.84879545454546,24.98700000000001,24.63588235294118,27.676470588235293,0
2023-08-28 12:00:00,1,22.419999999999998,74.71428571428571,994.9599999999999,24.496,-0.007425391320952242,0.6858437582437618,5.6690571428571435,1.045943637916311,0,74.9,13.128571428571426,7.36,311.2,-0.7071067811865471,-0.7071067811865479,0.0,1.0,A,24.63588235294118,27.676470588235293,60.10294117647059,-0.13988235294118212,-5.256470588235295,14.611344537815121,24.74426604278075,24.98700000000001,24.496,27.676470588235293,0
2023-08-28 18:00:00,1,17.857575757575756,77.4090909090909,996.3151515151516,24.39727272727273,-0.027191014420627328,0.4621147069914675,4.03418870523416,1.2937650650811507,0,0.0,13.33030303030303,1.3699999999999999,5.818181818181818,-0.7071067811865477,0.7071067811865474,0.0,1.0,A,24.496,22.419999999999998,74.71428571428571,-0.09872727272727033,-4.5624242424242425,2.6948051948051983,24.59683422459893,24.85818181818182,24.39727272727273,27.676470588235293,0
2023-08-29 00:00:00,1,15.78823529411765,84.13235294117646,996.964705882353,28.086470588235297,2.0477377543704764,0.2846398188756456,2.5052214532871977,1.6729852838121935,0,33.39999999999999,11.170588235294119,0.060000000000000005,0.35294117647058826,0.7071067811865475,0.7071067811865476,0.7818314824680298,0.6234898018587336,A,24.39727272727273,17.857575757575756,77.4090909090909,3.689197860962569,-2.069340463458106,6.723262032085557,25.4039064171123,28.086470588235297,24.39727272727273,27.676470588235293,0
2023-08-29 06:00:00,1,18.811111111111114,82.61111111111111,998.661111111111,32.36527777777778,-0.2408037615499004,0.3776226671819305,3.2710432098765434,1.6336932136848006,0,3.000000000000001,7.883333333333332,7.8,339.3333333333333,0.7071067811865476,-0.7071067811865475,0.7818314824680298,0.6234898018587336,A,28.086470588235297,15.78823529411765,84.13235294117646,4.27880718954248,3.022875816993464,-1.5212418300653496,27.33625527332145,32.36527777777778,24.39727272727273,22.419999999999998,0
2023-08-29 12:00:00,1,21.732352941176465,69.05882352941177,999.1176470588235,31.480588235294114,-0.10718676192592294,0.8048126273230307,6.724245674740481,1.384836330702549,0,21.599999999999998,7.261764705882354,6.459999999999999,283.0882352941176,-0.7071067811865471,-0.7071067811865479,0.7818314824680298,0.6234898018587336,A,32.36527777777778,18.811111111111114,82.61111111111111,-0.8846895424836632,2.9212418300653518,-13.552287581699346,29.08240233214498,32.36527777777778,24.39727272727273,21.732352941176465,0
2023-08-29 18:00:00,1,16.170588235294115,84.61764705882354,1001.1294117647058,31.06323529411765,0.033364962928439365,0.28275743635615935,2.4874169550173004,1.8090955806783149,0,9.5,8.049999999999997,0.49000000000000005,1.4705882352941178,-0.7071067811865477,0.7071067811865474,0.7818314824680298,0.6234898018587336,A,31.480588235294114,21.732352941176465,69.05882352941177,-0.41735294117646404,-5.56176470588235,15.558823529411768,30.748892973856208,32.36527777777778,28.086470588235297,21.732352941176465,0
2023-08-30 00:00:00,1,15.927272727272728,85.51515151515152,1001.6757575757576,31.042727272727276,-0.05281581603692667,0.2621550882886632,2.3070413223140505,1.8338882921589688,0,0.0,5.369696969696969,0.16000000000000003,0.30303030303030304,0.7071067811865475,0.7071067811865476,0.9749279121818236,-0.22252093395631434,A,31.06323529411765,16.170588235294115,84.61764705882354,-0.020508021390373443,-0.24331550802138757,0.8975044563279795,31.487957144979205,32.36527777777778,31.042727272727276,21.732352941176465,0
2023-08-30 06:00:00,1,25.51666666666667,55.333333333333336,1002.3433333333334,30.347333333333328,-0.22302026699067015,1.4590748163539817,11.397444444444446,1.1444626021370203,0,0.0,4.75,7.869999999999999,408.7,0.7071067811865476,-0.7071067811865475,0.9749279121818236,-0.22252093395631434,A,31.042727272727276,15.927272727272728,85.51515151515152,-0.6953939393939486,9.589393939393942,-30.18181818181818,30.983471033868092,31.480588235294114,30.347333333333328,25.51666666666667,0
2023-08-30 12:00:00,1,27.3,47.18181818181818,1001.6272727272726,29.10878787878788,-0.109163005173565,1.916546731384032,14.419363636363638,1.0285790769889709,0,0.0,4.1818181818181825,10.91,476.4848484848485,-0.7071067811865471,-0.7071067811865479,0.9749279121818236,-0.22252093395631434,A,30.347333333333328,25.51666666666667,55.333333333333336,-1.2385454545454486,1.7833333333333314,-8.151515151515156,30.390520944741535,31.06323529411765,29.10878787878788,27.3,0
2023-08-30 18:00:00,1,18.85625,71.84375,1004.6031250000001,28.8675,-0.02635313434396655,0.6131766789136721,5.309212890625001,1.4538243626062324,0,0.0,7.778125,0.64,5.625,-0.7071067811865477,0.7071067811865474,0.9749279121818236,-0.22252093395631434,A,29.10878787878788,27.3,47.18181818181818,-0.2412878787878796,-8.443750000000001,24.66193181818182,29.84158712121212,31.042727272727276,28.8675,27.3,0
2023-08-31 00:00:00,1,15.588571428571425,81.08571428571429,1007.2085714285715,28.73914285714286,0.021305696866498126,0.3349814594243994,2.9484669387755083,1.7324664140544268,0,0.0,8.688571428571429,0.3400000000000001,0.34285714285714286,0.7071067811865475,0.7071067811865476,0.43388373911755823,-0.900968867902419,A,28.8675,18.85625,71.84375,-0.12835714285714062,-3.267678571428574,9.241964285714289,29.265691017316016,30.347333333333328,28.73914285714286,27.3,0
2023-08-31 06:00:00,1,26.316666666666663,54.53333333333333,1009.6566666666666,28.243,-0.16421153365493235,1.557178507302298,11.96531111111111,1.0339109212934716,0,0.0,5.073333333333334,7.720000000000002,397.6333333333333,0.7071067811865476,-0.7071067811865475,0.43388373911755823,-0.900968867902419,A,28.73914285714286,15.588571428571425,81.08571428571429,-0.49614285714286055,10.728095238095237,-26.552380952380958,28.739607683982683,29.10878787878788,28.243,27.3,0
2023-08-31 12:00:00,1,27.058823529411764,52.5,1009.6529411764707,27.464411764705883,-0.05469796413167789,1.6993897946498695,12.852941176470587,0.9788155136268344,0,10.7,5.641176470588236,8.830000000000002,360.38235294117646,-0.7071067811865471,-0.7071067811865479,0.43388373911755823,-0.900968867902419,A,28.243,26.316666666666663,54.53333333333333,-0.7785882352941158,0.7421568627451016,-2.0333333333333314,28.328513655462185,28.8675,27.464411764705883,27.058823529411764,0
2023-08-31 18:00:00,1,19.81388888888889,69.90277777777777,1012.122222222222,27.351666666666663,-0.008813932388397217,0.6956905793951231,5.963430169753089,1.3141064993994391,0,0.0,12.233333333333333,1.8,5.0,-0.7071067811865477,0.7071067811865474,0.43388373911755823,-0.900968867902419,A,27.464411764705883,27.058823529411764,52.5,-0.11274509803921973,-7.2449346405228745,17.40277777777777,27.94955532212885,28.73914285714286,27.351666666666663,27.058823529411764,0
2023-09-01 00:00:00,1,15.58888888888889,83.80555555555556,1014.1388888888891,27.145555555555557,-0.036796516242922475,0.2868175450316168,2.5245339506172844,1.6363697253851308,0,0.0,9.349999999999998,0.5999999999999999,0.3333333333333333,0.7071067811865475,0.7071067811865476,-0.433883739117558,-0.9009688679024191,A,27.351666666666663,19.81388888888889,69.90277777777777,-0.20611111111110603,-4.225,13.902777777777786,27.551158496732025,28.243,27.145555555555557,27.058823529411764,0
2023-09-01 06:00:00,1,30.181818181818183,44.90909090909091,1014.5666666666666,26.908484848484846,-0.15326113850716827,2.362031422055452,16.62743801652893,0.8629543245869775,0,0.0,4.890909090909091,9.58,448.3939393939394,0.7071067811865476,-0.7071067811865475,-0.433883739117558,-0.9009688679024191,A,27.145555555555557,15.58888888888889,83.80555555555556,-0.23707070707071054,14.592929292929293,-38.89646464646465,27.217529708853238,27.464411764705883,26.908484848484846,30.181818181818183,0
2023-09-01 12:00:00,1,31.540000000000003,40.371428571428574,1012.9114285714284,26.164000000000005,-0.063444417437905,2.762332736047035,18.80685142857143,0.8040565457897971,0,0.0,4.034285714285715,12.249999999999998,499.62857142857143,-0.7071067811865471,-0.7071067811865479,-0.433883739117558,-0.9009688679024191,A,26.908484848484846,30.181818181818183,44.90909090909091,-0.7444848484848414,1.3581818181818193,-4.537662337662333,26.892426767676767,27.351666666666663,26.164000000000005,31.540000000000003,0
2023-09-01 18:00:00,1,20.23793103448276,69.39655172413794,1015.0965517241382,26.075517241379313,-0.0035410192564094634,0.7262025288777685,6.193504756242568,1.2277804838447801,0,0.0,8.775862068965518,1.03,4.551724137931035,-0.7071067811865477,0.7071067811865474,-0.433883739117558,-0.9009688679024191,A,26.164000000000005,31.540000000000003,40.371428571428574,-0.08848275862069244,-11.302068965517243,29.025123152709362,26.57338941135493,27.145555555555557,26.075517241379313,31.540000000000003,0
2023-09-02 00:00:00,1,17.01111111111111,76.79629629629629,1016.1481481481482,25.991111111111113,-0.01610814012299989,0.44994167092630977,3.947207818930041,1.4430598396051824,0,0.0,5.644444444444446,0.09,0.2962962962962963,0.7071067811865475,0.7071067811865476,-0.9749279121818236,-0.2225209339563146,A,26.075517241379313,20.23793103448276,69.39655172413794,-0.08440613026819932,-3.22681992337165,7.399744572158355,26.28477830024382,26.908484848484846,25.991111111111113,31.540000000000003,0
2023-09-02 06:00:00,1,30.37878787878788,46.31818181818182,1016.3272727272728,25.73363636363636,-0.10270387082167096,2.3277118687239735,16.307885674931132,0.8200965717044905,0,0.0,4.996969696969696,10.12,461.27272727272725,0.7071067811865476,-0.7071067811865475,-0.9749279121818236,-0.2225209339563146,A,25.991111111111113,17.01111111111111,76.79629629629629,-0.2574747474747525,13.36767676767677,-30.47811447811447,25.991066179031698,26.164000000000005,25.73363636363636,31.540000000000003,0
2023-09-02 12:00:00,1,34.76129032258064,36.096774193548384,1014.9677419354838,25.152903225806444,-0.06542554374171104,3.5459392412490405,22.21358584807492,0.7033555836189788,0,0.0,4.832258064516128,11.409999999999998,506.7096774193548,-0.7071067811865471,-0.7071067811865479,-0.9749279121818236,-0.2225209339563146,A,25.73363636363636,30.37878787878788,46.31818181818182,-0.5807331378299168,4.382502443792763,-10.221407624633436,25.738291985483308,26.075517241379313,25.152903225806444,34.76129032258064,0
2023-09-02 18:00:00,1,20.815151515151513,73.46969696969697,1017.1272727272726,25.008181818181818,-0.0013499322679339158,0.6523555078715395,5.522322773186408,1.146367551048757,0,0.0,2.8484848484848486,0.23,5.636363636363637,-0.7071067811865477,0.7071067811865474,-0.9749279121818236,-0.2225209339563146,A,25.152903225806444,34.76129032258064,36.096774193548384,-0.14472140762462615,-13.94613880742913,37.372922776148584,25.471458129683935,25.991111111111113,25.008181818181818,34.76129032258064,0
2023-09-03 00:00:00,1,18.646875,78.3125,1018.4749999999999,24.948124999999997,-0.01299919719583739,0.46616153440441077,4.044041015625001,1.2698266263718783,0,0.0,6.09375,0.29,0.1875,0.7071067811865475,0.7071067811865476,-0.7818314824680299,0.6234898018587334,A,25.008181818181818,20.815151515151513,73.46969696969697,-0.060056818181820404,-2.1682765151515113,4.842803030303031,25.210711601906155,25.73363636363636,24.948124999999997,34.76129032258064,0
2023-09-03 06:00:00,1,30.7125,48.125,1018.34375,24.8009375,-0.04968908233287035,2.2926570970339792,15.932109375000001,0.7820555774536855,0,0.0,8.965625,9.959999999999999,416.875,0.7071067811865476,-0.7071067811865475,-0.7818314824680299,0.6234898018587334,A,24.948124999999997,18.646875,78.3125,-0.14718749999999758,12.065624999999997,-30.1875,24.977536885997065,25.152903225806444,24.8009375,34.76129032258064,0
2023-09-03 12:00:00,1,34.891176470588235,35.279411764705884,1015.8499999999998,24.49529411764706,-0.04801435814779642,3.6172014960758068,22.581774653979238,0.6824879128083259,0,0.0,9.326470588235296,14.41,518.4411764705883,-0.7071067811865471,-0.7071067811865479,-0.7818314824680299,0.6234898018587334,A,24.8009375,30.7125,48.125,-0.3056433823529403,4.178676470588236,-12.845588235294116,24.81313460895722,25.008181818181818,24.49529411764706,34.891176470588235,0
2023-09-03 18:00:00,1,20.2,76.45161290322581,1017.7935483870968,24.365806451612904,-0.006235554004994736,0.5574816190894794,4.756774193548387,1.1493304930006087,0,0.0,5.538709677419356,0.7400000000000001,2.806451612903226,-0.7071067811865477,0.7071067811865474,-0.7818314824680299,0.6234898018587334,A,24.49529411764706,34.891176470588235,35.279411764705884,-0.12948766603415507,-14.691176470588236,41.172201138519924,24.65254076731499,24.948124999999997,24.365806451612904,34.891176470588235,0
2023-09-04 00:00:00,1,18.061290322580643,83.45161290322581,1018.7451612903225,24.32290322580644,-0.008281444803230217,0.3428754106113501,2.988852237252862,1.2760365544085288,0,0.0,5.790322580645158,0.21000000000000005,0.16129032258064516,0.7071067811865475,0.7071067811865476,0.0,1.0,A,24.365806451612904,20.2,76.45161290322581,-0.04290322580646588,-2.1387096774193566,7.0,24.4962353237666,24.8009375,24.32290322580644,34.891176470588235,0
2023-09-04 06:00:00,1,31.099999999999998,51.096774193548384,1018.4000000000002,24.223225806451612,-0.032012409507157294,2.209561384916133,15.20890322580645,0.7546176263692093,0,0.0,12.725806451612904,10.18,432.16129032258067,0.7071067811865476,-0.7071067811865475,0.0,1.0,A,24.32290322580644,18.061290322580643,83.45161290322581,-0.09967741935482621,13.038709677419355,-32.35483870967742,24.351807400379503,24.49529411764706,24.223225806451612,34.891176470588235,0
2023-09-04 12:00:00,1,33.526470588235306,37.63235294117647,1015.6323529411765,23.992647058823522,-0.03107218923282292,3.2310237173045158,20.90967084775087,0.6949058693244735,0,0.0,14.45294117647059,14.34,487.94117647058823,-0.7071067811865471,-0.7071067811865479,0.0,1.0,A,24.223225806451612,31.099999999999998,51.096774193548384,-0.2305787476280905,2.4264705882353077,-13.464421252371913,24.226145635673618,24.365806451612904,23.992647058823522,33.526470588235306,0
2023-09-04 18:00:00,1,21.434375,63.078125,1017.203125,23.8659375,-0.017074947795264594,0.9430365798549882,7.9139731445312504,1.0638111157542833,0,0.0,12.212499999999999,2.55,4.875,-0.7071067811865477,0.7071067811865474,0.0,1.0,A,23.992647058823522,33.526470588235306,37.63235294117647,-0.12670955882352075,-12.092095588235306,25.44577205882353,24.101178397770394,24.32290322580644,23.8659375,33.526470588235306,0
2023-09-05 00:00:00,1,18.396551724137936,73.32758620689656,1017.8827586206896,23.79413793103448,-0.012349820907830366,0.5643929167380524,4.906804399524376,1.2267199999999996,0,0.0,8.324137931034484,1.1600000000000004,0.1724137931034483,0.7071067811865475,0.7071067811865476,0.7818314824680298,0.6234898018587336,A,23.8659375,21.434375,63.078125,-0.07179956896552042,-3.0378232758620634,10.249461206896555,23.968987074077404,24.223225806451612,23.79413793103448,33.526470588235306,0
2023-09-05 06:00:00,1,27.36764705882353,45.955882352941174,1017.9735294117648,23.71941176470588,-0.01987545603101735,1.968809159760129,14.790603373702425,0.8361430793157076,0,0.0,10.741176470588234,10.16,381.05882352941177,0.7071067811865476,-0.7071067811865475,0.7818314824680298,0.6234898018587336,A,23.79413793103448,18.396551724137936,73.32758620689656,-0.07472616632859896,8.971095334685593,-27.37170385395538,23.843033563640972,23.992647058823522,23.71941176470588,33.526470588235306,0
2023-09-05 12:00:00,1,30.85428571428571,32.48571428571429,1015.4257142857141,23.593714285714285,-0.029435337049317903,3.008070181325973,20.83105061224489,0.7406762938380125,0,0.0,16.25142857142857,14.589999999999998,485.74285714285713,-0.7071067811865471,-0.7071067811865479,0.7818314824680298,0.6234898018587336,A,23.71941176470588,27.36764705882353,45.955882352941174,-0.12569747899159722,3.4866386554621798,-13.470168067226886,23.743300370363663,23.8659375,23.593714285714285,30.85428571428571,0
2023-09-05 18:00:00,1,15.754285714285716,69.04285714285714,1018.2771428571427,23.458857142857138,-0.021451741570889887,0.5541158009236538,4.877076734693879,1.400170532060027,0,0.0,6.34857142857143,1.3100000000000003,3.7142857142857144,-0.7071067811865477,0.7071067811865474,0.7818314824680298,0.6234898018587336,A,23.593714285714285,30.85428571428571,32.48571428571429,-0.13485714285714678,-15.099999999999993,36.55714285714286,23.641530281077948,23.79413793103448,23.458857142857138,30.85428571428571,0
2023-09-06 00:00:00,1,13.4,77.17647058823529,1018.5676470588234,23.34647058823529,-0.0159804227158654,0.35089208930803495,3.058352941176471,1.6212826797385618,0,0.0,4.4941176470588236,0.16999999999999998,0.17647058823529413,0.7071067811865475,0.7071067811865476,0.9749279121818236,-0.22252093395631434,A,23.458857142857138,15.754285714285716,69.04285714285714,-0.1123865546218461,-2.354285714285716,8.133613445378145,23.52961344537815,23.71941176470588,23.34647058823529,30.85428571428571,0
2023-09-06 06:00:00,1,29.41515151515151,40.92424242424242,1017.760606060606,23.277575757575757,-0.01600101132070807,2.42375309588287,17.37722359963269,0.7653282853442265,0,0.0,6.1000000000000005,9.88,439.4848484848485,0.7071067811865476,-0.7071067811865475,0.9749279121818236,-0.22252093395631434,A,23.34647058823529,13.4,77.17647058823529,-0.06889483065953428,16.01515151515151,-36.25222816399287,23.419154443595616,23.593714285714285,23.277575757575757,30.85428571428571,0
2023-09-06 12:00:00,1,34.11333333333333,31.883333333333333,1014.8266666666667,23.19666666666667,-0.006303824797167522,3.6462294593051596,23.236865555555553,0.6606227453958612,0,0.0,7.753333333333334,11.829999999999997,532.7666666666667,-0.7071067811865471,-0.7071067811865479,0.9749279121818236,-0.22252093395631434,A,23.277575757575757,29.41515151515151,40.92424242424242,-0.08090909090908838,4.698181818181819,-9.04090909090909,23.319892538833713,23.458857142857138,23.19666666666667,34.11333333333333,0
2023-09-06 18:00:00,1,17.554285714285715,71.35714285714286,1016.0857142857143,23.164,-0.006685365887881346,0.574819359638534,5.028048979591836,1.2484447182014167,0,0.0,5.522857142857145,0.7999999999999999,3.942857142857143,-0.7071067811865477,0.7071067811865474,0.9749279121818236,-0.22252093395631434,A,23.19666666666667,34.11333333333333,31.883333333333333,-0.03266666666666751,-16.559047619047615,39.47380952380953,23.246178253119428,23.34647058823529,23.164,34.11333333333333,0
2023-09-07 00:00:00,1,16.038888888888888,75.72222222222223,1017.3111111111108,23.10166666666667,-0.013544252236983323,0.4425373138034798,3.893885802469135,1.3558200195630912,0,0.0,2.9500000000000006,0.0,0.16666666666666666,0.7071067811865475,0.7071067811865476,0.43388373911755823,-0.900968867902419,A,23.164,17.554285714285715,71.35714285714286,-0.06233333333333135,-1.5153968253968273,4.365079365079367,23.184977272727274,23.277575757575757,23.10166666666667,34.11333333333333,0
2023-09-07 06:00:00,1,31.058823529411764,40.794117647058826,1016.785294117647,23.053529411764703,-0.01221700900002913,2.6687994754379876,18.388650519031142,0.7191009174311925,0,0.0,5.973529411764707,10.240000000000002,437.61764705882354,0.7071067811865476,-0.7071067811865475,0.43388373911755823,-0.900968867902419,A,23.10166666666667,16.038888888888888,75.72222222222223,-0.04813725490196674,15.019934640522877,-34.9281045751634,23.12896568627451,23.19666666666667,23.053529411764703,34.11333333333333,0
2023-09-07 12:00:00,1,33.97999999999999,33.114285714285714,1014.0685714285714,23.00485714285714,-0.006866260765374266,3.553865185036561,22.727765714285706,0.65765743690272,0,0.0,13.59142857142857,15.039999999999997,509.22857142857146,-0.7071067811865471,-0.7071067811865479,0.43388373911755823,-0.900968867902419,A,23.053529411764703,31.058823529411764,40.794117647058826,-0.04867226890756271,2.9211764705882253,-7.679831932773112,23.08101330532213,23.164,23.00485714285714,33.97999999999999,0
2023-09-07 18:00:00,1,18.96666666666667,63.803030303030305,1015.9181818181819,22.97,-0.012006321065054303,0.7937372381499208,6.865358585858586,1.1504173622704505,0,0.0,7.451515151515152,1.54,3.8181818181818183,-0.7071067811865477,0.7071067811865474,0.43388373911755823,-0.900968867902419,A,23.00485714285714,33.97999999999999,33.114285714285714,-0.03485714285714181,-15.013333333333321,30.68874458874459,23.03251330532213,23.10166666666667,22.97,33.97999999999999,0
2023-09-08 00:00:00,1,15.05,79.02941176470588,1016.8705882352941,22.900000000000006,-0.02324689322598751,0.3587739569875137,3.156073529411765,1.4267912772585674,0,0.0,2.2764705882352945,0.1,0.0,0.7071067811865475,0.7071067811865476,-0.433883739117558,-0.9009688679024191,A,22.97,18.96666666666667,63.803030303030305,-0.06999999999999318,-3.916666666666668,15.22638146167558,22.982096638655463,23.053529411764703,22.900000000000006,33.97999999999999,0
2023-09-08 06:00:00,1,30.763636363636365,40.89393939393939,1016.0424242424243,22.827272727272724,-0.01637099952196694,2.6198704622571336,18.18317355371901,0.7186605609616484,0,0.0,5.075757575757576,10.059999999999999,440.3939393939394,0.7071067811865476,-0.7071067811865475,-0.433883739117558,-0.9009688679024191,A,22.900000000000006,15.05,79.02941176470588,-0.07272727272728119,15.713636363636365,-38.13547237076649,22.92553246753247,23.00485714285714,22.827272727272724,33.97999999999999,0
2023-09-08 12:00:00,1,34.78484848484849,32.666666666666664,1013.178787878788,22.77636363636364,-0.003155139200550241,3.74114939156195,23.421797979797983,0.636480650351427,0,0.0,8.066666666666666,12.68,492.8787878787879,-0.7071067811865471,-0.7071067811865479,-0.433883739117558,-0.9009688679024191,A,22.827272727272724,30.763636363636365,40.89393939393939,-0.05090909090908369,4.021212121212123,-8.227272727272727,22.86840909090909,22.97,22.77636363636364,34.78484848484849,0
2023-09-08 18:00:00,1,17.908823529411766,71.45588235294117,1014.4441176470588,22.739411764705885,-0.008563247082152128,0.5857784700724966,5.111915657439448,1.20258205008555,0,0.0,6.994117647058822,1.21,3.176470588235294,-0.7071067811865477,0.7071067811865474,-0.433883739117558,-0.9009688679024191,A,22.77636363636364,34.78484848484849,32.666666666666664,-0.03695187165775593,-16.876024955436723,38.78921568627451,22.810762032085563,22.900000000000006,22.739411764705885,34.78484848484849,0
2023-09-09 00:00:00,1,15.948571428571427,77.24285714285715,1015.2057142857144,22.673142857142853,-0.012050139525170653,0.41243278703298136,3.6294391836734685,1.3377612946729602,0,0.0,2.3314285714285723,0.12000000000000001,0.0,0.7071067811865475,0.7071067811865476,-0.9749279121818236,-0.2225209339563146,A,22.739411764705885,17.908823529411766,71.45588235294117,-0.06626890756303183,-1.9602521008403393,5.786974789915973,22.754047746371274,22.827272727272724,22.673142857142853,34.78484848484849,0
2023-09-09 06:00:00,1,31.22285714285714,41.41428571428571,1014.6771428571428,22.632571428571428,-0.0076868413476888706,2.665595591363898,18.29213387755102,0.7023763078560029,0,0.0,4.2457142857142856,10.549999999999997,434.42857142857144,0.7071067811865476,-0.7071067811865475,-0.9749279121818236,-0.2225209339563146,A,22.673142857142853,15.948571428571427,77.24285714285715,-0.04057142857142537,15.274285714285714,-35.828571428571436,22.705372421695948,22.77636363636364,22.632571428571428,34.78484848484849,0
2023-09-09 12:00:00,1,34.93142857142857,33.4,1012.5257142857141,22.61714285714286,0.0009307046588234775,3.730536609289362,23.264331428571428,0.6294529262086515,0,0.0,9.877142857142859,13.920000000000002,482.85714285714283,-0.7071067811865471,-0.7071067811865479,-0.9749279121818236,-0.2225209339563146,A,22.632571428571428,31.22285714285714,41.41428571428571,-0.01542857142856846,3.708571428571428,-8.014285714285712,22.665567226890754,22.739411764705885,22.61714285714286,34.93142857142857,0
2023-09-09 18:00:00,1,17.863636363636363,73.87878787878788,1014.5969696969696,22.603333333333335,-0.009386915458743,0.5345336938215468,4.666198347107438,1.198248995983936,0,0.0,7.445454545454546,1.37,2.909090909090909,-0.7071067811865477,0.7071067811865474,-0.9749279121818236,-0.2225209339563146,A,22.61714285714286,34.93142857142857,33.4,-0.013809523809523938,-17.067792207792206,40.47878787878788,22.63154761904762,22.673142857142853,22.603333333333335,34.93142857142857,0
2023-09-10 00:00:00,1,16.4,76.93055555555556,1015.2083333333334,22.538333333333338,-0.014930512755152392,0.4303065296158963,3.7833888888888882,1.295306513409962,0,0.0,4.266666666666667,0.24,0.0,0.7071067811865475,0.7071067811865476,-0.7818314824680299,0.6234898018587334,A,22.603333333333335,17.863636363636363,73.87878787878788,-0.06499999999999773,-1.4636363636363647,3.051767676767682,22.59784523809524,22.632571428571428,22.538333333333338,34.93142857142857,0
2023-09-10 06:00:00,1,32.03823529411765,39.4264705882353,1014.6470588235296,22.49235294117647,-0.00792043271629194,2.8863640421557633,19.406689878892735,0.6807976497818926,0,0.0,4.4,10.469999999999999,437.88235294117646,0.7071067811865476,-0.7071067811865475,-0.7818314824680299,0.6234898018587334,A,22.538333333333338,16.4,76.93055555555556,-0.04598039215686711,15.63823529411765,-37.50408496732026,22.562790616246502,22.61714285714286,22.49235294117647,34.93142857142857,0
2023-09-10 12:00:00,1,35.53939393939394,31.53030303030303,1012.1272727272726,22.47969696969697,0.0029699303945443277,3.96610081835742,24.33371533516988,0.6152181124564605,0,0.0,7.739393939393938,13.3,504.09090909090907,-0.7071067811865471,-0.7071067811865479,-0.7818314824680299,0.6234898018587334,A,22.49235294117647,32.03823529411765,39.4264705882353,-0.012655971479500039,3.5011586452762913,-7.896167557932266,22.52842914438503,22.603333333333335,22.47969696969697,35.53939393939394,0
2023-09-10 18:00:00,1,19.28333333333334,64.68055555555556,1013.0777777777777,22.471111111111114,-0.0007088107040600177,0.7899323363779456,6.8107662037037064,1.1078608600383455,0,0.0,6.749999999999998,1.32,2.5,-0.7071067811865477,0.7071067811865474,-0.7818314824680299,0.6234898018587334,A,22.47969696969697,35.53939393939394,31.53030303030303,-0.008585858585856698,-16.2560606060606,33.150252525252526,22.495373588829473,22.538333333333338,22.471111111111114,35.53939393939394,0
2023-09-11 00:00:00,1,18.027272727272727,65.89393939393939,1012.5545454545453,22.408181818181816,-0.009343452518546572,0.7051534502272219,6.148392561983471,1.1776875298614429,0,0.0,5.621212121212122,0.6200000000000001,0.0,0.7071067811865475,0.7071067811865476,0.0,1.0,A,22.471111111111114,19.28333333333334,64.68055555555556,-0.06292929292929728,-1.2560606060606112,1.2133838383838338,22.462835710041595,22.49235294117647,22.408181818181816,35.53939393939394,0
2023-09-11 06:00:00,1,32.04705882352942,38.63235294117647,1011.535294117647,22.372352941176473,-0.0008869449474835377,2.9256621464920296,19.666525951557098,0.6769846920612317,0,0.0,2.8823529411764715,10.299999999999999,438.11764705882354,0.7071067811865476,-0.7071067811865475,0.0,1.0,A,22.408181818181816,18.027272727272727,65.89393939393939,-0.03582887700534343,14.019786096256691,-27.26158645276292,22.432835710041594,22.47969696969697,22.372352941176473,35.53939393939394,0
2023-09-11 12:00:00,1,36.273529411764706,29.352941176470587,1008.3,22.38647058823529,0.006037011380290572,4.260540770148319,25.626181660899658,0.6005997001499249,0,0.0,6.48235294117647,13.0,475.2352941176471,-0.7071067811865471,-0.7071067811865479,0.0,1.0,A,22.372352941176473,32.04705882352942,38.63235294117647,0.014117647058817795,4.226470588235287,-9.279411764705884,22.40952911467617,22.471111111111114,22.372352941176473,36.273529411764706,0
2023-09-11 18:00:00,1,19.563636363636363,66.46969696969697,1009.6636363636362,22.37727272727273,-0.004041545333950236,0.7631028494476904,6.559746556473829,1.0881962864721486,0,0.0,5.712121212121212,1.29,2.3636363636363638,-0.7071067811865477,0.7071067811865474,0.0,1.0,A,22.38647058823529,36.273529411764706,29.352941176470587,-0.009197860962562032,-16.709893048128343,37.11675579322638,22.386069518716575,22.408181818181816,22.372352941176473,36.273529411764706,0
2023-09-12 00:00:00,1,19.097142857142856,71.28571428571429,1010.2685714285715,22.307142857142857,-0.02347662010307365,0.6347998771170147,5.483608163265304,1.1099658800113734,0,0.0,6.165714285714286,0.6500000000000001,0.0,0.7071067811865475,0.7071067811865476,0.7818314824680298,0.6234898018587336,A,22.37727272727273,19.563636363636363,66.46969696969697,-0.07012987012987182,-0.4664935064935065,4.816017316017323,22.360809778456836,22.38647058823529,22.307142857142857,36.273529411764706,0
2023-09-12 06:00:00,1,31.400000000000002,43.833333333333336,1010.6303030303031,22.605757575757575,0.2114859392401933,2.581373559517038,17.636333333333333,0.6977085671530114,0,0.0,3.1151515151515152,9.11,390.7878787878788,0.7071067811865476,-0.7071067811865475,0.7818314824680298,0.6234898018587336,A,22.307142857142857,19.097142857142856,71.28571428571429,0.29861471861471856,12.302857142857146,-27.452380952380956,22.419160937102113,22.605757575757575,22.307142857142857,36.273529411764706,0
2023-09-12 12:00:00,1,36.138888888888886,33.56944444444444,1008.2527777777775,23.206111111111106,0.030509399445325058,3.976812265779664,24.007264660493828,0.6248466716529543,0,0.0,4.400000000000001,12.779999999999996,458.6666666666667,-0.7071067811865471,-0.7071067811865479,0.7818314824680298,0.6234898018587336,A,22.605757575757575,31.400000000000002,43.833333333333336,0.6003535353535305,4.738888888888884,-10.263888888888893,22.624071067821067,23.206111111111106,22.307142857142857,36.138888888888886,0
2023-09-12 18:00:00,1,24.094285714285714,58.714285714285715,1010.1971428571427,23.287142857142857,-0.002266260685739229,1.2389206612700088,9.947497959183673,0.9279858818171468,0,0.0,8.374285714285717,1.8300000000000003,1.8857142857142857,-0.7071067811865477,0.7071067811865474,0.7818314824680298,0.6234898018587336,A,23.206111111111106,36.138888888888886,33.56944444444444,0.08103174603175134,-12.044603174603171,25.144841269841272,22.8515386002886,23.287142857142857,22.307142857142857,36.138888888888886,0
2023-09-13 00:00:00,1,18.38857142857143,73.32857142857142,1011.1285714285714,23.234,-0.010217819304677685,0.5640898220013721,4.904494693877553,1.1983348069554964,0,0.0,9.631428571428568,1.4100000000000001,0.0,0.7071067811865475,0.7071067811865476,0.9749279121818236,-0.22252093395631434,A,23.287142857142857,24.094285714285714,58.714285714285715,-0.053142857142855604,-5.705714285714283,14.614285714285707,23.083252886002885,23.287142857142857,22.605757575757575,36.138888888888886,0
2023-09-13 06:00:00,1,25.315151515151513,59.803030303030305,1012.2333333333332,23.203636363636363,0.0018016801411833015,1.2974506578747662,10.175923783287418,0.8817595578074621,0,0.6000000000000001,5.151515151515151,6.970000000000001,277.75757575757575,0.7071067811865476,-0.7071067811865475,0.9749279121818236,-0.22252093395631434,A,23.234,18.38857142857143,73.32857142857142,-0.03036363636363859,6.926580086580081,-13.525541125541118,23.23272258297258,23.287142857142857,23.203636363636363,36.138888888888886,0
2023-09-13 12:00:00,1,31.390625,40.375,1010.46875,23.284374999999997,0.021330441729473897,2.7388578051419135,18.716660156249997,0.7188615533043897,0,0.6000000000000001,10.584375,10.280000000000001,399.0,-0.7071067811865471,-0.7071067811865479,0.9749279121818236,-0.22252093395631434,A,23.203636363636363,25.315151515151513,59.803030303030305,0.08073863636363399,6.075473484848487,-19.428030303030305,23.252288555194806,23.287142857142857,23.203636363636363,31.390625,0
2023-09-13 18:00:00,1,22.009999999999998,68.15,1012.885,23.338000000000005,-0.015257429110204425,0.8426054898862894,7.010184999999997,1.0142546718817909,0,0.0,6.794999999999999,0.26,2.25,-0.7071067811865477,0.7071067811865474,0.9749279121818236,-0.22252093395631434,A,23.284374999999997,31.390625,40.375,0.05362500000000736,-9.380625000000002,27.775000000000006,23.265002840909094,23.338000000000005,23.203636363636363,31.390625,0
2023-06-29 12:00:00,2,33.93043478260871,35.93478260869565,1009.3000000000001,31.430869565217403,-0.1762310991959206,3.3946183142722557,21.737606805293016,0.899813293502614,165,0.0,8.895652173913044,9.139999999999997,474.0869565217391,-0.7071067811865471,-0.7071067811865479,0.43388373911755823,-0.900968867902419,A,23.284374999999997,31.390625,40.375,0.05362500000000736,-9.380625000000002,27.775000000000006,31.430869565217403,31.430869565217403,31.430869565217403,33.93043478260871,1
2023-06-29 18:00:00,2,24.508333333333336,53.916666666666664,1009.5944444444447,30.94027777777778,-0.07427934967856764,1.4176069313459103,11.294256944444445,1.212947838397038,0,0.0,7.416666666666667,2.8199999999999994,32.5,-0.7071067811865477,0.7071067811865474,0.43388373911755823,-0.900968867902419,A,31.430869565217403,33.93043478260871,35.93478260869565,-0.49059178743962306,-9.42210144927537,17.981884057971016,31.185573671497593,31.430869565217403,30.94027777777778,33.93043478260871,0
2023-06-30 00:00:00,2,20.345714285714287,84.35714285714286,1009.3628571428573,30.617428571428576,-0.05544820872665474,0.3736754462241807,3.182651020408162,1.4343595234908313,0,1.2000000000000002,7.405714285714286,0.41000000000000003,9.371428571428572,0.7071067811865475,0.7071067811865476,-0.433883739117558,-0.9009688679024191,A,30.94027777777778,24.508333333333336,53.916666666666664,-0.3228492063492041,-4.162619047619049,30.440476190476197,30.996191971474587,31.430869565217403,30.617428571428576,33.93043478260871,0
2023-06-30 06:00:00,2,24.699999999999996,69.23611111111111,1008.4888888888888,30.309444444444452,-0.051728100704754865,0.957252215711458,7.598680555555554,1.1793558149589283,0,3.000000000000001,3.2666666666666666,7.259999999999999,295.0,0.7071067811865476,-0.7071067811865475,-0.433883739117558,-0.9009688679024191,A,30.617428571428576,20.345714285714287,84.35714285714286,-0.3079841269841239,4.354285714285709,-15.121031746031747,30.824505089717054,31.430869565217403,30.309444444444452,33.93043478260871,0
2023-06-30 12:00:00,2,20.133333333333326,88.04166666666667,1007.8611111111109,32.26027777777778,1.2412557562077975,0.2819357122138251,2.407611111111109,1.5265115667718199,0,16.2,5.616666666666668,7.739999999999998,289.8333333333333,-0.7071067811865471,-0.7071067811865479,-0.433883739117558,-0.9009688679024191,A,30.309444444444452,24.699999999999996,69.23611111111111,1.9508333333333283,-4.56666666666667,18.805555555555557,31.031857142857145,32.26027777777778,30.309444444444452,24.699999999999996,0
2023-06-30 18:00:00,2,18.469444444444445,94.91666666666667,1007.5388888888891,35.5761111111111,-0.020155000770653454,0.10805666625885291,0.9388634259259251,1.8272792124411465,0,44.99999999999999,7.533333333333333,0.54,15.166666666666666,-0.7071067811865477,0.7071067811865474,-0.433883739117558,-0.9009688679024191,A,32.26027777777778,20.133333333333326,88.04166666666667,3.315833333333323,-1.6638888888888808,6.875,32.19081547619048,35.5761111111111,30.309444444444452,24.699999999999996,0
2023-07-01 00:00:00,2,17.879411764705882,95.61764705882354,1006.7117647058825,35.22852941176471,-0.1156749964318886,0.08976774645490737,0.7835389273356381,1.8659760087241006,0,0.0,6.26764705882353,0.15,9.029411764705882,0.7071067811865475,0.7071067811865476,-0.9749279121818236,-0.2225209339563146,A,35.5761111111111,18.469444444444445,94.91666666666667,-0.34758169934639227,-0.5900326797385631,0.7009803921568647,33.34359068627451,35.5761111111111,30.309444444444452,24.699999999999996,0
2023-07-01 06:00:00,2,23.802857142857142,76.9,1006.2914285714285,34.928000000000004,0.03281622066491901,0.6811706573031895,5.49846,1.4082248588872253,0,0.0,4.602857142857142,11.079999999999998,483.42857142857144,0.7071067811865476,-0.7071067811865475,-0.9749279121818236,-0.2225209339563146,A,35.22852941176471,17.879411764705882,95.61764705882354,-0.3005294117647068,5.923445378151261,-18.71764705882353,34.4982295751634,35.5761111111111,32.26027777777778,23.802857142857142,0
2023-07-01 12:00:00,2,31.62777777777778,47.791666666666664,1003.0805555555557,34.650555555555556,-0.28528150722508583,2.430649223680278,16.51233564814815,1.061995572961008,0,0.0,5.150000000000001,15.300000000000002,616.1666666666666,-0.7071067811865471,-0.7071067811865479,-0.9749279121818236,-0.2225209339563146,A,34.928000000000004,23.802857142857142,76.9,-0.2774444444444484,7.8249206349206375,-29.10833333333334,35.095799019607846,35.5761111111111,34.650555555555556,31.62777777777778,0
2023-07-01 18:00:00,2,21.177777777777777,83.52777777777777,1004.4416666666667,32.76222222222222,-0.25862603240548504,0.414159961598207,3.4884506172839527,1.477254509018036,0,0.0,6.7333333333333325,1.5599999999999998,34.333333333333336,-0.7071067811865477,0.7071067811865474,-0.9749279121818236,-0.2225209339563146,A,34.650555555555556,31.62777777777778,47.791666666666664,-1.8883333333333354,-10.450000000000003,35.73611111111111,34.39232679738562,35.22852941176471,32.76222222222222,31.62777777777778,0
2023-07-02 00:00:00,2,19.391666666666666,86.05555555555556,1005.6527777777776,31.61472222222222,-0.14137028069755564,0.3139819922234952,2.704060185185186,1.550374608363983,0,0.0,7.066666666666666,0.48,11.0,0.7071067811865475,0.7071067811865476,-0.7818314824680299,0.6234898018587334,A,32.76222222222222,21.177777777777777,83.52777777777777,-1.1475000000000009,-1.7861111111111114,2.5277777777777857,33.488875,34.928000000000004,31.61472222222222,31.62777777777778,0
2023-07-02 06:00:00,2,31.958333333333332,48.986111111111114,1005.8444444444447,31.156388888888884,-0.046850988171078856,2.419890511032853,16.303188657407407,0.9453265908133165,0,0.0,3.249999999999999,13.740000000000002,555.8333333333334,0.7071067811865476,-0.7071067811865475,-0.7818314824680299,0.6234898018587334,A,31.61472222222222,19.391666666666666,86.05555555555556,-0.4583333333333357,12.566666666666666,-37.06944444444444,32.54597222222222,34.650555555555556,31.156388888888884,31.958333333333332,0
2023-07-02 12:00:00,2,34.074285714285715,44.371428571428574,1004.517142857143,29.860000000000003,-0.30293056899166404,2.971289418983944,18.955038367346937,0.8513359400456175,0,3.8999999999999995,3.548571428571428,15.050000000000002,579.8571428571429,-0.7071067811865471,-0.7071067811865479,-0.7818314824680299,0.6234898018587334,A,31.156388888888884,31.958333333333332,48.986111111111114,-1.296388888888881,2.1159523809523826,-4.614682539682541,31.34833333333333,32.76222222222222,29.860000000000003,34.074285714285715,0
2023-07-02 18:00:00,2,25.26944444444445,64.41666666666667,1005.8555555555554,28.639722222222222,-0.13337323068162363,1.1454190577592618,8.99171064814815,1.0902294596595112,0,0.0,7.950000000000001,1.86,32.5,-0.7071067811865477,0.7071067811865474,-0.7818314824680299,0.6234898018587334,A,29.860000000000003,34.074285714285715,44.371428571428574,-1.2202777777777811,-8.804841269841265,20.045238095238098,30.31770833333333,31.61472222222222,28.639722222222222,34.074285714285715,0
2023-07-03 00:00:00,2,20.61714285714286,77.67142857142858,1007.4285714285714,27.965714285714284,-0.08689371123396333,0.5423870271718405,4.603513469387754,1.2936822627544275,0,0.0,5.911428571428573,0.56,9.342857142857143,0.7071067811865475,0.7071067811865476,0.0,1.0,A,28.639722222222222,25.26944444444445,64.41666666666667,-0.6740079365079374,-4.65230158730159,13.254761904761907,29.405456349206347,31.156388888888884,27.965714285714284,34.074285714285715,0
2023-07-03 06:00:00,2,32.46111111111111,50.75,1007.6722222222223,27.626666666666672,0.00647177575788879,2.403439926675654,15.987097222222223,0.8256350655819361,0,0.0,4.466666666666668,13.200000000000003,532.8333333333334,0.7071067811865476,-0.7071067811865475,0.0,1.0,A,27.965714285714284,20.61714285714286,77.67142857142858,-0.33904761904761216,11.84396825396825,-26.921428571428578,28.523025793650795,29.860000000000003,27.626666666666672,34.074285714285715,0
2023-07-03 12:00:00,2,31.288888888888884,51.81944444444444,1006.5611111111112,27.287777777777777,-0.10381004894028305,2.200411209612945,15.075160493827159,0.8451135581555403,0,52.19999999999999,5.833333333333333,13.080000000000002,502.6666666666667,-0.7071067811865471,-0.7071067811865479,0.0,1.0,A,27.626666666666672,32.46111111111111,50.75,-0.3388888888888957,-1.1722222222222243,1.0694444444444429,27.87997023809524,28.639722222222222,27.287777777777777,32.46111111111111,0
2023-07-03 18:00:00,2,21.708571428571428,76.28571428571429,1008.9828571428571,26.652,-0.10442593755773959,0.6159381843824203,5.1480326530612235,1.173653749370911,0,26.400000000000002,5.271428571428571,0.78,27.6,-0.7071067811865477,0.7071067811865474,0.0,1.0,A,27.287777777777777,31.288888888888884,51.81944444444444,-0.6357777777777756,-9.580317460317456,24.46626984126985,27.383039682539685,27.965714285714284,26.652,32.46111111111111,0
2023-07-04 00:00:00,2,20.31666666666667,79.04166666666667,1011.1638888888889,26.120833333333334,-0.08321629355986845,0.4997540411263184,4.258034722222221,1.2253713838936668,0,28.799999999999997,13.133333333333335,0.18,4.333333333333333,0.7071067811865475,0.7071067811865476,0.7818314824680298,0.6234898018587336,A,26.652,21.708571428571428,76.28571428571429,-0.5311666666666675,-1.3919047619047582,2.7559523809523796,26.921819444444445,27.626666666666672,26.120833333333334,32.46111111111111,0
2023-07-04 06:00:00,2,30.78181818181818,49.696969696969695,1010.8757575757576,26.184242424242424,0.13777411318182295,2.231990061653122,15.484187327823692,0.8238749046529367,307,1.5,3.7090909090909094,7.5,343.72727272727275,0.7071067811865476,-0.7071067811865475,0.7818314824680298,0.6234898018587336,A,26.120833333333334,20.31666666666667,79.04166666666667,0.06340909090909008,10.465151515151511,-29.344696969696976,26.561213383838385,27.287777777777777,26.120833333333334,31.288888888888884,1
2023-07-04 12:00:00,2,32.5,43.263888888888886,1008.5944444444443,41.577222222222225,2.3760893573783983,2.7748377680666483,18.439236111111114,1.2411111111111113,1642,13.200000000000003,6.550000000000001,11.999999999999996,453.5,-0.7071067811865471,-0.7071067811865479,0.7818314824680298,0.6234898018587336,A,26.184242424242424,30.78181818181818,49.696969696969695,15.392979797979802,1.7181818181818187,-6.43308080808081,30.133574494949496,41.577222222222225,26.120833333333334,32.5,2
2023-07-04 18:00:00,2,23.016666666666666,68.08333333333333,1008.9611111111111,38.22805555555556,-0.9345968525413949,0.8975831535953904,7.346152777777778,1.591730279898219,0,32.4,8.08333333333333,1.08,28.833333333333332,-0.7071067811865477,0.7071067811865474,0.7818314824680298,0.6234898018587336,A,41.577222222222225,32.5,43.263888888888886,-3.349166666666669,-9.483333333333334,24.819444444444443,33.027588383838385,41.577222222222225,26.120833333333334,32.5,0
2023-07-05 00:00:00,2,20.811428571428568,77.18571428571428,1010.6742857142855,35.70942857142856,-0.09163152969506287,0.5608536376251831,4.747978775510204,1.6371888917998425,0,3.0,8.777142857142858,0.41000000000000003,10.8,0.7071067811865475,0.7071067811865476,0.9749279121818236,-0.22252093395631434,A,38.22805555555556,23.016666666666666,68.08333333333333,-2.518626984126996,-2.205238095238098,9.102380952380955,35.42473719336219,41.577222222222225,26.184242424242424,32.5,0
2023-07-05 06:00:00,2,30.602777777777778,49.68055555555556,1010.6500000000001,35.199444444444445,-0.10183757149646254,2.210024221379125,15.399147762345681,1.1138085611321087,0,0.0,2.0833333333333335,13.02,543.8333333333334,0.7071067811865476,-0.7071067811865475,0.9749279121818236,-0.22252093395631434,A,35.70942857142856,20.811428571428568,77.18571428571428,-0.509984126984115,9.79134920634921,-27.505158730158726,37.6785376984127,41.577222222222225,35.199444444444445,32.5,0
2023-07-05 12:00:00,2,32.19428571428571,46.042857142857144,1007.7057142857144,40.51571428571428,2.5047712632050065,2.593842389312468,17.371116734693878,1.2205629196075056,972,0.0,5.114285714285714,14.759999999999998,569.9428571428572,-0.7071067811865471,-0.7071067811865479,0.9749279121818236,-0.22252093395631434,A,35.199444444444445,30.602777777777778,49.68055555555556,5.316269841269836,1.5915079365079343,-3.6376984126984127,37.41316071428571,40.51571428571428,35.199444444444445,32.19428571428571,2
2023-07-05 18:00:00,2,23.602941176470587,65.58823529411765,1008.7882352941177,39.10323529411764,-0.7041949995693757,1.0026001407566836,8.122188581314878,1.5893723849372383,0,0.0,6.967647058823529,1.2000000000000002,22.41176470588235,-0.7071067811865477,0.7071067811865474,0.9749279121818236,-0.22252093395631434,A,40.51571428571428,32.19428571428571,46.042857142857144,-1.4124789915966431,-8.591344537815125,19.545378151260508,37.63195564892623,40.51571428571428,35.199444444444445,32.19428571428571,0
2023-07-06 00:00:00,2,20.73428571428571,78.0,1010.6942857142856,36.813428571428574,-0.23320565124505815,0.5382745364804407,4.561542857142856,1.6937951886420406,0,0.0,8.319999999999999,0.6400000000000001,6.828571428571428,0.7071067811865475,0.7071067811865476,0.43388373911755823,-0.900968867902419,A,39.10323529411764,23.602941176470587,65.58823529411765,-2.2898067226890646,-2.8686554621848757,12.411764705882348,37.90795564892623,40.51571428571428,35.199444444444445,32.19428571428571,0
2023-07-06 06:00:00,2,25.142857142857146,61.55714285714286,1012.6,35.73114285714286,-0.1674742807652355,1.2281853183450597,9.665632653061227,1.3667650273224043,0,2.3000000000000003,6.585714285714286,7.7299999999999995,325.6,0.7071067811865476,-0.7071067811865475,0.43388373911755823,-0.900968867902419,A,36.813428571428574,20.73428571428571,78.0,-1.0822857142857103,4.408571428571435,-16.442857142857143,38.040880252100834,40.51571428571428,35.73114285714286,32.19428571428571,0
2023-07-06 12:00:00,2,27.119444444444444,53.40277777777778,1012.4861111111111,34.48861111111111,-0.21849189176760273,1.673026943264687,12.636907793209877,1.2265040007902797,0,6.0,7.550000000000001,10.559999999999999,410.3333333333333,-0.7071067811865471,-0.7071067811865479,0.43388373911755823,-0.900968867902419,A,35.73114285714286,25.142857142857146,61.55714285714286,-1.2425317460317515,1.9765873015872977,-8.154365079365078,36.534104458450045,39.10323529411764,34.48861111111111,27.119444444444444,0
2023-07-06 18:00:00,2,18.84705882352941,80.6470588235294,1014.8676470588238,33.41411764705882,-0.15516410989430937,0.42121950769611916,3.6474602076124576,1.6835803200948432,0,0.0,3.238235294117647,0.77,23.235294117647058,-0.7071067811865477,0.7071067811865474,0.43388373911755823,-0.900968867902419,A,34.48861111111111,27.119444444444444,53.40277777777778,-1.0744934640522885,-8.272385620915035,27.244281045751627,35.11182504668535,36.813428571428574,33.41411764705882,27.119444444444444,0
2023-07-07 00:00:00,2,17.641666666666666,87.5,1016.7305555555556,32.59916666666666,-0.11907302527757595,0.25224275445948763,2.205208333333333,1.7487259722843091,0,0.0,5.183333333333334,0.18,9.666666666666666,0.7071067811865475,0.7071067811865476,-0.433883739117558,-0.9009688679024191,A,33.41411764705882,18.84705882352941,80.6470588235294,-0.8149509803921617,-1.205392156862743,6.852941176470594,34.05825957049487,35.73114285714286,32.59916666666666,27.119444444444444,0
2023-07-07 06:00:00,2,31.05,48.13235294117647,1016.9823529411765,32.146764705882354,-0.08528164245653776,2.3368431377291246,16.104904411764707,1.003019179590713,0,0.0,5.685294117647059,12.78,558.2058823529412,0.7071067811865476,-0.7071067811865475,-0.433883739117558,-0.9009688679024191,A,32.59916666666666,17.641666666666666,87.5,-0.4524019607843073,13.408333333333335,-39.36764705882353,33.16216503267974,34.48861111111111,32.146764705882354,31.05,0
2023-07-07 12:00:00,2,33.311764705882354,39.01470588235294,1015.3558823529411,29.948823529411765,-0.3738000599125391,3.121704529775288,20.315277681660902,0.8728441625235728,0,0.0,11.011764705882355,16.800000000000004,633.2352941176471,-0.7071067811865471,-0.7071067811865479,-0.433883739117558,-0.9009688679024191,A,32.146764705882354,31.05,48.13235294117647,-2.1979411764705894,2.261764705882353,-9.117647058823529,32.0272181372549,33.41411764705882,29.948823529411765,33.311764705882354,0
2023-07-07 18:00:00,2,24.549999999999997,58.75,1016.0194444444444,28.754722222222224,-0.11152184208463733,1.2720894362358222,10.126874999999998,1.125429441182866,0,0.0,8.483333333333333,2.46,32.5,-0.7071067811865477,0.7071067811865474,-0.433883739117558,-0.9009688679024191,A,29.948823529411765,33.311764705882354,39.01470588235294,-1.1941013071895412,-8.761764705882356,19.735294117647058,30.86236928104575,32.59916666666666,28.754722222222224,33.311764705882354,0
2023-07-08 00:00:00,2,17.696969696969695,85.5,1017.4181818181819,28.162727272727274,-0.09233290442660444,0.2936234686136532,2.5660606060606064,1.5062722852512158,0,0.0,6.675757575757575,0.31,9.090909090909092,0.7071067811865475,0.7071067811865476,-0.9749279121818236,-0.2225209339563146,A,28.754722222222224,24.549999999999997,58.75,-0.5919949494949499,-6.853030303030302,26.75,29.753259432560906,32.146764705882354,28.162727272727274,33.311764705882354,0
2023-07-08 06:00:00,2,31.405714285714282,45.628571428571426,1016.6628571428573,28.19742857142857,0.4132969859453333,2.499676527606472,17.075735510204083,0.8701375418797391,295,0.0,5.517142857142859,12.28,495.0,0.7071067811865476,-0.7071067811865475,-0.9749279121818236,-0.2225209339563146,A,28.162727272727274,17.696969696969695,85.5,0.03470129870129668,13.708744588744587,-39.871428571428574,28.76592539894746,29.948823529411765,28.162727272727274,33.311764705882354,1
2023-07-08 12:00:00,2,35.842857142857135,34.84285714285714,1014.6142857142858,33.58914285714286,-0.9852449412357077,3.83773336080511,23.354181632653056,0.9116867002714233,13,0.0,6.002857142857142,17.270000000000003,645.4285714285714,-0.7071067811865471,-0.7071067811865479,-0.9749279121818236,-0.2225209339563146,A,28.19742857142857,31.405714285714282,45.628571428571426,5.39171428571429,4.437142857142852,-10.785714285714285,29.676005230880232,33.58914285714286,28.162727272727274,35.842857142857135,1
2023-07-08 18:00:00,2,23.56666666666667,67.61111111111111,1015.5527777777778,30.334999999999997,-0.24679078300126456,0.9416039605637863,7.632981481481482,1.2348032564450473,0,0.0,5.083333333333335,1.8,32.5,-0.7071067811865477,0.7071067811865474,-0.9749279121818236,-0.2225209339563146,A,33.58914285714286,35.842857142857135,34.84285714285714,-3.254142857142863,-12.276190476190465,32.76825396825397,30.071074675324677,33.58914285714286,28.162727272727274,35.842857142857135,0
2023-07-09 00:00:00,2,21.18611111111111,74.31944444444444,1017.0999999999999,29.181666666666665,-0.14445957727132866,0.6460145855308455,5.440711033950619,1.3153123826217603,0,0.0,4.949999999999999,0.36,10.0,0.7071067811865475,0.7071067811865476,-0.7818314824680299,0.6234898018587334,A,30.334999999999997,23.56666666666667,67.61111111111111,-1.1533333333333324,-2.38055555555556,6.708333333333329,30.325809523809525,33.58914285714286,28.19742857142857,35.842857142857135,0
2023-07-09 06:00:00,2,34.51714285714285,42.6,1016.6857142857145,28.08742857142857,-0.21456717072695894,3.142276402005885,19.812839999999998,0.7908132893572521,0,0.0,4.842857142857142,14.64,577.4571428571429,0.7071067811865476,-0.7071067811865475,-0.7818314824680299,0.6234898018587334,A,29.181666666666665,21.18611111111111,74.31944444444444,-1.0942380952380937,13.33103174603174,-31.71944444444444,30.29830952380952,33.58914285714286,28.08742857142857,35.842857142857135,0
2023-07-09 12:00:00,2,37.50277777777778,37.583333333333336,1014.3555555555558,26.651111111111113,-0.2680366427554346,4.025065416427918,23.407983796296296,0.6921867109155184,0,0.0,6.383333333333334,18.72,646.3333333333334,-0.7071067811865471,-0.7071067811865479,-0.7818314824680299,0.6234898018587334,A,28.08742857142857,34.51714285714285,42.6,-1.4363174603174578,2.9856349206349293,-5.016666666666666,28.563801587301587,30.334999999999997,26.651111111111113,37.50277777777778,0
2023-07-09 18:00:00,2,25.371428571428567,68.78571428571429,1015.3828571428572,25.67228571428572,-0.0860052076812655,1.0108878093514182,7.919510204081629,0.9734886240520048,0,0.0,6.7142857142857135,2.16,32.74285714285714,-0.7071067811865477,0.7071067811865474,-0.7818314824680299,0.6234898018587334,A,26.651111111111113,37.50277777777778,37.583333333333336,-0.9788253968253926,-12.131349206349213,31.202380952380956,27.39812301587302,29.181666666666665,25.67228571428572,37.50277777777778,0
2023-07-10 00:00:00,2,23.230555555555558,71.72222222222223,1016.6527777777778,25.233055555555552,-0.07437160836019384,0.8055927178210118,6.569084876543208,1.0413733807176428,0,0.0,3.9833333333333325,0.3,9.833333333333334,0.7071067811865475,0.7071067811865476,0.0,1.0,A,25.67228571428572,25.371428571428567,68.78571428571429,-0.4392301587301688,-2.1408730158730087,2.9365079365079367,26.41097023809524,28.08742857142857,25.233055555555552,37.50277777777778,0
2023-07-10 06:00:00,2,35.594285714285704,46.05714285714286,1016.0285714285715,25.095428571428574,0.3150433349573057,3.13408975314279,19.20057469387754,0.6857745159275456,521,0.0,3.4971428571428578,14.82,572.2285714285714,0.7071067811865476,-0.7071067811865475,0.0,1.0,A,25.233055555555552,23.230555555555558,71.72222222222223,-0.13762698412697816,12.363730158730146,-25.66507936507937,25.662970238095237,26.651111111111113,25.095428571428574,37.50277777777778,1
2023-07-10 12:00:00,2,39.13823529411764,38.779411764705884,1012.7470588235294,32.94,-0.97255927484815,4.312083158459296,23.960657871972316,0.820663882171906,363,0.0,3.5411764705882356,16.2,590.8823529411765,-0.7071067811865471,-0.7071067811865479,0.0,1.0,A,25.095428571428574,35.594285714285704,46.05714285714286,7.844571428571424,3.5439495798319385,-7.277731092436973,27.23519246031746,32.94,25.095428571428574,39.13823529411764,1
2023-07-10 18:00:00,2,28.674999999999997,53.19444444444444,1012.7833333333336,29.252777777777776,-0.24195212599078156,1.8399529261918648,13.421493055555555,0.985771786951231,0,0.0,6.283333333333333,2.039999999999999,31.666666666666668,-0.7071067811865477,0.7071067811865474,0.0,1.0,A,32.94,39.13823529411764,38.779411764705884,-3.6872222222222213,-10.463235294117645,14.415032679738559,28.130315476190475,32.94,25.095428571428574,39.13823529411764,0
2023-07-11 00:00:00,2,24.191666666666666,61.916666666666664,1013.5055555555555,28.135277777777773,-0.1517407670053553,1.149514164381454,9.212993055555556,1.1168486051383832,0,0.0,5.849999999999999,1.0800000000000003,9.666666666666666,0.7071067811865475,0.7071067811865476,0.7818314824680298,0.6234898018587336,A,29.252777777777776,28.674999999999997,53.19444444444444,-1.1175000000000033,-4.483333333333331,8.722222222222221,28.85587103174603,32.94,25.095428571428574,39.13823529411764,0
2023-07-11 06:00:00,2,35.45277777777778,46.31944444444444,1012.9666666666667,26.48388888888889,-0.372171416813385,3.0946446547669266,19.031248070987655,0.7265259468109426,0,0.0,4.316666666666668,15.299999999999999,562.6666666666666,0.7071067811865476,-0.7071067811865475,0.7818314824680298,0.6234898018587336,A,28.135277777777773,24.191666666666666,61.916666666666664,-1.6513888888888815,11.261111111111116,-15.597222222222221,29.20298611111111,32.94,26.48388888888889,39.13823529411764,0
2023-07-11 12:00:00,2,39.53888888888889,36.708333333333336,1010.1194444444443,23.914444444444445,-0.4044960867246702,4.554640099224713,25.024821759259257,0.5899136631492394,0,0.0,3.133333333333333,17.399999999999995,610.8333333333334,-0.7071067811865471,-0.7071067811865479,0.7818314824680298,0.6234898018587336,A,26.48388888888889,35.45277777777778,46.31944444444444,-2.5694444444444464,4.086111111111109,-9.611111111111107,26.946597222222223,29.252777777777776,23.914444444444445,39.53888888888889,0
2023-07-11 18:00:00,2,28.16857142857143,51.97142857142857,1009.2971428571427,22.731428571428577,-0.0666858320788141,1.8333418506332329,13.528962448979593,0.7793123714369675,0,0.0,4.428571428571427,1.6500000000000001,32.91428571428571,-0.7071067811865477,0.7071067811865474,0.7818314824680298,0.6234898018587336,A,23.914444444444445,39.53888888888889,36.708333333333336,-1.1830158730158686,-11.370317460317462,15.263095238095232,25.31625992063492,28.135277777777773,22.731428571428577,39.53888888888889,0
2023-07-12 00:00:00,2,23.491176470588233,75.38235294117646,1010.8058823529412,22.454705882352943,-0.032139377503828614,0.712432675283829,5.78297491349481,0.9168488050918701,0,0.0,9.576470588235296,0.9400000000000001,7.411764705882353,0.7071067811865475,0.7071067811865476,0.9749279121818236,-0.22252093395631434,A,22.731428571428577,28.16857142857143,51.97142857142857,-0.27672268907563335,-4.677394957983196,23.410924369747896,23.89611694677871,26.48388888888889,22.454705882352943,39.53888888888889,0
2023-07-12 06:00:00,2,33.39722222222222,55.30555555555556,1011.5583333333335,21.94138888888889,-0.1588585289597809,2.2987753671413986,14.926702932098765,0.6378825809577648,0,0.0,3.7666666666666675,13.079999999999998,488.0,0.7071067811865476,-0.7071067811865475,0.9749279121818236,-0.22252093395631434,A,22.454705882352943,23.491176470588233,75.38235294117646,-0.513316993464052,9.906045751633986,-20.076797385620907,22.760491946778714,23.914444444444445,21.94138888888889,39.53888888888889,0
2023-07-12 12:00:00,2,36.77222222222222,43.65277777777778,1008.6083333333331,44.61916666666666,5.664777553333395,3.4920534297029358,20.720125771604934,1.181269304309457,1088,0.0,8.883333333333335,17.219999999999995,560.0,-0.7071067811865471,-0.7071067811865479,0.9749279121818236,-0.22252093395631434,A,21.94138888888889,33.39722222222222,55.30555555555556,22.677777777777766,3.375,-11.652777777777779,27.936672502334265,44.61916666666666,21.94138888888889,36.77222222222222,2
2023-07-12 18:00:00,2,27.497142857142858,68.22857142857143,1008.6114285714284,48.684857142857155,-0.3142267316327905,1.1662202287013543,8.736235102040817,1.7084118708642473,0,0.0,10.98,1.72,30.0,-0.7071067811865477,0.7071067811865474,0.9749279121818236,-0.22252093395631434,A,44.61916666666666,36.77222222222222,43.65277777777778,4.065690476190497,-9.27507936507936,24.57579365079365,34.425029645191415,48.684857142857155,21.94138888888889,36.77222222222222,0
2023-07-13 00:00:00,2,21.35833333333333,76.45833333333333,1009.8583333333333,46.780833333333334,-0.26114449969933484,0.598493858722829,5.02810763888889,2.092322027581066,0,10.2,7.650000000000001,0.6000000000000001,4.333333333333333,0.7071067811865475,0.7071067811865476,0.43388373911755823,-0.900968867902419,A,48.684857142857155,27.497142857142858,68.22857142857143,-1.9040238095238209,-6.1388095238095275,8.2297619047619,40.50656150793651,48.684857142857155,21.94138888888889,36.77222222222222,0
2023-07-13 06:00:00,2,26.097222222222225,68.29166666666667,1010.7111111111111,45.15444444444445,-0.1914872560757497,1.0719975647029085,8.274994212962962,1.6663864684777039,0,264.6,5.666666666666667,8.1,323.8333333333333,0.7071067811865476,-0.7071067811865475,0.43388373911755823,-0.900968867902419,A,46.780833333333334,21.35833333333333,76.45833333333333,-1.6263888888888829,4.738888888888894,-8.166666666666657,46.309825396825396,48.684857142857155,44.61916666666666,36.77222222222222,0
2023-07-13 12:00:00,2,33.93714285714286,47.74285714285714,1008.8514285714284,43.888000000000005,-0.4014881338993269,2.769979750684322,17.734581224489798,1.2561988877984953,0,1.2000000000000002,6.182857142857143,11.920000000000002,446.51428571428573,-0.7071067811865471,-0.7071067811865479,0.43388373911755823,-0.900968867902419,A,45.15444444444445,26.097222222222225,68.29166666666667,-1.2664444444444456,7.8399206349206345,-20.54880952380953,46.127033730158736,48.684857142857155,43.888000000000005,33.93714285714286,0
2023-07-13 18:00:00,2,24.39166666666667,72.19444444444444,1011.1416666666667,41.68388888888889,-0.3437287902645336,0.8494010343192984,6.782238425925928,1.6416365824308061,0,0.0,8.033333333333331,1.3800000000000001,32.166666666666664,-0.7071067811865477,0.7071067811865474,0.43388373911755823,-0.900968867902419,A,43.888000000000005,33.93714285714286,47.74285714285714,-2.204111111111118,-9.54547619047619,24.451587301587303,44.37679166666666,46.780833333333334,41.68388888888889,33.93714285714286,0
2023-07-14 00:00:00,2,21.950000000000003,80.29166666666667,1013.072222222222,40.29888888888889,-0.12105326713850503,0.5194888676674383,4.325979166666666,1.7559428709755505,0,0.0,12.116666666666665,0.5399999999999999,6.0,0.7071067811865475,0.7071067811865476,-0.433883739117558,-0.9009688679024191,A,41.68388888888889,24.39166666666667,72.19444444444444,-1.384999999999998,-2.4416666666666664,8.097222222222229,42.756305555555564,45.15444444444445,40.29888888888889,33.93714285714286,0
2023-07-14 06:00:00,2,29.024999999999995,65.08333333333333,1013.2750000000001,45.223333333333336,2.8920806767397758,1.4006710410215044,10.1345625,1.5061892867055235,670,2.4000000000000004,12.766666666666664,10.559999999999999,397.3333333333333,0.7071067811865476,-0.7071067811865475,-0.433883739117558,-0.9009688679024191,A,40.29888888888889,21.950000000000003,80.29166666666667,4.924444444444447,7.074999999999992,-15.208333333333343,42.77352777777778,45.223333333333336,40.29888888888889,33.93714285714286,2
2023-07-14 12:00:00,2,34.480000000000004,44.05714285714286,1010.4599999999999,47.80085714285714,-1.2238703205477706,3.05620353784865,19.289097142857145,1.3472620389756802,166,0.6000000000000001,6.788571428571429,15.579999999999998,577.8857142857142,-0.7071067811865471,-0.7071067811865479,-0.433883739117558,-0.9009688679024191,A,45.223333333333336,29.024999999999995,65.08333333333333,2.5775238095238038,5.455000000000009,-21.02619047619047,43.75174206349206,47.80085714285714,40.29888888888889,34.480000000000004,1
2023-07-14 18:00:00,2,25.716666666666665,64.41666666666667,1011.4944444444445,43.76499999999999,-0.2864075776188566,1.1762243998462614,9.150847222222222,1.6381160324391764,0,0.0,5.049999999999999,1.32,30.833333333333332,-0.7071067811865477,0.7071067811865474,-0.433883739117558,-0.9009688679024191,A,47.80085714285714,34.480000000000004,44.05714285714286,-4.035857142857147,-8.763333333333339,20.359523809523814,44.272019841269845,47.80085714285714,40.29888888888889,34.480000000000004,0
2023-07-15 00:00:00,2,21.95555555555556,72.23611111111111,1012.3833333333334,42.255,-0.22668217518781852,0.7320719357599876,6.095716049382717,1.840730880929332,0,0.0,4.650000000000001,0.36,8.666666666666666,0.7071067811865475,0.7071067811865476,-0.9749279121818236,-0.2225209339563146,A,43.76499999999999,25.716666666666665,64.41666666666667,-1.509999999999991,-3.7611111111111057,7.819444444444443,44.761047619047616,47.80085714285714,42.255,34.480000000000004,0
2023-07-15 06:00:00,2,34.54571428571428,48.614285714285714,1012.014285714286,42.56885714285714,0.4146965210779054,2.817494501800349,17.751562040816324,1.197580580339201,0,0.0,3.7371428571428584,14.110000000000001,564.9428571428572,0.7071067811865476,-0.7071067811865475,-0.9749279121818236,-0.2225209339563146,A,42.255,21.95555555555556,72.23611111111111,0.31385714285713817,12.590158730158723,-23.6218253968254,44.097428571428566,47.80085714285714,42.255,34.54571428571428,0
2023-07-15 12:00:00,2,37.97222222222223,38.80555555555556,1009.4333333333333,42.47999999999999,-0.44959989061473077,4.047898423103589,23.236890432098768,1.0900071275837486,0,0.0,4.633333333333334,17.4,620.0,-0.7071067811865471,-0.7071067811865479,-0.9749279121818236,-0.2225209339563146,A,42.56885714285714,34.54571428571428,48.614285714285714,-0.08885714285715096,3.426507936507946,-9.808730158730157,42.76721428571429,43.76499999999999,42.255,37.97222222222223,0
2023-07-15 18:00:00,2,25.052777777777777,55.625,1010.1305555555552,39.81472222222222,-0.3125036047817422,1.4101265628895712,11.117170138888888,1.5282332871308242,0,0.0,6.216666666666665,1.9800000000000002,32.166666666666664,-0.7071067811865477,0.7071067811865474,-0.9749279121818236,-0.2225209339563146,A,42.47999999999999,37.97222222222223,38.80555555555556,-2.665277777777767,-12.919444444444451,16.819444444444443,41.779644841269835,42.56885714285714,39.81472222222222,37.97222222222223,0
2023-07-16 00:00:00,2,20.95,70.16666666666667,1010.6222222222225,38.35805555555556,-0.18380675897959753,0.7396809522274339,6.250083333333333,1.7475196152872692,0,0.0,6.766666666666666,1.2600000000000002,8.666666666666666,0.7071067811865475,0.7071067811865476,-0.7818314824680299,0.6234898018587334,A,39.81472222222222,25.052777777777777,55.625,-1.4566666666666634,-4.102777777777778,14.541666666666671,40.80540873015873,42.56885714285714,38.35805555555556,37.97222222222223,0
2023-07-16 06:00:00,2,36.53055555555556,38.25,1010.7027777777779,38.64194444444445,0.33693819554660126,3.7767144375090056,22.557618055555555,1.0296129080008882,0,0.0,7.199999999999999,15.240000000000002,565.1666666666666,0.7071067811865476,-0.7071067811865475,-0.7818314824680299,0.6234898018587334,A,38.35805555555556,20.95,70.16666666666667,0.28388888888888886,15.58055555555556,-31.91666666666667,39.823680555555555,42.47999999999999,38.35805555555556,37.97222222222223,0
2023-07-16 12:00:00,2,39.11714285714286,32.75714285714286,1009.0857142857141,39.23057142857143,-0.3119101915505171,4.730907945446043,26.303484489795917,0.9779004344419913,0,0.0,6.214285714285714,18.96,654.8285714285714,-0.7071067811865471,-0.7071067811865479,-0.7818314824680299,0.6234898018587334,A,38.64194444444445,36.53055555555556,38.25,0.5886269841269822,2.5865873015873007,-5.49285714285714,39.01132341269842,39.81472222222222,38.35805555555556,39.11714285714286,0
2023-07-16 18:00:00,2,28.1,46.52777777777778,1010.5527777777778,37.20111111111111,-0.27716209792588026,2.0330113085453725,15.025694444444445,1.2783886979763268,0,0.0,12.116666666666667,4.380000000000001,31.833333333333332,-0.7071067811865477,0.7071067811865474,-0.7818314824680299,0.6234898018587334,A,39.23057142857143,39.11714285714286,32.75714285714286,-2.0294603174603196,-11.017142857142858,13.770634920634919,38.35792063492063,39.23057142857143,37.20111111111111,39.11714285714286,0
2023-07-17 00:00:00,2,22.99722222222222,56.77777777777778,1011.9055555555553,35.919444444444444,-0.16647865259831796,1.214097370605114,9.939910493827158,1.496816761199213,0,0.0,11.499999999999996,2.5799999999999996,8.5,0.7071067811865475,0.7071067811865476,0.0,1.0,A,37.20111111111111,28.1,46.52777777777778,-1.2816666666666663,-5.102777777777781,10.25,37.74826785714286,39.23057142857143,35.919444444444444,39.11714285714286,0
2023-07-17 06:00:00,2,36.99142857142858,37.214285714285715,1012.3885714285714,42.99742857142857,3.750367244822339,3.9378485011689017,23.22533265306123,1.1317665638865908,1025,0.0,5.128571428571428,14.87,564.6285714285714,0.7071067811865476,-0.7071067811865475,0.0,1.0,A,35.919444444444444,22.99722222222222,56.77777777777778,7.077984126984127,13.994206349206358,-19.563492063492063,38.83713888888889,42.99742857142857,35.919444444444444,39.11714285714286,2
2023-07-17 12:00:00,2,39.34166666666667,33.30555555555556,1009.9833333333333,43.647499999999994,-1.980182277377513,4.749127353804511,26.23870601851852,1.0819458789506298,82,0.0,6.633333333333335,19.140000000000008,626.0,-0.7071067811865471,-0.7071067811865479,0.0,1.0,A,42.99742857142857,36.99142857142858,37.214285714285715,0.6500714285714224,2.3502380952380904,-3.908730158730158,39.94137103174603,43.647499999999994,35.919444444444444,39.34166666666667,1
2023-07-17 18:00:00,2,28.705555555555552,44.583333333333336,1011.1638888888889,38.41805555555556,-0.2759991375788447,2.182319657729253,15.907662037037037,1.2932953057789418,0,0.0,19.216666666666665,6.3,30.5,-0.7071067811865477,0.7071067811865474,0.0,1.0,A,43.647499999999994,39.34166666666667,33.30555555555556,-5.229444444444432,-10.636111111111116,11.277777777777779,40.24560714285714,43.647499999999994,35.919444444444444,39.34166666666667,0
2023-07-18 00:00:00,2,21.691666666666666,75.375,1013.172222222222,37.24444444444444,-0.14769531205324285,0.6389322327416469,5.341572916666666,1.6413269678051168,0,0.0,7.61666666666667,1.8000000000000003,8.0,0.7071067811865475,0.7071067811865476,0.7818314824680298,0.6234898018587336,A,38.41805555555556,28.705555555555552,44.583333333333336,-1.1736111111111214,-7.013888888888886,30.791666666666664,40.576857142857136,43.647499999999994,37.24444444444444,39.34166666666667,0
2023-07-18 06:00:00,2,36.56,46.628571428571426,1013.3257142857143,37.53371428571428,0.34340205359473736,3.269526315051905,19.51259428571429,0.9993001673512855,0,0.0,4.105714285714285,14.389999999999999,543.5714285714286,0.7071067811865476,-0.7071067811865475,0.7818314824680298,0.6234898018587336,A,37.24444444444444,21.691666666666666,75.375,0.28926984126984223,14.868333333333336,-28.746428571428574,39.21092857142857,43.647499999999994,37.24444444444444,39.34166666666667,0
2023-07-18 12:00:00,2,39.122857142857136,41.628571428571426,1009.0342857142858,37.73657142857143,-0.3563994029891167,4.108012604880623,22.836570612244895,0.9405255287331769,0,0.0,6.922857142857144,19.119999999999997,640.0571428571428,-0.7071067811865471,-0.7071067811865479,0.7818314824680298,0.6234898018587336,A,37.53371428571428,36.56,46.628571428571426,0.20285714285714818,2.5628571428571334,-5.0,37.73319642857143,38.41805555555556,37.24444444444444,39.122857142857136,0
2023-07-18 18:00:00,2,29.300000000000004,61.291666666666664,1010.2083333333335,35.82222222222223,-0.2498255560960715,1.577615880063314,11.341541666666668,1.1822515584891824,0,0.0,5.683333333333333,2.1599999999999993,30.166666666666668,-0.7071067811865477,0.7071067811865474,0.7818314824680298,0.6234898018587336,A,37.73657142857143,39.122857142857136,41.628571428571426,-1.9143492063492005,-9.822857142857131,19.663095238095238,37.08423809523809,37.73657142857143,35.82222222222223,39.122857142857136,0
2023-07-19 00:00:00,2,24.272222222222226,77.84722222222223,1009.7249999999999,34.60194444444444,-0.14127776760642047,0.6718985511152864,5.376971450617284,1.3691690481424486,0,0.0,9.533333333333333,1.1400000000000001,7.666666666666667,0.7071067811865475,0.7071067811865476,0.9749279121818236,-0.22252093395631434,A,35.82222222222223,29.300000000000004,61.291666666666664,-1.2202777777777882,-5.027777777777779,16.555555555555564,36.423613095238096,37.73657142857143,34.60194444444444,39.122857142857136,0
2023-07-19 06:00:00,2,35.328571428571436,53.357142857142854,1008.022857142857,46.38857142857143,2.8817755430360545,2.6705828149450626,16.47825510204082,1.276917027133307,1443,0.0,10.168571428571425,13.9,493.8857142857143,0.7071067811865476,-0.7071067811865475,0.9749279121818236,-0.22252093395631434,A,34.60194444444444,24.272222222222226,77.84722222222223,11.78662698412699,11.05634920634921,-24.490079365079374,38.637327380952385,46.38857142857143,34.60194444444444,39.122857142857136,2
2023-07-19 12:00:00,2,37.16,37.97142857142857,1003.297142857143,42.06885714285715,-1.6729100076221168,3.9262260378053013,23.049817142857144,1.1024333632824201,0,15.0,10.440000000000003,13.299999999999997,469.54285714285714,-0.7071067811865471,-0.7071067811865479,0.9749279121818236,-0.22252093395631434,A,46.38857142857143,35.328571428571436,53.357142857142854,-4.319714285714284,1.8314285714285603,-15.385714285714286,39.720398809523815,46.38857142857143,34.60194444444444,37.16,0
2023-07-19 18:00:00,2,28.571428571428573,49.285714285714285,1003.4971428571429,37.56771428571428,-0.26713725858701837,1.9816769402179764,14.489795918367347,1.270405797101449,0,0.0,7.368571428571429,1.24,17.142857142857142,-0.7071067811865477,0.7071067811865474,0.9749279121818236,-0.22252093395631434,A,42.06885714285715,37.16,37.97142857142857,-4.501142857142867,-8.588571428571424,11.314285714285717,40.156771825396824,46.38857142857143,34.60194444444444,37.16,0
2023-07-20 00:00:00,2,22.380555555555553,74.25,1006.1972222222224,36.468333333333334,-0.13037563199447777,0.6967649281880481,5.762993055555554,1.5597718902221696,0,32.400000000000006,10.616666666666667,0.6000000000000001,7.166666666666667,0.7071067811865475,0.7071067811865476,0.43388373911755823,-0.900968867902419,A,37.56771428571428,28.571428571428573,49.285714285714285,-1.0993809523809475,-6.19087301587302,24.964285714285715,40.62336904761905,46.38857142857143,36.468333333333334,37.16,0
2023-07-20 06:00:00,2,34.52571428571429,44.75714285714286,1005.9514285714287,36.57085714285714,0.23157324085670095,3.0256249663574355,19.07299102040816,1.0294193340839632,0,0.0,5.605714285714285,13.160000000000002,529.0285714285715,0.7071067811865476,-0.7071067811865475,0.43388373911755823,-0.900968867902419,A,36.468333333333334,22.380555555555553,74.25,0.10252380952380946,12.145158730158734,-29.49285714285714,38.16894047619048,42.06885714285715,36.468333333333334,37.16,0
2023-07-20 12:00:00,2,37.09444444444444,40.09722222222222,1003.1222222222223,36.44666666666667,-0.34138358448624334,3.7781674566884984,22.220602623456784,0.9567449321860875,0,0.0,7.050000000000001,17.39999999999999,599.0,-0.7071067811865471,-0.7071067811865479,0.43388373911755823,-0.900968867902419,A,36.57085714285714,34.52571428571429,44.75714285714286,-0.12419047619047063,2.5687301587301548,-4.659920634920638,36.76339285714286,37.56771428571428,36.44666666666667,37.09444444444444,0
2023-07-20 18:00:00,2,26.51944444444444,65.51388888888889,1003.4027777777778,34.863055555555555,-0.14155489102443333,1.195305405854914,9.145525077160494,1.26685172100535,0,0.0,9.899999999999999,3.1200000000000006,25.166666666666668,-0.7071067811865477,0.7071067811865474,0.43388373911755823,-0.900968867902419,A,36.44666666666667,37.09444444444444,40.09722222222222,-1.583611111111118,-10.575000000000003,25.416666666666664,36.087228174603176,36.57085714285714,34.863055555555555,37.09444444444444,0
2023-07-21 00:00:00,2,23.938888888888886,74.25,1004.4722222222222,34.2025,-0.07720688278269086,0.765544902478569,6.164263888888887,1.3714524392960572,0,3.5999999999999996,6.116666666666668,0.7200000000000002,7.333333333333333,0.7071067811865475,0.7071067811865476,-0.433883739117558,-0.9009688679024191,A,34.863055555555555,26.51944444444444,65.51388888888889,-0.660555555555554,-2.580555555555552,8.736111111111114,35.52076984126984,36.57085714285714,34.2025,37.09444444444444,0
2023-07-21 06:00:00,2,33.46944444444444,48.041666666666664,1003.5944444444443,38.14583333333334,2.94656656665457,2.683193105512382,17.390165509259255,1.106656459021678,591,0.6,11.08333333333333,11.879999999999999,429.1666666666667,0.7071067811865476,-0.7071067811865475,-0.433883739117558,-0.9009688679024191,A,34.2025,23.938888888888886,74.25,3.9433333333333422,9.530555555555555,-26.208333333333336,35.91451388888889,38.14583333333334,34.2025,37.09444444444444,1
2023-07-21 12:00:00,2,32.325,47.65277777777778,1002.8944444444444,50.337222222222216,-0.3354991630493364,2.5350704432117586,16.921239583333335,1.5104942902392262,1610,0.0,12.483333333333334,13.860000000000003,511.0,-0.7071067811865471,-0.7071067811865479,-0.433883739117558,-0.9009688679024191,A,38.14583333333334,33.46944444444444,48.041666666666664,12.191388888888874,-1.1444444444444386,-0.38888888888888573,39.38715277777778,50.337222222222216,34.2025,33.46944444444444,2
2023-07-21 18:00:00,2,24.266666666666666,70.65277777777777,1005.947222222222,43.46972222222223,-0.756685348248747,0.8898114589373645,7.1215925925925925,1.7204375549692177,0,1.2000000000000002,5.966666666666667,1.26,28.0,-0.7071067811865477,0.7071067811865474,-0.433883739117558,-0.9009688679024191,A,50.337222222222216,32.325,47.65277777777778,-6.8674999999999855,-8.058333333333337,22.999999999999993,41.53881944444445,50.337222222222216,34.2025,33.46944444444444,0
2023-07-22 00:00:00,2,19.750000000000004,86.86111111111111,1008.5388888888888,40.61333333333333,-0.267701407134103,0.30250171418459426,2.594930555555556,1.9572690763052203,0,0.0,6.666666666666668,0.23999999999999996,6.666666666666667,0.7071067811865475,0.7071067811865476,-0.9749279121818236,-0.2225209339563146,A,43.46972222222223,24.266666666666666,70.65277777777777,-2.856388888888901,-4.516666666666662,16.208333333333343,43.14152777777778,50.337222222222216,38.14583333333334,33.46944444444444,0
2023-07-22 06:00:00,2,31.25555555555555,54.56944444444444,1009.1694444444443,39.26833333333334,-0.24924063614884373,2.0708927247605837,14.199572530864193,1.2174130210127458,0,14.4,5.716666666666669,8.099999999999998,321.5,0.7071067811865476,-0.7071067811865475,-0.9749279121818236,-0.2225209339563146,A,40.61333333333333,19.750000000000004,86.86111111111111,-1.3449999999999918,11.505555555555546,-32.29166666666667,43.422152777777775,50.337222222222216,39.26833333333334,32.325,0
2023-07-22 12:00:00,2,30.438888888888886,56.30555555555556,1008.691666666667,37.4025,-0.3346751855450863,1.9011692550870913,13.300103395061727,1.1896889909878072,0,15.600000000000001,8.550000000000002,12.24,453.1666666666667,-0.7071067811865471,-0.7071067811865479,-0.9749279121818236,-0.2225209339563146,A,39.26833333333334,31.25555555555555,54.56944444444444,-1.8658333333333346,-0.8166666666666629,1.7361111111111143,40.188472222222224,43.46972222222223,37.4025,31.25555555555555,0
2023-07-22 18:00:00,2,21.042857142857144,79.94285714285714,1010.1285714285714,35.92457142857142,-0.1528296613820894,0.5001368746125228,4.220595918367349,1.6297602073882043,0,0.0,6.582857142857142,1.32,24.942857142857143,-0.7071067811865477,0.7071067811865474,-0.9749279121818236,-0.2225209339563146,A,37.4025,30.438888888888886,56.30555555555556,-1.4779285714285848,-9.396031746031742,23.63730158730158,38.30218452380952,40.61333333333333,35.92457142857142,31.25555555555555,0
2023-07-23 00:00:00,2,18.936111111111114,88.27777777777777,1011.9166666666665,35.23027777777778,-0.09224621781489376,0.25655843491945807,2.2197330246913607,1.7671589800752403,0,0.0,12.683333333333334,1.02,5.666666666666667,0.7071067811865475,0.7071067811865476,-0.7818314824680299,0.6234898018587334,A,35.92457142857142,21.042857142857144,79.94285714285714,-0.6942936507936395,-2.106746031746031,8.334920634920636,36.95642063492063,39.26833333333334,35.23027777777778,31.25555555555555,0
2023-07-23 06:00:00,2,32.13055555555555,52.52777777777778,1012.0333333333333,35.19888888888889,0.11336367528404812,2.273903601865693,15.253088734567902,1.0624297811687768,0,0.0,5.950000000000001,13.079999999999998,510.1666666666667,0.7071067811865476,-0.7071067811865475,-0.7818314824680299,0.6234898018587334,A,35.23027777777778,18.936111111111114,88.27777777777777,-0.03138888888889113,13.19444444444444,-35.74999999999999,35.93905952380952,37.4025,35.19888888888889,32.13055555555555,0
2023-07-23 12:00:00,2,36.11388888888889,40.638888888888886,1009.2777777777778,34.99527777777777,-0.26137338743400323,3.548739061291408,21.437605709876543,0.9429159494049846,0,0.0,6.183333333333333,17.520000000000003,595.5,-0.7071067811865471,-0.7071067811865479,-0.7818314824680299,0.6234898018587334,A,35.19888888888889,32.13055555555555,52.52777777777778,-0.2036111111111154,3.9833333333333343,-11.888888888888893,35.33725396825396,35.92457142857142,34.99527777777777,36.11388888888889,0
2023-07-23 18:00:00,2,24.08888888888889,59.361111111111114,1009.4138888888891,33.58805555555556,-0.17078520920257756,1.2191157339767424,9.789456790123458,1.338762178919398,0,0.0,11.1,4.2,28.166666666666668,-0.7071067811865477,0.7071067811865474,-0.7818314824680299,0.6234898018587334,A,34.99527777777777,36.11388888888889,40.638888888888886,-1.4072222222222095,-12.024999999999999,18.72222222222223,34.753125,35.23027777777778,33.58805555555556,36.11388888888889,0
2023-07-24 00:00:00,2,17.866666666666667,78.875,1009.2277777777776,32.81611111111111,-0.09297802008371596,0.4323757348706667,3.774333333333334,1.739369846878681,0,0.0,6.85,1.3800000000000001,6.333333333333333,0.7071067811865475,0.7071067811865476,0.0,1.0,A,33.58805555555556,24.08888888888889,59.361111111111114,-0.7719444444444505,-6.222222222222221,19.513888888888886,34.14958333333333,35.19888888888889,32.81611111111111,36.11388888888889,0
2023-07-24 06:00:00,2,27.53333333333333,63.52777777777778,1007.5194444444444,17.145277777777782,-3.651409330344064,1.3416046665394532,10.042018518518516,0.6008859034267915,0,3.600000000000001,5.083333333333333,11.159999999999997,411.5,0.7071067811865476,-0.7071067811865475,0.0,1.0,A,32.81611111111111,17.866666666666667,78.875,-15.67083333333333,9.666666666666664,-15.347222222222221,29.636180555555555,34.99527777777777,17.145277777777782,36.11388888888889,0
2023-07-24 12:00:00,2,33.266666666666666,51.763888888888886,1002.9666666666667,25.335833333333337,1.1465910417219696,2.4628768981968636,16.046546296296295,0.7393725680933854,1221,0.0,12.666666666666666,16.32,519.0,-0.7071067811865471,-0.7071067811865479,0.0,1.0,A,17.145277777777782,27.53333333333333,63.52777777777778,8.190555555555555,5.733333333333334,-11.763888888888893,27.221319444444447,33.58805555555556,17.145277777777782,33.266666666666666,2
2023-07-24 18:00:00,2,25.888888888888886,71.93055555555556,1001.313888888889,23.7675,-0.15744178004775541,0.9373578586831672,7.266867283950617,0.8839152892561983,0,0.0,12.499999999999996,2.6399999999999992,20.5,-0.7071067811865477,0.7071067811865474,0.0,1.0,A,25.335833333333337,33.266666666666666,51.763888888888886,-1.5683333333333387,-7.37777777777778,20.16666666666667,24.766180555555557,32.81611111111111,17.145277777777782,33.266666666666666,0
2023-07-25 00:00:00,2,21.788888888888888,79.83333333333333,999.7166666666667,23.07138888888889,-0.08762351881504446,0.5263703351108764,4.394092592592592,1.0123963920039007,0,0.0,7.233333333333334,0.6000000000000001,1.5,0.7071067811865475,0.7071067811865476,0.7818314824680298,0.6234898018587336,A,23.7675,25.888888888888886,71.93055555555556,-0.696111111111108,-4.099999999999998,7.9027777777777715,22.330000000000002,25.335833333333337,17.145277777777782,33.266666666666666,0
2023-07-25 06:00:00,2,25.686111111111114,71.90277777777777,999.0222222222221,24.884722222222226,0.05688182098501326,0.9270874747310134,7.217083719135805,0.9324971375039035,0,0.0,6.200000000000001,8.040000000000001,297.8333333333333,0.7071067811865476,-0.7071067811865475,0.7818314824680298,0.6234898018587336,A,23.07138888888889,21.788888888888888,79.83333333333333,1.8133333333333361,3.8972222222222257,-7.930555555555557,24.264861111111113,25.335833333333337,23.07138888888889,33.266666666666666,0
2023-07-25 12:00:00,2,30.397142857142853,51.31428571428572,996.2257142857143,23.99428571428572,-0.10228115979476232,2.1132917193950793,14.799066122448979,0.7642187642187644,0,1.7999999999999998,7.920000000000002,12.88,446.8285714285714,-0.7071067811865471,-0.7071067811865479,0.7818314824680298,0.6234898018587336,A,24.884722222222226,25.686111111111114,71.90277777777777,-0.8904365079365064,4.71103174603174,-20.588492063492055,23.92947420634921,24.884722222222226,23.07138888888889,30.397142857142853,0
2023-07-25 18:00:00,2,22.665714285714284,62.4,997.2514285714284,23.466571428571427,-0.07844359020615996,1.0351778000327398,8.522308571428571,0.9915851744537004,0,42.6,10.859999999999998,2.66,25.057142857142857,-0.7071067811865477,0.7071067811865474,0.7818314824680298,0.6234898018587336,A,23.99428571428572,30.397142857142853,51.31428571428572,-0.5277142857142927,-7.7314285714285695,11.085714285714282,23.854242063492066,24.884722222222226,23.07138888888889,30.397142857142853,0
2023-07-26 00:00:00,2,19.011428571428574,77.18571428571428,1001.4457142857142,23.13457142857143,-0.051785096162506185,0.5016771396683242,4.337321632653063,1.1560679611650484,0,2.4000000000000004,5.994285714285714,0.6600000000000001,6.3428571428571425,0.7071067811865475,0.7071067811865476,0.9749279121818236,-0.22252093395631434,A,23.466571428571427,22.665714285714284,62.4,-0.3319999999999972,-3.6542857142857095,14.785714285714285,23.870037698412702,24.884722222222226,23.13457142857143,30.397142857142853,0
2023-07-26 06:00:00,2,30.28611111111111,38.625,1004.4222222222221,22.7925,-0.06549567573619174,2.6472237363016804,18.588100694444446,0.7285181567965906,0,0.0,5.916666666666667,13.26,530.8333333333334,0.7071067811865476,-0.7071067811865475,0.9749279121818236,-0.22252093395631434,A,23.13457142857143,19.011428571428574,77.18571428571428,-0.3420714285714297,11.274682539682537,-38.56071428571428,23.346982142857144,23.99428571428572,22.7925,30.397142857142853,0
2023-07-26 12:00:00,2,33.09166666666667,27.930555555555557,1004.1333333333334,22.493333333333332,-0.04690484811240015,3.643881026059079,23.848980324074073,0.6597897824492789,0,0.6000000000000001,8.616666666666669,17.940000000000005,623.5,-0.7071067811865471,-0.7071067811865479,0.9749279121818236,-0.22252093395631434,A,22.7925,30.28611111111111,38.625,-0.29916666666666814,2.805555555555557,-10.694444444444443,22.971744047619048,23.466571428571427,22.493333333333332,33.09166666666667,0
2023-07-26 18:00:00,2,19.594285714285718,62.75714285714286,1007.4599999999999,22.189142857142855,-0.043911764942910776,0.8492103335580701,7.297471836734696,1.0774417314095446,0,0.0,8.668571428571427,2.6499999999999995,28.97142857142857,-0.7071067811865477,0.7071067811865474,0.9749279121818236,-0.22252093395631434,A,22.493333333333332,33.09166666666667,27.930555555555557,-0.30419047619047745,-13.49738095238095,34.8265873015873,22.652386904761904,23.13457142857143,22.189142857142855,33.09166666666667,0
2023-07-27 00:00:00,2,16.444444444444443,82.98611111111111,1011.2749999999999,21.934999999999995,-0.0501100136971575,0.3182534897765701,2.7978395061728385,1.257420382165605,0,0.0,10.366666666666667,0.7200000000000001,6.0,0.7071067811865475,0.7071067811865476,0.43388373911755823,-0.900968867902419,A,22.189142857142855,19.594285714285718,62.75714285714286,-0.25414285714285967,-3.149841269841275,20.228968253968254,22.352494047619047,22.7925,21.934999999999995,33.09166666666667,0
2023-07-27 06:00:00,2,27.008333333333336,54.666666666666664,1011.8916666666667,21.677777777777774,-0.04385391937734013,1.6170779075459176,12.24377777777778,0.7739759992065851,0,0.0,8.700000000000001,13.079999999999998,540.0,0.7071067811865476,-0.7071067811865475,0.43388373911755823,-0.900968867902419,A,21.934999999999995,16.444444444444443,82.98611111111111,-0.2572222222222216,10.563888888888894,-28.31944444444445,22.07381349206349,22.493333333333332,21.677777777777774,33.09166666666667,0
2023-07-27 12:00:00,2,32.69722222222222,37.875,1008.6694444444446,21.417777777777772,-0.04490172629208001,3.072296487788858,20.31314930555556,0.6355947572335338,0,0.0,6.633333333333333,14.819999999999999,547.1666666666666,-0.7071067811865471,-0.7071067811865479,0.43388373911755823,-0.900968867902419,A,21.677777777777774,27.008333333333336,54.666666666666664,-0.26000000000000156,5.688888888888886,-16.791666666666664,21.804924603174598,22.189142857142855,21.417777777777772,32.69722222222222,0
2023-07-27 18:00:00,2,20.439999999999998,69.88571428571429,1009.5542857142858,21.196857142857144,-0.038952299702730286,0.7235659294865819,6.15536,0.9886593816631132,0,0.0,5.908571428571429,1.49,27.085714285714285,-0.7071067811865477,0.7071067811865474,0.43388373911755823,-0.900968867902419,A,21.417777777777772,32.69722222222222,37.875,-0.22092063492062763,-12.257222222222225,32.010714285714286,21.55685317460317,21.934999999999995,21.196857142857144,32.69722222222222,0
2023-07-28 00:00:00,2,17.683333333333337,69.98611111111111,1009.4611111111111,20.94361111111111,-0.03640383350194777,0.6072559241797955,5.3074560185185184,1.1209782931906034,0,0.0,6.583333333333335,0.6600000000000001,4.833333333333333,0.7071067811865475,0.7071067811865476,-0.433883739117558,-0.9009688679024191,A,21.196857142857144,20.439999999999998,69.88571428571429,-0.2532460317460341,-2.7566666666666606,0.10039682539682815,21.30900595238095,21.677777777777774,20.94361111111111,32.69722222222222,0
2023-07-28 06:00:00,2,29.930555555555557,46.625,1009.636111111111,22.13888888888889,1.121095460575355,2.2557307366892303,15.975434027777776,0.7157611136057476,327,0.0,7.033333333333333,13.500000000000004,520.0,0.7071067811865476,-0.7071067811865475,-0.433883739117558,-0.9009688679024191,A,20.94361111111111,17.683333333333337,69.98611111111111,1.195277777777779,12.24722222222222,-23.361111111111114,21.42428373015873,22.13888888888889,20.94361111111111,32.69722222222222,1
2023-07-28 12:00:00,2,32.11714285714286,43.614285714285714,1007.5857142857143,27.677714285714288,-0.7904632104210803,2.698812471451529,18.109480408163265,0.8357518764558709,700,0.0,11.994285714285713,17.0,572.2571428571429,-0.7071067811865471,-0.7071067811865479,-0.433883739117558,-0.9009688679024191,A,22.13888888888889,29.930555555555557,46.625,5.538825396825398,2.186587301587302,-3.010714285714286,22.98926785714286,27.677714285714288,20.94361111111111,32.11714285714286,2
2023-07-28 18:00:00,2,23.745714285714286,64.58571428571429,1008.8742857142856,24.633142857142854,-0.14112511751213855,1.040711379727668,8.409375102040816,0.9954508717238193,0,0.0,16.542857142857137,3.6999999999999993,25.02857142857143,-0.7071067811865477,0.7071067811865474,-0.433883739117558,-0.9009688679024191,A,27.677714285714288,32.11714285714286,43.614285714285714,-3.044571428571434,-8.371428571428574,20.971428571428575,23.84833928571428,27.677714285714288,20.94361111111111,32.11714285714286,0
2023-07-29 00:00:00,2,19.985714285714284,81.54285714285714,1009.9714285714288,24.034000000000006,-0.0771932176317789,0.43119840470868054,3.688791836734694,1.1452552756977539,0,0.0,8.534285714285716,0.8300000000000001,5.485714285714286,0.7071067811865475,0.7071067811865476,-0.9749279121818236,-0.2225209339563146,A,24.633142857142854,23.745714285714286,64.58571428571429,-0.5991428571428479,-3.7600000000000016,16.957142857142856,24.620936507936513,27.677714285714288,22.13888888888889,32.11714285714286,0
2023-07-29 06:00:00,2,32.60277777777778,50.111111111111114,1009.7388888888888,26.346666666666664,1.2871756997263446,2.4541092432180807,16.265163580246913,0.7840621641729353,917,0.0,2.5166666666666666,12.659999999999997,497.6666666666667,0.7071067811865476,-0.7071067811865475,-0.9749279121818236,-0.2225209339563146,A,24.034000000000006,19.985714285714284,81.54285714285714,2.312666666666658,12.617063492063497,-31.43174603174603,25.67288095238095,27.677714285714288,24.034000000000006,32.60277777777778,2
2023-07-29 12:00:00,2,34.980555555555554,42.986111111111114,1006.713888888889,24.674444444444447,-0.5226713824374143,3.202265638577922,19.943775077160492,0.6857716359144601,0,0.0,11.916666666666664,17.939999999999998,565.6666666666666,-0.7071067811865471,-0.7071067811865479,-0.9749279121818236,-0.2225209339563146,A,26.346666666666664,32.60277777777778,50.111111111111114,-1.6722222222222172,2.377777777777773,-7.125,24.922063492063494,26.346666666666664,24.034000000000006,34.980555555555554,0
2023-07-29 18:00:00,2,25.841176470588238,58.64705882352941,1007.2029411764706,23.439411764705884,-0.0774540773957679,1.377056770518437,10.686086505190314,0.8732632040324348,0,0.0,18.758823529411767,4.7700000000000005,20.558823529411764,-0.7071067811865477,0.7071067811865474,-0.9749279121818236,-0.2225209339563146,A,24.674444444444447,34.980555555555554,42.986111111111114,-1.2350326797385627,-9.139379084967317,15.660947712418299,24.623630718954253,26.346666666666664,23.439411764705884,34.980555555555554,0
2023-07-30 00:00:00,2,20.847222222222218,76.58333333333333,1008.9361111111108,23.04916666666666,-0.05347707740974323,0.576930958293232,4.881724537037037,1.0550158931977114,0,0.0,9.116666666666665,1.08,5.166666666666667,0.7071067811865475,0.7071067811865476,-0.7818314824680299,0.6234898018587334,A,23.439411764705884,25.841176470588238,58.64705882352941,-0.39024509803922314,-4.99395424836602,17.936274509803916,24.37742238562091,26.346666666666664,23.04916666666666,34.980555555555554,0
2023-07-30 06:00:00,2,32.26944444444444,49.05555555555556,1008.5555555555553,22.28083333333333,-0.20389921272631384,2.4594206061588437,16.439489197530857,0.6697086081656508,0,0.0,4.533333333333334,13.5,526.0,0.7071067811865476,-0.7071067811865475,-0.7818314824680299,0.6234898018587334,A,23.04916666666666,20.847222222222218,76.58333333333333,-0.7683333333333309,11.42222222222222,-27.52777777777777,23.360964052287578,24.674444444444447,22.28083333333333,34.980555555555554,0
2023-07-30 12:00:00,2,35.72777777777778,42.138888888888886,1006.1055555555556,21.209444444444447,-0.14116120492003006,3.3865154590116733,20.67248919753087,0.5774769323854183,0,0.0,2.766666666666667,15.239999999999998,562.8333333333334,-0.7071067811865471,-0.7071067811865479,-0.7818314824680299,0.6234898018587334,A,22.28083333333333,32.26944444444444,49.05555555555556,-1.0713888888888832,3.458333333333343,-6.916666666666671,22.494714052287577,23.439411764705884,21.209444444444447,35.72777777777778,0
2023-07-30 18:00:00,2,25.87222222222222,68.04166666666667,1007.5722222222224,20.816944444444445,-0.020856100773929496,1.0661724645385555,8.268331018518518,0.7746640479636139,0,0.0,5.7333333333333325,1.56,22.5,-0.7071067811865477,0.7071067811865474,-0.7818314824680299,0.6234898018587334,A,21.209444444444447,35.72777777777778,42.138888888888886,-0.39250000000000185,-9.855555555555561,25.902777777777786,21.83909722222222,23.04916666666666,20.816944444444445,35.72777777777778,0
2023-07-31 00:00:00,2,20.977777777777774,86.97222222222223,1009.1305555555552,20.658888888888892,-0.026503545192958743,0.3235595420551127,2.7329382716049366,0.9399898887765422,0,0.0,7.683333333333334,0.7200000000000001,4.833333333333333,0.7071067811865475,0.7071067811865476,0.0,1.0,A,20.816944444444445,25.87222222222222,68.04166666666667,-0.15805555555555273,-4.894444444444446,18.930555555555557,21.24152777777778,22.28083333333333,20.658888888888892,35.72777777777778,0
2023-07-31 06:00:00,2,31.352777777777785,56.0,1009.0916666666667,22.463055555555556,1.554392231891245,2.016789593012536,13.795222222222224,0.6943161329097619,559,0.0,10.149999999999999,12.66,457.8333333333333,0.7071067811865476,-0.7071067811865475,0.0,1.0,A,20.658888888888892,20.977777777777774,86.97222222222223,1.8041666666666636,10.37500000000001,-30.97222222222223,21.287083333333335,22.463055555555556,20.658888888888892,35.72777777777778,1
2023-07-31 12:00:00,2,34.26857142857142,46.44285714285714,1005.9714285714285,27.95,-0.8683918071304866,2.8917220555075724,18.353267755102035,0.7924902786779003,977,0.0,5.920000000000001,15.37,556.2285714285714,-0.7071067811865471,-0.7071067811865479,0.0,1.0,A,22.463055555555556,31.352777777777785,56.0,5.486944444444443,2.915793650793635,-9.557142857142857,22.97222222222222,27.95,20.658888888888892,34.26857142857142,2
2023-07-31 18:00:00,2,23.35142857142857,73.77142857142857,1005.9914285714287,24.472571428571428,-0.15537823086655422,0.7526843564385066,6.124746122448978,1.0049747741405608,0,0.0,4.662857142857145,1.37,21.6,-0.7071067811865477,0.7071067811865474,0.0,1.0,A,27.95,34.26857142857142,46.44285714285714,-3.4774285714285718,-10.91714285714285,27.32857142857143,23.88612896825397,27.95,20.658888888888892,34.26857142857142,0
2023-08-01 00:00:00,2,19.683333333333334,73.5,1003.7805555555556,23.663888888888888,-0.10994325997778821,0.6076015172837115,5.216083333333334,1.1441042170292774,0,0.0,5.933333333333334,1.0800000000000003,4.166666666666667,0.7071067811865475,0.7071067811865476,0.7818314824680298,0.6234898018587336,A,24.472571428571428,23.35142857142857,73.77142857142857,-0.8086825396825397,-3.668095238095237,-0.27142857142857224,24.637378968253966,27.95,22.463055555555556,34.26857142857142,0
2023-08-01 06:00:00,2,29.631428571428568,50.0,1001.3200000000002,22.088857142857147,-0.4627293513656976,2.077092539404107,14.815714285714284,0.7211174330752731,0,0.0,12.517142857142854,13.62,462.22857142857146,0.7071067811865476,-0.7071067811865475,0.7818314824680298,0.6234898018587336,A,23.663888888888888,19.683333333333334,73.5,-1.5750317460317405,9.948095238095235,-23.5,24.543829365079365,27.95,22.088857142857147,34.26857142857142,0
2023-08-01 12:00:00,2,31.50857142857143,43.628571428571426,998.2514285714286,19.44685714285714,-0.2683057419575912,2.6067932565406307,17.761831836734693,0.5982070662682368,0,0.0,19.56285714285714,17.949999999999996,536.9714285714285,-0.7071067811865471,-0.7071067811865479,0.7818314824680298,0.6234898018587336,A,22.088857142857147,29.631428571428568,50.0,-2.6420000000000066,1.8771428571428608,-6.371428571428574,22.41804365079365,24.472571428571428,19.44685714285714,31.50857142857143,0
2023-08-01 18:00:00,2,24.491666666666664,56.27777777777778,999.5361111111112,18.86777777777778,-0.0024038127401317623,1.3436352019121423,10.708300925925924,0.740154734662744,0,0.0,9.383333333333331,2.6999999999999993,19.5,-0.7071067811865477,0.7071067811865474,0.7818314824680298,0.6234898018587336,A,19.44685714285714,31.50857142857143,43.628571428571426,-0.5790793650793624,-7.016904761904765,12.649206349206352,21.016845238095236,23.663888888888888,18.86777777777778,31.50857142857143,0
2023-08-02 00:00:00,2,20.416666666666668,76.15277777777777,1002.4638888888888,18.791666666666668,-0.019754382593739215,0.5721608394192197,4.8688078703703725,0.877431906614786,0,0.0,9.75,0.7200000000000002,4.333333333333333,0.7071067811865475,0.7071067811865476,0.9749279121818236,-0.22252093395631434,A,18.86777777777778,24.491666666666664,56.27777777777778,-0.07611111111111057,-4.074999999999996,19.874999999999993,19.798789682539685,22.088857142857147,18.791666666666668,31.50857142857143,0
2023-08-02 06:00:00,2,30.125,55.708333333333336,1003.2000000000002,22.6575,2.3442966324248427,1.892840535483849,13.342864583333332,0.7279518072289156,927,0.0,10.500000000000004,13.319999999999997,510.8333333333333,0.7071067811865476,-0.7071067811865475,0.9749279121818236,-0.22252093395631434,A,18.791666666666668,20.416666666666668,76.15277777777777,3.865833333333331,9.708333333333332,-20.444444444444436,19.940950396825396,22.6575,18.791666666666668,31.50857142857143,2
2023-08-02 12:00:00,2,34.21999999999999,39.9,1000.2571428571429,25.618285714285715,-1.30310851936713,3.23624374532944,20.566219999999994,0.727378924312485,627,0.0,10.685714285714287,17.040000000000003,574.0857142857143,-0.7071067811865471,-0.7071067811865479,0.9749279121818236,-0.22252093395631434,A,22.6575,30.125,55.708333333333336,2.9607857142857164,4.094999999999992,-15.808333333333337,21.48380753968254,25.618285714285715,18.791666666666668,34.21999999999999,1
2023-08-02 18:00:00,2,25.21388888888889,56.25,1000.8277777777777,22.73222222222223,-0.0656425658829069,1.4036580382723978,11.031076388888888,0.8671823672777369,0,0.0,6.866666666666665,2.04,23.166666666666668,-0.7071067811865477,0.7071067811865474,0.9749279121818236,-0.22252093395631434,A,25.618285714285715,34.21999999999999,39.9,-2.886063492063485,-9.006111111111103,16.35,22.449918650793656,25.618285714285715,18.791666666666668,34.21999999999999,0
2023-08-03 00:00:00,2,23.436111111111117,68.68055555555556,1000.9388888888888,22.33972222222222,-0.08007278593180614,0.9033790694968684,7.3400597993827175,0.914209389564624,0,0.0,6.416666666666667,0.9000000000000001,4.0,0.7071067811865475,0.7071067811865476,0.43388373911755823,-0.900968867902419,A,22.73222222222223,25.21388888888889,56.25,-0.39250000000000895,-1.7777777777777715,12.430555555555557,23.336932539682543,25.618285714285715,22.33972222222222,34.21999999999999,0
2023-08-03 06:00:00,2,33.40555555555555,46.791666666666664,1000.713888888889,21.070555555555554,-0.44755197254508355,2.7379470677333613,17.77453935185185,0.6124172452769256,0,0.0,10.56666666666667,13.26,453.0,0.7071067811865476,-0.7071067811865475,0.43388373911755823,-0.900968867902419,A,22.33972222222222,23.436111111111117,68.68055555555556,-1.269166666666667,9.969444444444434,-21.888888888888893,22.94019642857143,25.618285714285715,21.070555555555554,34.21999999999999,0
2023-08-03 12:00:00,2,32.35,44.6764705882353,1000.1705882352942,18.51323529411765,-0.21645240105596067,2.6829851730621423,17.89716176470588,0.5551194990739925,0,0.0,24.38235294117647,15.76,456.97058823529414,-0.7071067811865471,-0.7071067811865479,0.43388373911755823,-0.900968867902419,A,21.070555555555554,33.40555555555555,46.791666666666664,-2.557320261437905,-1.05555555555555,-2.1151960784313673,21.163933823529412,22.73222222222223,18.51323529411765,33.40555555555555,0
2023-08-03 18:00:00,2,25.932258064516127,48.58064516129032,1000.6548387096774,18.109354838709677,0.004296036586174468,1.7215212756633862,13.334199791883453,0.672403880704276,0,0.0,13.125806451612902,3.4800000000000004,16.193548387096776,-0.7071067811865477,0.7071067811865474,0.43388373911755823,-0.900968867902419,A,18.51323529411765,32.35,44.6764705882353,-0.4038804554079718,-6.417741935483875,3.9041745730550232,20.008216977651276,22.33972222222222,18.109354838709677,33.40555555555555,0
2023-08-04 00:00:00,2,21.61176470588235,57.838235294117645,1001.3058823529412,18.095588235294116,-0.004116501796186393,1.0886206436979742,9.111901384083044,0.8002731529656608,0,0.0,5.976470588235294,0.9600000000000002,3.676470588235294,0.7071067811865475,0.7071067811865476,-0.433883739117558,-0.9009688679024191,A,18.109354838709677,25.932258064516127,48.58064516129032,-0.013766603415561462,-4.320493358633776,9.257590132827325,18.94718348091925,21.070555555555554,18.095588235294116,33.40555555555555,0
2023-08-04 06:00:00,2,26.085714285714285,50.75714285714286,1002.3228571428568,17.868,-0.08139151485980115,1.6636746213494298,12.845351020408163,0.6596835443037974,0,0.0,4.325714285714285,9.489999999999998,348.2,0.7071067811865476,-0.7071067811865475,-0.433883739117558,-0.9009688679024191,A,18.095588235294116,21.61176470588235,57.838235294117645,-0.22758823529411742,4.473949579831935,-7.081092436974785,18.14654459203036,18.51323529411765,17.868,32.35,0
2023-08-04 12:00:00,2,26.696875,43.453125,1001.528125,17.431562500000002,-0.05371558135529535,1.9805117963919552,15.096248535156247,0.62936928805145,0,0.0,10.428125,10.190000000000001,298.375,-0.7071067811865471,-0.7071067811865479,-0.433883739117558,-0.9009688679024191,A,17.868,26.085714285714285,50.75714285714286,-0.4364374999999967,0.6111607142857132,-7.30401785714286,17.876126393500947,18.109354838709677,17.431562500000002,26.696875,0
2023-08-04 18:00:00,2,19.959999999999997,72.5,1003.8942857142856,17.344857142857144,-0.0018427374756066893,0.6414368636658601,5.489,0.8275218102508181,0,45.999999999999986,8.928571428571427,0.66,5.828571428571428,-0.7071067811865477,0.7071067811865474,-0.433883739117558,-0.9009688679024191,A,17.431562500000002,26.696875,43.453125,-0.08670535714285776,-6.736875000000001,29.046875,17.685001969537815,18.095588235294116,17.344857142857144,26.696875,0
2023-08-05 00:00:00,2,16.60571428571429,92.88571428571429,1003.4085714285715,18.970285714285712,1.2599133419101347,0.13444851075247755,1.1813779591836742,1.0775073028237583,0,62.8,9.66285714285714,0.16,0.5714285714285714,0.7071067811865475,0.7071067811865476,-0.9749279121818236,-0.2225209339563146,A,17.344857142857144,19.959999999999997,72.5,1.625428571428568,-3.3542857142857088,20.385714285714286,17.903676339285713,18.970285714285712,17.344857142857144,26.696875,0
2023-08-05 06:00:00,2,22.959375,71.921875,1003.73125,24.1546875,-0.42742305925399254,0.7869011778156354,6.44656201171875,1.0081518194861092,0,5.9,9.728124999999999,6.470000000000001,283.5625,0.7071067811865476,-0.7071067811865475,-0.9749279121818236,-0.2225209339563146,A,18.970285714285712,16.60571428571429,92.88571428571429,5.1844017857142894,6.353660714285713,-20.963839285714286,19.475348214285717,24.1546875,17.344857142857144,26.696875,0
2023-08-05 12:00:00,2,28.46,45.51428571428571,1002.1857142857143,20.46257142857143,-0.4180351300868433,2.115331336331378,15.506634285714288,0.6945883037532732,0,0.0,10.64285714285714,13.280000000000003,513.5714285714286,-0.7071067811865471,-0.7071067811865479,-0.9749279121818236,-0.2225209339563146,A,24.1546875,22.959375,71.921875,-3.692116071428572,5.500624999999999,-26.407589285714288,20.233100446428573,24.1546875,17.344857142857144,28.46,0
2023-08-05 18:00:00,2,18.953125,71.09375,1002.265625,19.604375,-0.016349805807222312,0.6333288614379469,5.4786376953125,0.9825215348472984,0,0.0,8.69375,1.5300000000000002,19.4375,-0.7071067811865477,0.7071067811865474,-0.9749279121818236,-0.2225209339563146,A,20.46257142857143,28.46,45.51428571428571,-0.8581964285714285,-9.506875,25.579464285714288,20.797979910714286,24.1546875,18.970285714285712,28.46,0
2023-08-06 00:00:00,2,16.325,84.48611111111111,1001.5472222222221,19.48944444444444,-0.028568349040988174,0.28799631486955746,2.53264236111111,1.1249318582651915,0,0.0,9.149999999999999,1.1400000000000001,3.5,0.7071067811865475,0.7071067811865476,-0.7818314824680299,0.6234898018587334,A,19.604375,18.953125,71.09375,-0.11493055555555998,-2.6281250000000007,13.392361111111114,20.92776959325397,24.1546875,19.48944444444444,28.46,0
2023-08-06 06:00:00,2,30.891428571428573,36.34285714285714,1000.6428571428571,18.692857142857143,-0.25019509086975916,2.8422262797345166,19.66460081632653,0.5861404766170937,0,0.0,10.665714285714285,13.53,532.8571428571429,0.7071067811865476,-0.7071067811865475,-0.7818314824680299,0.6234898018587334,A,19.48944444444444,16.325,84.48611111111111,-0.796587301587298,14.566428571428574,-48.14325396825397,19.562312003968252,20.46257142857143,18.692857142857143,30.891428571428573,0
2023-08-06 12:00:00,2,32.95588235294118,21.735294117647058,999.7941176470588,17.56352941176471,-0.10844399187660586,3.9270986357468343,25.792824394463672,0.5172455608488523,0,0.0,20.05294117647059,19.54,625.6176470588235,-0.7071067811865471,-0.7071067811865479,-0.7818314824680299,0.6234898018587334,A,18.692857142857143,30.891428571428573,36.34285714285714,-1.1293277310924346,2.064453781512608,-14.607563025210084,18.837551499766573,19.604375,17.56352941176471,32.95588235294118,0
2023-08-06 18:00:00,2,18.845714285714287,49.48571428571429,1003.7371428571429,17.28657142857143,-0.017933210141581023,1.0993582579458405,9.519777959183674,0.8710480852289088,0,0.0,14.297142857142857,5.03,19.485714285714284,-0.7071067811865477,0.7071067811865474,-0.7818314824680299,0.6234898018587334,A,17.56352941176471,32.95588235294118,21.735294117647058,-0.27695798319327736,-14.110168067226894,27.75042016806723,18.25810060690943,19.48944444444444,17.28657142857143,32.95588235294118,0
2023-08-07 00:00:00,2,11.728571428571428,81.67142857142858,1007.0314285714285,17.18428571428571,-0.014689259321501065,0.2525049237598349,2.1496795918367346,1.3500561167227831,0,0.0,8.968571428571426,1.4900000000000004,3.7714285714285714,0.7071067811865475,0.7071067811865476,0.0,1.0,A,17.28657142857143,18.845714285714287,49.48571428571429,-0.10228571428572053,-7.117142857142859,32.18571428571429,17.68181092436975,18.692857142857143,17.18428571428571,32.95588235294118,0
2023-08-07 06:00:00,2,28.14857142857143,30.67142857142857,1007.6457142857145,16.987142857142857,-0.060761534461427964,2.6433270219772256,19.515002448979594,0.5827778866888845,0,0.0,16.439999999999998,15.21,553.5714285714286,0.7071067811865476,-0.7071067811865475,0.0,1.0,A,17.18428571428571,11.728571428571428,81.67142857142858,-0.19714285714285396,16.42,-51.00000000000001,17.255382352941176,17.56352941176471,16.987142857142857,32.95588235294118,0
2023-08-07 12:00:00,2,31.81764705882353,21.044117647058822,1007.364705882353,16.746764705882352,-0.028243772811346796,3.71566237670425,25.121903979238752,0.5102975443627891,0,0.0,15.06470588235294,18.630000000000003,660.7058823529412,-0.7071067811865471,-0.7071067811865479,0.0,1.0,A,16.987142857142857,28.14857142857143,30.67142857142857,-0.24037815126050432,3.669075630252099,-9.627310924369748,17.05119117647059,17.28657142857143,16.746764705882352,31.81764705882353,0
2023-08-07 18:00:00,2,17.65277777777778,47.30555555555556,1010.2583333333334,16.655,-0.014561514613066538,1.0640885445720176,9.302033179012346,0.8928965003723008,0,0.0,9.449999999999996,3.3600000000000003,21.833333333333332,-0.7071067811865477,0.7071067811865474,0.0,1.0,A,16.746764705882352,31.81764705882353,21.044117647058822,-0.0917647058823512,-14.16486928104575,26.261437908496735,16.89329831932773,17.18428571428571,16.655,31.81764705882353,0
2023-08-08 00:00:00,2,13.871428571428572,60.1,1012.0400000000001,16.54057142857143,-0.025626447857377797,0.6325409154832956,5.534700000000001,1.11223823246878,0,0.0,5.5428571428571445,0.8700000000000001,2.857142857142857,0.7071067811865475,0.7071067811865476,0.7818314824680298,0.6234898018587336,A,16.655,17.65277777777778,47.30555555555556,-0.11442857142857221,-3.7813492063492067,12.794444444444444,16.73236974789916,16.987142857142857,16.54057142857143,31.81764705882353,0
2023-08-08 06:00:00,2,27.00588235294118,39.588235294117645,1012.6,20.01323529411765,2.391720027005356,2.154628338583498,16.31473010380623,0.7146082755723587,725,0.0,3.0647058823529414,11.53,532.8235294117648,0.7071067811865476,-0.7071067811865475,0.7818314824680298,0.6234898018587336,A,16.54057142857143,13.871428571428572,60.1,3.4726638655462203,13.134453781512606,-20.511764705882356,17.488892857142858,20.01323529411765,16.54057142857143,31.81764705882353,2
2023-08-08 12:00:00,2,32.45714285714285,29.942857142857143,1010.1685714285715,25.153999999999993,-1.1528836732001102,3.4180814106359803,22.738546938775507,0.7518274978650725,246,0.0,5.960000000000001,15.610000000000001,597.3142857142857,-0.7071067811865471,-0.7071067811865479,0.7818314824680298,0.6234898018587336,A,20.01323529411765,27.00588235294118,39.588235294117645,5.140764705882344,5.45126050420167,-9.645378151260502,19.590701680672268,25.153999999999993,16.54057142857143,32.45714285714285,1
2023-08-08 18:00:00,2,18.24857142857143,60.25714285714286,1011.422857142857,22.596285714285713,-0.09310344364166984,0.8331968608128442,7.252503673469388,1.17392014249666,0,0.0,7.028571428571429,2.14,19.2,-0.7071067811865477,0.7071067811865474,0.7818314824680298,0.6234898018587336,A,25.153999999999993,32.45714285714285,29.942857142857143,-2.5577142857142796,-14.208571428571418,30.314285714285717,21.076023109243696,25.153999999999993,16.54057142857143,32.45714285714285,0
2023-08-09 00:00:00,2,16.88,58.357142857142854,1011.9114285714286,22.365428571428577,-0.031649188201198906,0.8008098842918319,7.029314285714286,1.2508628954937684,0,0.0,4.488571428571429,0.5900000000000001,3.257142857142857,0.7071067811865475,0.7071067811865476,0.9749279121818236,-0.22252093395631434,A,22.596285714285713,18.24857142857143,60.25714285714286,-0.2308571428571362,-1.3685714285714319,-1.9000000000000057,22.532237394957985,25.153999999999993,20.01323529411765,32.45714285714285,0
2023-08-09 06:00:00,2,29.35555555555556,38.5,1011.877777777778,20.69833333333333,-0.505491609420735,2.5145645999847597,18.05366666666667,0.6818631039531476,0,0.0,3.916666666666666,11.940000000000001,487.0,0.7071067811865476,-0.7071067811865475,0.9749279121818236,-0.22252093395631434,A,22.365428571428577,16.88,58.357142857142854,-1.6670952380952464,12.475555555555562,-19.857142857142854,22.703511904761903,25.153999999999993,20.69833333333333,32.45714285714285,0
2023-08-09 12:00:00,2,34.311428571428564,30.8,1009.3828571428572,18.607142857142858,-0.20892784141735385,3.7452374669142463,23.743508571428563,0.5269439275022252,0,0.0,4.265714285714284,15.409999999999998,599.6285714285714,-0.7071067811865471,-0.7071067811865479,0.9749279121818236,-0.22252093395631434,A,20.69833333333333,29.35555555555556,38.5,-2.091190476190473,4.955873015873003,-7.699999999999999,21.06679761904762,22.596285714285713,18.607142857142858,34.311428571428564,0
2023-08-09 18:00:00,2,21.368571428571432,61.98571428571429,1011.4142857142855,18.09914285714286,-0.01415790284278285,0.9670338454272869,8.123109795918369,0.8091327117128624,0,0.0,5.799999999999999,1.56,18.857142857142858,-0.7071067811865477,0.7071067811865474,0.9749279121818236,-0.22252093395631434,A,18.607142857142858,34.311428571428564,30.8,-0.5079999999999991,-12.942857142857132,31.185714285714287,19.942511904761908,22.365428571428577,18.09914285714286,34.311428571428564,0
2023-08-10 00:00:00,2,16.064705882352943,81.72058823529412,1013.6176470588235,17.998235294117645,-0.012744139654047488,0.3337482875178721,2.936533737024223,1.054705274043433,0,0.0,6.897058823529412,0.24000000000000002,3.0,0.7071067811865475,0.7071067811865476,0.43388373911755823,-0.900968867902419,A,18.09914285714286,21.368571428571432,61.98571428571429,-0.10090756302521342,-5.303865546218489,19.73487394957983,18.85071358543417,20.69833333333333,17.998235294117645,34.311428571428564,0
2023-08-10 06:00:00,2,30.288235294117644,48.13235294117647,1014.2058823529412,17.660294117647062,-0.11384528883901676,2.23742502024285,15.709794982698961,0.5644388042865202,0,0.0,8.305882352941175,11.76,496.61764705882354,0.7071067811865476,-0.7071067811865475,0.43388373911755823,-0.900968867902419,A,17.998235294117645,16.064705882352943,81.72058823529412,-0.33794117647058286,14.223529411764702,-33.588235294117645,18.091203781512608,18.607142857142858,17.660294117647062,34.311428571428564,0
2023-08-10 12:00:00,2,33.885714285714286,38.4,1012.5199999999999,17.122285714285713,-0.05263048187166627,3.255871356609563,20.8736,0.4908108108108108,0,0.0,8.477142857142859,16.78,595.8857142857142,-0.7071067811865471,-0.7071067811865479,0.43388373911755823,-0.900968867902419,A,17.660294117647062,30.288235294117644,48.13235294117647,-0.5380084033613493,3.597478991596642,-9.732352941176472,17.71998949579832,18.09914285714286,17.122285714285713,33.885714285714286,0
2023-08-10 18:00:00,2,24.7,59.40277777777778,1014.7888888888889,17.005000000000003,-0.017612525892850256,1.2632271903045562,10.027513888888887,0.6616731517509729,0,0.0,11.616666666666667,3.4799999999999995,15.166666666666666,-0.7071067811865477,0.7071067811865474,0.43388373911755823,-0.900968867902419,A,17.122285714285713,33.885714285714286,38.4,-0.11728571428571044,-9.185714285714287,21.00277777777778,17.446453781512606,17.998235294117645,17.005000000000003,33.885714285714286,0
2023-08-11 00:00:00,2,19.433333333333334,78.22222222222223,1016.7583333333337,16.923333333333332,-0.01405303015214332,0.491634541710239,4.2321481481481475,0.8282218597063621,0,0.0,6.783333333333334,0.8400000000000001,2.6666666666666665,0.7071067811865475,0.7071067811865476,-0.433883739117558,-0.9009688679024191,A,17.005000000000003,24.7,59.40277777777778,-0.08166666666667055,-5.266666666666666,18.81944444444445,17.177728291316527,17.660294117647062,16.923333333333332,33.885714285714286,0
2023-08-11 06:00:00,2,31.691428571428574,46.07142857142857,1017.5485714285713,16.782571428571423,-0.04030770414017124,2.519807822676159,17.090734693877554,0.5133630484181085,0,0.0,7.7942857142857145,12.709999999999997,502.9142857142857,0.7071067811865476,-0.7071067811865475,-0.433883739117558,-0.9009688679024191,A,16.923333333333332,19.433333333333334,78.22222222222223,-0.1407619047619093,12.25809523809524,-32.15079365079366,16.95829761904762,17.122285714285713,16.782571428571423,33.885714285714286,0
2023-08-11 12:00:00,2,35.12352941176471,39.161764705882355,1015.7941176470588,24.161176470588238,3.1804043686737287,3.4441645789029067,21.36853546712803,0.6688487217065625,978,0.0,9.932352941176472,16.81,604.2352941176471,-0.7071067811865471,-0.7071067811865479,-0.433883739117558,-0.9009688679024191,A,16.782571428571423,31.691428571428574,46.07142857142857,7.378605042016815,3.4321008403361333,-6.909663865546214,18.71802030812325,24.161176470588238,16.782571428571423,35.12352941176471,2
2023-08-11 18:00:00,2,24.248387096774195,62.435483870967744,1017.0,26.375806451612902,-0.39998834244769227,1.1377143399044707,9.108789281997918,1.044653123802223,0,0.0,10.28064516129032,2.699999999999999,20.096774193548388,-0.7071067811865477,0.7071067811865474,-0.433883739117558,-0.9009688679024191,A,24.161176470588238,35.12352941176471,39.161764705882355,2.2146299810246646,-10.875142314990512,23.27371916508539,21.060721921026474,26.375806451612902,16.782571428571423,35.12352941176471,0
2023-08-12 00:00:00,2,17.885714285714286,82.64285714285714,1017.8771428571428,25.071142857142856,-0.1255449732945802,0.35568329626500117,3.104448979591837,1.327518910741301,0,0.0,5.968571428571428,0.4800000000000001,2.5714285714285716,0.7071067811865475,0.7071067811865476,-0.9749279121818236,-0.2225209339563146,A,26.375806451612902,24.248387096774195,62.435483870967744,-1.3046635944700462,-6.362672811059909,20.207373271889395,23.097674301978856,26.375806451612902,16.782571428571423,35.12352941176471,0
2023-08-12 06:00:00,2,32.36666666666667,45.59090909090909,1016.8090909090909,26.460303030303027,0.48270032258590156,2.641117986951709,17.61040909090909,0.7930160748342565,441,0.0,3.296969696969697,11.87,515.3939393939394,0.7071067811865476,-0.7071067811865475,-0.9749279121818236,-0.2225209339563146,A,25.071142857142856,17.885714285714286,82.64285714285714,1.389160173160171,14.480952380952381,-37.051948051948045,25.517107202411754,26.460303030303027,24.161176470588238,35.12352941176471,1
2023-08-12 12:00:00,2,35.59714285714286,39.5,1013.3799999999999,22.076,-0.6294890001618176,3.5156136465175027,21.536271428571432,0.603216488406589,0,0.0,5.9142857142857155,16.0,576.8571428571429,-0.7071067811865471,-0.7071067811865479,-0.9749279121818236,-0.2225209339563146,A,26.460303030303027,32.36666666666667,45.59090909090909,-4.384303030303027,3.230476190476196,-6.0909090909090935,24.9958130847647,26.460303030303027,22.076,35.59714285714286,0
2023-08-12 18:00:00,2,25.080555555555556,64.63888888888889,1014.4694444444447,20.567777777777778,-0.03843004168551818,1.12554754635013,8.868763117283951,0.7886249866865481,0,0.0,8.75,2.8200000000000003,15.666666666666666,-0.7071067811865477,0.7071067811865474,-0.9749279121818236,-0.2225209339563146,A,22.076,35.59714285714286,39.5,-1.5082222222222228,-10.516587301587307,25.138888888888886,23.543805916305914,26.460303030303027,20.567777777777778,35.59714285714286,0
2023-08-13 00:00:00,2,19.717142857142857,82.84285714285714,1015.3628571428568,20.403714285714287,-0.023710816785383622,0.3942112390186825,3.382898367346939,0.9848710522686527,0,0.0,5.194285714285714,0.6500000000000001,2.4,0.7071067811865475,0.7071067811865476,-0.7818314824680299,0.6234898018587334,A,20.567777777777778,25.080555555555556,64.63888888888889,-0.1640634920634909,-5.363412698412699,18.203968253968256,22.376948773448774,26.460303030303027,20.403714285714287,35.59714285714286,0
2023-08-13 06:00:00,2,33.35142857142856,46.72857142857143,1014.7114285714287,19.592857142857138,-0.28335641099550485,2.732907118516522,17.766782448979587,0.5703651334941362,0,0.0,5.145714285714287,12.749999999999998,489.6,0.7071067811865476,-0.7071067811865475,-0.7818314824680299,0.6234898018587334,A,20.403714285714287,19.717142857142857,82.84285714285714,-0.8108571428571487,13.634285714285706,-36.114285714285714,20.6600873015873,22.076,19.592857142857138,35.59714285714286,0
2023-08-13 12:00:00,2,37.00882352941177,39.0,1011.9735294117646,18.379411764705885,-0.12481587736306582,3.82947709747745,22.57538235294118,0.4835564497407723,0,0.0,6.48235294117647,16.36,596.5294117647059,-0.7071067811865471,-0.7071067811865479,-0.7818314824680299,0.6234898018587334,A,19.592857142857138,33.35142857142856,46.72857142857143,-1.2134453781512526,3.6573949579832075,-7.728571428571428,19.73594024276377,20.567777777777778,18.379411764705885,37.00882352941177,0
2023-08-13 18:00:00,2,26.579411764705885,63.23529411764706,1012.7470588235294,18.066764705882353,-0.014553173536571868,1.2787889606403562,9.771842560553635,0.6550815825957128,0,0.0,8.52941176470588,2.74,15.911764705882353,-0.7071067811865477,0.7071067811865474,-0.7818314824680299,0.6234898018587334,A,18.379411764705885,37.00882352941177,39.0,-0.31264705882353283,-10.429411764705886,24.235294117647058,19.110686974789914,20.403714285714287,18.066764705882353,37.00882352941177,0
2023-08-14 00:00:00,2,20.71818181818182,83.83333333333333,1013.969696969697,17.993636363636362,-0.01315566598075469,0.3951583235492486,3.3494393939393956,0.8285056508999581,0,0.0,5.221212121212122,0.4,2.3636363636363638,0.7071067811865475,0.7071067811865476,0.0,1.0,A,18.066764705882353,26.579411764705885,63.23529411764706,-0.0731283422459903,-5.861229946524066,20.59803921568627,18.508167494270435,19.592857142857138,17.993636363636362,37.00882352941177,0
2023-08-14 06:00:00,2,33.93714285714285,47.385714285714286,1013.8857142857141,17.765428571428572,-0.07257532230377559,2.7889107221898177,17.855785306122446,0.5084968923781485,0,0.0,5.308571428571428,13.120000000000003,507.37142857142857,0.7071067811865476,-0.7071067811865475,0.0,1.0,A,17.993636363636362,20.71818181818182,83.83333333333333,-0.2282077922077903,13.218961038961034,-36.44761904761904,18.051310351413292,18.379411764705885,17.765428571428572,37.00882352941177,0
2023-08-14 12:00:00,2,33.547058823529404,42.48529411764706,1011.8735294117646,24.79529411764706,1.382850284932721,2.9830411110140393,19.29449221453287,0.7177251830410354,622,0.0,7.635294117647059,14.520000000000001,496.6470588235294,-0.7071067811865471,-0.7071067811865479,0.0,1.0,A,17.765428571428572,33.93714285714285,47.385714285714286,7.029865546218488,-0.3900840336134479,-4.900420168067228,19.655280939648588,24.79529411764706,17.765428571428572,33.93714285714285,1
2023-08-14 18:00:00,2,23.994444444444444,70.30555555555556,1013.3027777777778,24.477777777777778,-0.10450387453571906,0.8857622990928173,7.125016975308642,0.9793287397199378,0,0.0,8.133333333333335,2.9399999999999995,14.0,-0.7071067811865477,0.7071067811865474,0.0,1.0,A,24.79529411764706,33.547058823529404,42.48529411764706,-0.3175163398692824,-9.552614379084961,27.8202614379085,21.258034207622444,24.79529411764706,17.765428571428572,33.93714285714285,0
2023-08-15 00:00:00,2,20.92285714285714,81.82857142857142,1014.0771428571428,23.805428571428575,-0.07191008640734425,0.44978741356266605,3.8019820408163283,1.08587254007559,0,0.0,5.531428571428571,0.97,2.057142857142857,0.7071067811865475,0.7071067811865476,0.7818314824680298,0.6234898018587336,A,24.477777777777778,23.994444444444444,70.30555555555556,-0.6723492063492031,-3.0715873015873036,11.523015873015865,22.710982259570493,24.79529411764706,17.765428571428572,33.93714285714285,0
2023-08-15 06:00:00,2,33.567647058823525,46.30882352941177,1013.3676470588235,21.884411764705884,-0.5902337392541457,2.787935544729283,18.02286461937716,0.6330894239768571,0,0.0,3.7529411764705882,12.0,488.97058823529414,0.7071067811865476,-0.7071067811865475,0.7818314824680298,0.6234898018587336,A,23.805428571428575,20.92285714285714,81.82857142857142,-1.9210168067226903,12.644789915966385,-35.519747899159654,23.74072805788982,24.79529411764706,21.884411764705884,33.567647058823525,0
2023-08-15 12:00:00,2,36.5258064516129,37.11290322580645,1010.0838709677419,19.5741935483871,-0.18491044401072418,3.845262607485138,22.970019250780435,0.5216195306455773,0,0.0,3.2290322580645165,12.309999999999999,504.19354838709677,-0.7071067811865471,-0.7071067811865479,0.7818314824680298,0.6234898018587336,A,21.884411764705884,33.567647058823525,46.30882352941177,-2.310218216318784,2.9581593927893763,-9.19592030360532,22.43545291557483,24.477777777777778,19.5741935483871,36.5258064516129,0
2023-08-15 18:00:00,2,25.284375,64.015625,1012.06875,19.098125,-0.02576832943034963,1.1593569302711213,9.09842431640625,0.726596124123172,0,0.0,6.153125000000001,1.4100000000000001,11.5625,-0.7071067811865477,0.7071067811865474,0.7818314824680298,0.6234898018587336,A,19.5741935483871,36.5258064516129,37.11290322580645,-0.4760685483871008,-11.2414314516129,26.90272177419355,21.09053972113039,23.805428571428575,19.098125,36.5258064516129,0
2023-08-16 00:00:00,2,20.497222222222224,82.88888888888889,1013.6666666666669,18.92805555555556,-0.022273769936754725,0.41258794176775737,3.5073024691358023,0.8804884351983462,0,5.4,3.6499999999999995,0.0,1.8333333333333333,0.7071067811865475,0.7071067811865476,0.9749279121818236,-0.22252093395631434,A,19.098125,25.284375,64.015625,-0.17006944444444017,-4.787152777777777,18.873263888888886,19.871196467162136,21.884411764705884,18.92805555555556,36.5258064516129,0
2023-08-16 06:00:00,2,32.440625,51.15625,1013.703125,18.6628125,-0.09831005732880872,2.380866010772918,15.845217773437497,0.5580880291561537,0,0.0,5.2875,10.89,466.28125,0.7071067811865476,-0.7071067811865475,0.9749279121818236,-0.22252093395631434,A,18.92805555555556,20.497222222222224,82.88888888888889,-0.26524305555555827,11.943402777777774,-31.732638888888886,19.065796650985664,19.5741935483871,18.6628125,36.5258064516129,0
2023-08-16 12:00:00,2,36.980555555555554,34.013888888888886,1010.7027777777774,18.151666666666664,-0.069386092939354,4.13612324425418,24.402030478395062,0.47791998829810567,0,0.0,4.783333333333334,15.059999999999999,519.1666666666666,-0.7071067811865471,-0.7071067811865479,0.9749279121818236,-0.22252093395631434,A,18.6628125,32.440625,51.15625,-0.5111458333333374,4.539930555555557,-17.142361111111114,18.710164930555557,19.098125,18.151666666666664,36.980555555555554,0
2023-08-16 18:00:00,2,24.60857142857143,63.51428571428571,1011.8857142857141,17.98657142857143,-0.011020664751731163,1.1291108905656548,8.978613061224491,0.7023652794823162,0,0.0,4.519999999999999,1.1300000000000001,12.342857142857143,-0.7071067811865477,0.7071067811865474,0.9749279121818236,-0.22252093395631434,A,18.151666666666664,36.980555555555554,34.013888888888886,-0.1650952380952333,-12.371984126984124,29.500396825396827,18.432276537698414,18.92805555555556,17.98657142857143,36.980555555555554,0
2023-08-17 00:00:00,2,20.96666666666667,78.27777777777777,1012.9555555555556,17.858611111111106,-0.025216868798263303,0.5391277114084119,4.554425925925928,0.8129868487607483,0,7.200000000000001,11.466666666666665,0.9600000000000001,1.5,0.7071067811865475,0.7071067811865476,0.43388373911755823,-0.900968867902419,A,17.98657142857143,24.60857142857143,63.51428571428571,-0.12796031746032455,-3.6419047619047618,14.763492063492059,18.1649154265873,18.6628125,17.858611111111106,36.980555555555554,0
2023-08-17 06:00:00,2,33.90909090909091,44.621212121212125,1012.1363636363636,17.68939393939394,-0.0351396497997146,2.930864018849187,18.778443526170793,0.5067274305555557,0,0.0,4.087878787878787,10.37,442.8787878787879,0.7071067811865476,-0.7071067811865475,0.43388373911755823,-0.900968867902419,A,17.858611111111106,20.96666666666667,78.27777777777777,-0.16921717171716466,12.942424242424238,-33.65656565656565,17.921560786435784,18.151666666666664,17.68939393939394,36.980555555555554,0
2023-08-17 12:00:00,2,30.32285714285715,55.98571428571429,1010.1314285714285,17.621428571428574,-0.0009669400024100823,1.9024185371725402,13.34638897959184,0.5625741129252941,0,4.8,8.962857142857143,10.020000000000001,374.57142857142856,-0.7071067811865471,-0.7071067811865479,0.43388373911755823,-0.900968867902419,A,17.68939393939394,33.90909090909091,44.621212121212125,-0.06796536796536756,-3.5862337662337573,11.364502164502163,17.789001262626265,17.98657142857143,17.621428571428574,33.90909090909091,0
2023-08-17 18:00:00,2,23.785714285714285,69.27142857142857,1011.6085714285715,17.60057142857143,-0.009213294771137592,0.905187921349627,7.309010204081632,0.7101095100864555,0,0.0,4.9485714285714275,0.45999999999999996,9.8,-0.7071067811865477,0.7071067811865474,0.43388373911755823,-0.900968867902419,A,17.621428571428574,30.32285714285715,55.98571428571429,-0.020857142857142463,-6.5371428571428645,13.285714285714285,17.692501262626262,17.858611111111106,17.60057142857143,33.90909090909091,0
2023-08-18 00:00:00,2,20.585714285714285,76.62857142857143,1012.2257142857142,17.534857142857142,-0.014789874360248468,0.5666209442238666,4.81117551020408,0.812336201191264,0,0.0,4.211428571428573,0.10999999999999999,1.4285714285714286,0.7071067811865475,0.7071067811865476,-0.433883739117558,-0.9009688679024191,A,17.60057142857143,23.785714285714285,69.27142857142857,-0.06571428571428939,-3.1999999999999993,7.357142857142861,17.611562770562774,17.68939393939394,17.534857142857142,33.90909090909091,0
2023-08-18 06:00:00,2,32.925714285714285,46.91428571428571,1012.0628571428571,17.498285714285718,0.056735505746697765,2.659183409802339,17.4788506122449,0.5157823816742464,252,0.0,3.5771428571428574,12.22,479.25714285714287,0.7071067811865476,-0.7071067811865475,-0.433883739117558,-0.9009688679024191,A,17.534857142857142,20.585714285714285,76.62857142857143,-0.036571428571424036,12.34,-29.714285714285722,17.563785714285714,17.621428571428574,17.498285714285718,32.925714285714285,1
2023-08-18 12:00:00,2,37.484848484848484,37.93939393939394,1009.6515151515151,29.075757575757574,-0.764302131115975,3.9982117348288484,23.263324150596876,0.755511811023622,866,0.0,7.1454545454545455,14.25,520.3636363636364,-0.7071067811865471,-0.7071067811865479,-0.433883739117558,-0.9009688679024191,A,17.498285714285718,32.925714285714285,46.91428571428571,11.577471861471857,4.559134199134199,-8.974891774891773,20.427367965367967,29.075757575757574,17.498285714285718,37.484848484848484,2
2023-08-18 18:00:00,2,26.102777777777774,65.45833333333333,1011.3250000000002,25.315277777777776,-0.16999941855273507,1.1681703816635398,9.016334490740741,0.9340473506200677,0,0.0,7.616666666666668,1.9200000000000002,12.833333333333334,-0.7071067811865477,0.7071067811865474,-0.433883739117558,-0.9009688679024191,A,29.075757575757574,37.484848484848484,37.93939393939394,-3.760479797979798,-11.38207070707071,27.51893939393939,22.35604455266955,29.075757575757574,17.498285714285718,37.484848484848484,0
2023-08-19 00:00:00,2,21.584375,79.5625,1012.621875,24.4703125,-0.11137629027731197,0.5268151687684051,4.411306640625,1.0835062958350627,0,0.0,3.45625,0.11000000000000001,1.6875,0.7071067811865475,0.7071067811865476,-0.9749279121818236,-0.2225209339563146,A,25.315277777777776,26.102777777777774,65.45833333333333,-0.8449652777777779,-4.518402777777773,14.104166666666671,24.089908391955266,29.075757575757574,17.498285714285718,37.484848484848484,0
2023-08-19 06:00:00,2,34.6030303030303,47.93939393939394,1012.6484848484849,22.466060606060605,-0.664910075397069,2.863584542885973,18.014547291092747,0.6310154055664312,0,0.0,2.790909090909091,11.59,484.4848484848485,0.7071067811865476,-0.7071067811865475,-0.9749279121818236,-0.2225209339563146,A,24.4703125,21.584375,79.5625,-2.0042518939393936,13.0186553030303,-31.623106060606062,25.33185211489899,29.075757575757574,22.466060606060605,37.484848484848484,0
2023-08-19 12:00:00,2,38.71764705882353,36.955882352941174,1010.8882352941177,19.785294117647055,-0.23634086041464816,4.341337785110644,24.40919896193772,0.49814869668246436,0,0.0,5.1911764705882355,15.89,576.4705882352941,-0.7071067811865471,-0.7071067811865479,-0.9749279121818236,-0.2225209339563146,A,22.466060606060605,34.6030303030303,47.93939393939394,-2.68076648841355,4.114616755793229,-10.983511586452764,23.00923625037136,25.315277777777776,19.785294117647055,38.71764705882353,0
2023-08-19 18:00:00,2,24.80833333333333,67.70833333333333,1012.9861111111113,19.191388888888888,-0.019114852312654702,1.0113077389694718,8.011024305555557,0.7436120977289851,0,0.0,7.083333333333333,2.1599999999999993,12.5,-0.7071067811865477,0.7071067811865474,-0.9749279121818236,-0.2225209339563146,A,19.785294117647055,38.71764705882353,36.955882352941174,-0.5939052287581674,-13.9093137254902,30.752450980392155,21.478264028149137,24.4703125,19.191388888888888,38.71764705882353,0
2023-08-20 00:00:00,2,20.306060606060605,84.5,1014.9454545454547,19.063030303030303,-0.03188169562829495,0.36935741691510904,3.1474393939393943,0.8947233679419713,0,0.0,6.448484848484848,0.6600000000000001,1.4545454545454546,0.7071067811865475,0.7071067811865476,-0.7818314824680299,0.6234898018587334,A,19.191388888888888,24.80833333333333,67.70833333333333,-0.12835858585858517,-4.502272727272725,16.79166666666667,20.12644347890671,22.466060606060605,19.063030303030303,38.71764705882353,0
2023-08-20 06:00:00,2,35.025714285714294,45.785714285714285,1015.0571428571428,18.801714285714286,-0.06610248869425979,3.052631521118272,18.988940816326537,0.5218970576572288,0,0.0,6.108571428571429,12.750000000000002,470.42857142857144,0.7071067811865476,-0.7071067811865475,-0.7818314824680299,0.6234898018587334,A,19.063030303030303,20.306060606060605,84.5,-0.26131601731601606,14.719653679653689,-38.714285714285715,19.21035689882013,19.785294117647055,18.801714285714286,38.71764705882353,0
2023-08-20 12:00:00,2,38.35999999999999,35.885714285714286,1012.9114285714286,18.49171428571429,-0.025109741777938246,4.330796771547886,24.594239999999996,0.4698098141695705,0,0.0,12.337142857142856,17.840000000000003,547.5714285714286,-0.7071067811865471,-0.7071067811865479,-0.7818314824680299,0.6234898018587334,A,18.801714285714286,35.025714285714294,45.785714285714285,-0.30999999999999517,3.3342857142856985,-9.899999999999999,18.88696194083694,19.191388888888888,18.49171428571429,38.35999999999999,0
2023-08-20 18:00:00,2,27.26388888888889,59.416666666666664,1015.2000000000002,18.393333333333334,-0.016426020770540325,1.4694863993356009,11.06459490740741,0.6507714987714988,0,0.0,9.249999999999998,3.2399999999999993,11.333333333333334,-0.7071067811865477,0.7071067811865474,-0.7818314824680299,0.6234898018587334,A,18.49171428571429,38.35999999999999,35.885714285714286,-0.0983809523809569,-11.096111111111103,23.530952380952378,18.687448051948053,19.063030303030303,18.393333333333334,38.35999999999999,0
2023-08-21 00:00:00,2,22.788571428571426,72.4,1016.7114285714284,18.303428571428576,-0.019815538730572006,0.7655440189883156,6.289645714285712,0.7694210905596928,0,0.0,3.982857142857143,0.48000000000000004,1.3714285714285714,0.7071067811865475,0.7071067811865476,0.0,1.0,A,18.393333333333334,27.26388888888889,59.416666666666664,-0.0899047619047586,-4.475317460317463,12.983333333333341,18.497547619047623,18.801714285714286,18.303428571428576,38.35999999999999,0
2023-08-21 06:00:00,2,36.38484848484849,41.166666666666664,1016.2818181818183,18.152727272727276,-0.02006820122419652,3.5697703088873896,21.406419191919195,0.485563751317176,0,0.0,4.572727272727272,11.8,465.54545454545456,0.7071067811865476,-0.7071067811865475,0.0,1.0,A,18.303428571428576,22.788571428571426,72.4,-0.1507012987012999,13.596277056277064,-31.23333333333334,18.335300865800868,18.49171428571429,18.152727272727276,38.35999999999999,0
2023-08-21 12:00:00,2,39.733333333333334,32.541666666666664,1013.4083333333331,18.069444444444443,-0.01676480216181052,4.905187056709261,26.803444444444445,0.4436033824331696,0,0.0,8.883333333333333,17.64,560.3333333333334,-0.7071067811865471,-0.7071067811865479,0.0,1.0,A,18.152727272727276,36.38484848484849,41.166666666666664,-0.08328282828283307,3.348484848484844,-8.625,18.229733405483408,18.393333333333334,18.069444444444443,39.733333333333334,0
2023-08-21 18:00:00,2,24.845714285714287,64.87142857142857,1014.1857142857141,17.991142857142858,-0.01279840504348773,1.1026092690288012,8.72794448979592,0.696097722750387,0,0.0,7.257142857142859,2.2499999999999996,11.657142857142857,-0.7071067811865477,0.7071067811865474,0.0,1.0,A,18.069444444444443,39.733333333333334,32.541666666666664,-0.07830158730158487,-14.887619047619047,32.3297619047619,18.129185786435787,18.303428571428576,17.991142857142858,39.733333333333334,0
2023-08-22 00:00:00,2,22.954285714285714,68.62857142857143,1014.4257142857143,17.853142857142853,-0.027096835719417168,0.8789267018667928,7.201087346938773,0.7453005725190838,0,0.0,4.565714285714285,0.6300000000000001,1.2,0.7071067811865475,0.7071067811865476,0.7818314824680298,0.6234898018587336,A,17.991142857142858,24.845714285714287,64.87142857142857,-0.13800000000000523,-1.8914285714285732,3.757142857142867,18.016614357864356,18.152727272727276,17.853142857142853,39.733333333333334,0
2023-08-22 06:00:00,2,36.742424242424235,40.15151515151515,1014.0181818181818,27.55060606060606,3.560305242043648,3.7030144687417947,21.989784205693294,0.7299638699317544,1513,0.0,2.5787878787878786,11.129999999999999,455.6969696969697,0.7071067811865476,-0.7071067811865475,0.7818314824680298,0.6234898018587336,A,17.853142857142853,22.954285714285714,68.62857142857143,9.697463203463208,13.788138528138521,-28.477056277056285,20.366084054834054,27.55060606060606,17.853142857142853,39.733333333333334,2
2023-08-22 12:00:00,2,40.47714285714286,32.22857142857143,1011.0228571428572,26.940285714285714,-1.2465341036117923,5.12707583930389,27.431937959183674,0.6495212509471654,32,0.0,8.448571428571427,17.299999999999997,556.7142857142857,-0.7071067811865471,-0.7071067811865479,0.7818314824680298,0.6234898018587336,A,27.55060606060606,36.742424242424235,40.15151515151515,-0.6103203463203464,3.7347186147186235,-7.922943722943721,22.58379437229437,27.55060606060606,17.853142857142853,40.47714285714286,1
2023-08-22 18:00:00,2,25.205714285714286,63.0,1011.7228571428573,24.553714285714285,-0.020274386786287433,1.1865166959871898,9.326114285714286,0.9369603139991277,0,0.0,5.5600000000000005,1.58,10.628571428571428,-0.7071067811865477,0.7071067811865474,0.7818314824680298,0.6234898018587336,A,26.940285714285714,40.47714285714286,32.22857142857143,-2.386571428571429,-15.271428571428572,30.771428571428572,24.22443722943723,27.55060606060606,17.853142857142853,40.47714285714286,0
2023-08-23 00:00:00,2,23.091176470588234,63.294117647058826,1011.864705882353,24.26764705882353,-0.06744081377620534,1.0369295282358757,8.475820069204152,1.0073251129288245,0,0.0,3.6235294117647063,0.16000000000000003,0.7058823529411765,0.7071067811865475,0.7071067811865476,0.9749279121818236,-0.22252093395631434,A,24.553714285714285,25.205714285714286,63.0,-0.28606722689075426,-2.1145378151260523,0.29411764705882604,25.8280632798574,27.55060606060606,24.26764705882353,40.47714285714286,0
2023-08-23 06:00:00,2,36.263636363636365,39.34848484848485,1011.5757575757576,22.77,-0.44073729799119205,3.655754481705483,21.994444903581265,0.6110514759697486,0,0.0,3.6030303030303026,11.870000000000001,477.7878787878788,0.7071067811865476,-0.7071067811865475,0.9749279121818236,-0.22252093395631434,A,24.26764705882353,23.091176470588234,63.294117647058826,-1.4976470588235316,13.172459893048131,-23.945632798573975,24.63291176470588,26.940285714285714,22.77,40.47714285714286,0
2023-08-23 12:00:00,2,41.90967741935484,24.983870967741936,1008.6322580645162,20.816451612903226,-0.2211069584333752,6.121413952258477,31.43901768990635,0.48512253796421584,0,0.0,6.396774193548386,15.090000000000002,552.3870967741935,-0.7071067811865471,-0.7071067811865479,0.9749279121818236,-0.22252093395631434,A,22.77,36.263636363636365,39.34848484848485,-1.9535483870967738,5.646041055718477,-14.364613880742915,23.101953239360263,24.553714285714285,20.816451612903226,41.90967741935484,0
2023-08-23 18:00:00,2,26.248387096774195,55.16129032258065,1010.2774193548388,20.20838709677419,-0.029477776191410867,1.5294990865984122,11.769438085327783,0.7416360838167394,0,0.0,7.196774193548384,2.259999999999999,9.548387096774194,-0.7071067811865477,0.7071067811865474,0.9749279121818236,-0.22252093395631434,A,20.816451612903226,41.90967741935484,24.983870967741936,-0.608064516129037,-15.661290322580648,30.17741935483871,22.015621442125237,24.26764705882353,20.20838709677419,41.90967741935484,0
2023-08-24 00:00:00,2,21.078125,73.5,1011.7874999999999,20.064999999999998,-0.02096259849584281,0.6622257401508991,5.585703125,0.9088181174805378,0,0.0,2.8500000000000005,0.28,1.125,0.7071067811865475,0.7071067811865476,0.43388373911755823,-0.900968867902419,A,20.20838709677419,26.248387096774195,55.16129032258065,-0.14338709677419104,-5.170262096774195,18.338709677419352,20.96495967741935,22.77,20.064999999999998,41.90967741935484,0
2023-08-24 06:00:00,2,36.94375,36.859375,1011.3625000000001,19.7821875,-0.07988701016103748,3.949834856712137,23.3265146484375,0.5213556251029484,0,0.0,5.553125,12.77,498.59375,0.7071067811865476,-0.7071067811865475,0.43388373911755823,-0.900968867902419,A,20.064999999999998,21.078125,73.5,-0.2828124999999986,15.865625000000001,-36.640625,20.218006552419354,20.816451612903226,19.7821875,41.90967741935484,0
2023-08-24 12:00:00,2,40.84705882352941,25.014705882352942,1008.05,19.44235294117647,-0.055006267489830465,5.7852284440717465,30.62928719723183,0.4646050042170368,0,0.0,8.620588235294118,16.989999999999995,547.5882352941177,-0.7071067811865471,-0.7071067811865479,0.43388373911755823,-0.900968867902419,A,19.7821875,36.94375,36.859375,-0.3398345588235294,3.9033088235294073,-11.844669117647058,19.874481884487665,20.20838709677419,19.44235294117647,40.84705882352941,0
2023-08-24 18:00:00,2,25.854285714285716,58.47142857142857,1009.0542857142858,19.30314285714286,-0.010867814468507195,1.3839785945362373,10.736915510204085,0.7188105117565698,0,0.0,6.311428571428571,2.3299999999999996,9.771428571428572,-0.7071067811865477,0.7071067811865474,0.43388373911755823,-0.900968867902419,A,19.44235294117647,40.84705882352941,25.014705882352942,-0.13921008403361057,-14.992773109243693,33.456722689075626,19.648170824579832,20.064999999999998,19.30314285714286,40.84705882352941,0
2023-08-25 00:00:00,2,22.077777777777772,68.08333333333333,1009.1694444444446,19.220833333333342,-0.01190345935778196,0.8478634421404745,7.04649074074074,0.832871930669235,0,0.0,3.7333333333333325,0.42000000000000004,0.8333333333333334,0.7071067811865475,0.7071067811865476,-0.433883739117558,-0.9009688679024191,A,19.30314285714286,25.854285714285716,58.47142857142857,-0.08230952380951706,-3.7765079365079437,9.61190476190476,19.43712915791317,19.7821875,19.220833333333342,40.84705882352941,0
2023-08-25 06:00:00,2,37.381818181818176,37.57575757575758,1008.439393939394,24.97787878787879,3.182746823053795,3.9992040068461616,23.33531680440771,0.6507737249328913,973,0.0,5.427272727272727,12.34,475.1818181818182,0.7071067811865476,-0.7071067811865475,-0.433883739117558,-0.9009688679024191,A,19.220833333333342,22.077777777777772,68.08333333333333,5.757045454545448,15.304040404040403,-30.50757575757575,20.736051979882866,24.97787878787879,19.220833333333342,40.84705882352941,2
2023-08-25 12:00:00,2,39.791428571428575,27.957142857142856,1005.3885714285714,28.936000000000003,-1.5174085464188194,5.25482031915303,28.66688204081633,0.7093647124746095,507,0.0,12.345714285714285,19.37,549.2,-0.7071067811865471,-0.7071067811865479,-0.433883739117558,-0.9009688679024191,A,24.97787878787879,37.381818181818176,37.57575757575758,3.9581212121212133,2.4096103896103997,-9.618614718614722,23.10946374458875,28.936000000000003,19.220833333333342,39.791428571428575,1
2023-08-25 18:00:00,2,26.81142857142858,42.18571428571428,1006.3285714285716,25.361428571428572,-0.12279866002259866,2.038581699556188,15.500835918367352,0.9119067187178959,0,0.0,9.091428571428573,3.9699999999999993,9.6,-0.7071067811865477,0.7071067811865474,-0.433883739117558,-0.9009688679024191,A,28.936000000000003,39.791428571428575,27.957142857142856,-3.5745714285714314,-12.979999999999997,14.228571428571428,24.624035173160177,28.936000000000003,19.220833333333342,39.791428571428575,0
2023-08-26 00:00:00,2,19.725714285714286,65.64285714285714,1006.862857142857,24.772000000000002,-0.07746954887614134,0.7898270616578704,6.777191836734695,1.1952302178108631,0,0.0,7.04857142857143,1.7600000000000002,0.8571428571428571,0.7071067811865475,0.7071067811865476,-0.9749279121818236,-0.2225209339563146,A,25.361428571428572,26.81142857142858,42.18571428571428,-0.5894285714285701,-7.0857142857142925,23.457142857142856,26.011826839826842,28.936000000000003,24.772000000000002,39.791428571428575,0
2023-08-26 06:00:00,2,34.81428571428572,37.142857142857146,1006.3857142857142,23.499714285714283,-0.45062789681656756,3.498140252250266,21.88326530612245,0.6561547666533705,0,0.0,11.462857142857143,12.96,406.34285714285716,0.7071067811865476,-0.7071067811865475,-0.9749279121818236,-0.2225209339563146,A,24.772000000000002,19.725714285714286,65.64285714285714,-1.2722857142857187,15.08857142857143,-28.499999999999993,25.642285714285713,28.936000000000003,23.499714285714283,39.791428571428575,0
2023-08-26 12:00:00,2,35.058333333333344,36.875,1004.3194444444442,21.610833333333332,-0.15685507969155468,3.5607769762127504,22.130572916666672,0.5993297896926275,0,0.6000000000000001,12.783333333333333,16.740000000000002,474.3333333333333,-0.7071067811865471,-0.7071067811865479,-0.9749279121818236,-0.2225209339563146,A,23.499714285714283,34.81428571428572,37.142857142857146,-1.8888809523809513,0.2440476190476275,-0.2678571428571459,23.810994047619047,25.361428571428572,21.610833333333332,35.058333333333344,0
2023-08-26 18:00:00,2,23.514285714285716,69.97142857142858,1005.76,21.197999999999997,-0.027936294394901036,0.8702352177753463,7.061004081632653,0.8647202797202795,0,0.0,12.134285714285713,2.5199999999999996,8.571428571428571,-0.7071067811865477,0.7071067811865474,-0.9749279121818236,-0.2225209339563146,A,21.610833333333332,35.058333333333344,36.875,-0.41283333333333516,-11.544047619047628,33.096428571428575,22.770136904761905,24.772000000000002,21.197999999999997,35.058333333333344,0
2023-08-27 00:00:00,2,22.191428571428574,70.81428571428572,1004.2657142857144,21.005714285714284,-0.03523150505721998,0.7806997334467145,6.47672693877551,0.9057533571516568,0,1.0,9.86857142857143,1.1,0.17142857142857143,0.7071067811865475,0.7071067811865476,-0.7818314824680299,0.6234898018587334,A,21.197999999999997,23.514285714285716,69.97142857142858,-0.19228571428571328,-1.322857142857142,0.8428571428571416,21.828565476190473,23.499714285714283,21.005714285714284,35.058333333333344,0
2023-08-27 06:00:00,2,25.283333333333335,67.25,1003.8416666666667,20.79972222222223,-0.03432353682523501,1.055085402011804,8.280291666666667,0.7913654618473898,0,4.800000000000001,8.833333333333334,4.859999999999999,111.66666666666667,0.7071067811865476,-0.7071067811865475,-0.7818314824680299,0.6234898018587334,A,21.005714285714284,22.191428571428574,70.81428571428572,-0.20599206349205446,3.091904761904761,-3.5642857142857167,21.15356746031746,21.610833333333332,20.79972222222223,35.058333333333344,0
2023-08-27 12:00:00,2,26.40277777777778,70.5,1003.3249999999997,20.607222222222216,-0.03299076430569786,1.015481424270901,7.788819444444446,0.7520121642169283,0,0.6000000000000001,8.333333333333332,6.660000000000001,201.16666666666666,-0.7071067811865471,-0.7071067811865479,-0.7818314824680299,0.6234898018587334,A,20.79972222222223,25.283333333333335,67.25,-0.19250000000001322,1.1194444444444436,3.25,20.90266468253968,21.197999999999997,20.607222222222216,26.40277777777778,0
2023-08-27 18:00:00,2,22.33333333333333,80.62121212121212,1000.5787878787878,20.507575757575758,-0.013449943921143794,0.5228644028129157,4.327929292929291,0.8788961038961041,0,23.599999999999998,5.709090909090908,0.52,6.545454545454546,-0.7071067811865477,0.7071067811865474,-0.7818314824680299,0.6234898018587334,A,20.607222222222216,26.40277777777778,70.5,-0.0996464646464581,-4.06944444444445,10.121212121212125,20.730058621933622,21.005714285714284,20.507575757575758,26.40277777777778,0
2023-08-28 00:00:00,2,20.15277777777778,87.66666666666667,996.5000000000002,20.429999999999996,-0.013128529228443138,0.2911267214981188,2.4855092592592585,0.9658305975049243,0,128.39999999999998,18.016666666666666,0.18,0.16666666666666666,0.7071067811865475,0.7071067811865476,0.0,1.0,A,20.507575757575758,22.33333333333333,80.62121212121212,-0.07757575757576163,-2.18055555555555,7.045454545454547,20.586130050505048,20.79972222222223,20.429999999999996,26.40277777777778,0
2023-08-28 06:00:00,2,27.693939393939395,59.89393939393939,994.7272727272727,20.306060606060605,-0.03295981553784698,1.4891740701162184,11.106948117539028,0.7076776850776216,0,17.700000000000003,10.23030303030303,7.91,338.1515151515151,0.7071067811865476,-0.7071067811865475,0.0,1.0,A,20.429999999999996,20.15277777777778,87.66666666666667,-0.12393939393939135,7.541161616161617,-27.77272727272728,20.462714646464644,20.607222222222216,20.306060606060605,27.693939393939395,0
2023-08-28 12:00:00,2,22.424999999999997,74.69444444444444,994.9694444444443,20.191388888888888,-0.0453872182695367,0.6865904601861827,5.6747708333333335,0.8619589707103048,0,76.8,13.016666666666666,7.5,307.6666666666667,-0.7071067811865471,-0.7071067811865479,0.0,1.0,A,20.306060606060605,27.693939393939395,59.89393939393939,-0.11467171717171709,-5.268939393939398,14.800505050505052,20.358756313131313,20.507575757575758,20.191388888888888,27.693939393939395,0
2023-08-28 18:00:00,2,17.811111111111114,77.25,996.3444444444443,20.015833333333337,-0.01273554732773653,0.4640096671628344,4.052027777777779,1.0640431187241584,0,0.0,13.316666666666666,1.5,5.333333333333333,-0.7071067811865477,0.7071067811865474,0.0,1.0,A,20.191388888888888,22.424999999999997,74.69444444444444,-0.17555555555555102,-4.613888888888884,2.555555555555557,20.235820707070708,20.429999999999996,20.015833333333337,27.693939393939395,0
2023-08-29 00:00:00,2,15.793548387096774,83.62903225806451,996.9258064516129,23.54612903225806,2.2194702924070318,0.2937684170982071,2.5855567117585845,1.4020937379946214,0,31.800000000000008,11.358064516129033,0.04,0.25806451612903225,0.7071067811865475,0.7071067811865476,0.7818314824680298,0.6234898018587336,A,20.015833333333337,17.811111111111114,77.25,3.530295698924725,-2.01756272401434,6.3790322580645125,21.014852965135223,23.54612903225806,20.015833333333337,27.693939393939395,0
2023-08-29 06:00:00,2,18.500000000000004,83.52857142857142,998.6114285714286,28.792857142857144,-0.26235355229502283,0.35080474724061905,3.047214285714286,1.4765567765567764,0,3.0000000000000004,8.0,7.46,333.6,0.7071067811865476,-0.7071067811865475,0.7818314824680298,0.6234898018587336,A,23.54612903225806,15.793548387096774,83.62903225806451,5.246728110599083,2.70645161290323,-0.10046082949308754,23.136552099334356,28.792857142857144,20.015833333333337,22.424999999999997,0
2023-08-29 12:00:00,2,21.92857142857143,68.7,999.0400000000001,27.457142857142856,-0.20891814272299958,0.8239544122238631,6.863642857142857,1.1975077881619935,0,20.299999999999997,6.934285714285715,6.8999999999999995,292.1142857142857,-0.7071067811865471,-0.7071067811865479,0.7818314824680298,0.6234898018587336,A,28.792857142857144,18.500000000000004,83.52857142857142,-1.335714285714289,3.428571428571427,-14.828571428571422,24.95299059139785,28.792857142857144,20.015833333333337,21.92857142857143,0
2023-08-29 18:00:00,2,16.22285714285714,84.52857142857142,1001.1114285714284,27.295428571428566,0.04829262029133089,0.28534440543482176,2.509907755102042,1.5848374253483741,0,10.2,8.065714285714282,0.53,1.7142857142857142,-0.7071067811865477,0.7071067811865474,0.7818314824680298,0.6234898018587336,A,27.457142857142856,21.92857142857143,68.7,-0.16171428571428947,-5.70571428571429,15.828571428571422,26.772889400921656,28.792857142857144,23.54612903225806,21.92857142857143,0
2023-08-30 00:00:00,2,15.936363636363636,85.28787878787878,1001.6696969696969,27.01060606060606,-0.0678376618981687,0.2664231417847398,2.344577134986227,1.5948291286455538,0,0.0,5.5272727272727264,0.17,0.30303030303030304,0.7071067811865475,0.7071067811865476,0.9749279121818236,-0.22252093395631434,A,27.295428571428566,16.22285714285714,84.52857142857142,-0.2848225108225044,-0.286493506493505,0.7593073593073569,27.639008658008656,28.792857142857144,27.01060606060606,21.92857142857143,0
2023-08-30 06:00:00,2,25.57741935483871,55.29032258064516,1002.3322580645162,26.07032258064516,-0.3358698082997524,1.4657524343947768,11.435581685744019,0.9809200145648743,0,0.0,4.912903225806452,8.26,413.19354838709677,0.7071067811865476,-0.7071067811865475,0.9749279121818236,-0.22252093395631434,A,27.01060606060606,15.936363636363636,85.28787878787878,-0.9402834799609003,9.641055718475075,-29.99755620723362,26.958375017455662,27.457142857142856,26.07032258064516,25.57741935483871,0
2023-08-30 12:00:00,2,27.429411764705886,46.838235294117645,1001.6147058823527,23.889705882352946,-0.2048323856323563,1.9436745084263087,14.581959342560555,0.840316573556797,0,0.0,4.302941176470589,11.23,474.9117647058824,-0.7071067811865471,-0.7071067811865479,0.9749279121818236,-0.22252093395631434,A,26.07032258064516,25.57741935483871,55.29032258064516,-2.1806166982922157,1.8519924098671758,-8.452087286527515,26.066515773758184,27.295428571428566,23.889705882352946,27.429411764705886,0
2023-08-30 18:00:00,2,18.805555555555557,71.875,1004.6749999999998,23.45055555555556,-0.026256983498173635,0.6105595168796454,5.2890625,1.1840392706872371,0,0.0,7.733333333333336,0.7200000000000001,6.0,-0.7071067811865477,0.7071067811865474,0.9749279121818236,-0.22252093395631434,A,23.889705882352946,27.429411764705886,46.838235294117645,-0.4391503267973853,-8.623856209150329,25.036764705882355,25.105297519789932,27.01060606060606,23.45055555555556,27.429411764705886,0
2023-08-31 00:00:00,2,15.548571428571426,81.54285714285714,1007.3057142857144,23.263714285714286,-0.015076219730097167,0.3260482816221033,2.869822040816327,1.4057838397790057,0,0.0,8.688571428571429,0.3400000000000001,0.34285714285714286,0.7071067811865475,0.7071067811865476,0.43388373911755823,-0.900968867902419,A,23.45055555555556,18.805555555555557,71.875,-0.18684126984127403,-3.256984126984131,9.667857142857144,24.168574576066987,26.07032258064516,23.263714285714286,27.429411764705886,0
2023-08-31 06:00:00,2,27.179999999999996,51.82857142857143,1009.6485714285714,22.808571428571426,-0.1975483656857673,1.7356956426621895,13.092994285714285,0.8093886241508669,0,0.0,5.160000000000001,9.96,435.0857142857143,0.7071067811865476,-0.7071067811865475,0.43388373911755823,-0.900968867902419,A,23.263714285714286,15.548571428571426,81.54285714285714,-0.4551428571428602,11.63142857142857,-29.714285714285715,23.353136788048555,23.889705882352946,22.808571428571426,27.429411764705886,0
2023-08-31 12:00:00,2,26.875757575757575,53.13636363636363,1009.6848484848487,21.915454545454548,-0.0685465960001548,1.658707899173575,12.594957300275482,0.7861832807913904,0,10.0,5.6909090909090905,8.490000000000002,354.8181818181818,-0.7071067811865471,-0.7071067811865479,0.43388373911755823,-0.900968867902419,A,22.808571428571426,27.179999999999996,51.82857142857143,-0.8931168831168783,-0.3042424242424211,1.307792207792204,22.859573953823954,23.45055555555556,21.915454545454548,27.179999999999996,0
2023-08-31 18:00:00,2,19.81388888888889,69.90277777777777,1012.122222222222,21.75555555555556,-0.021141224919516838,0.6956905793951231,5.963430169753089,1.0452422260776726,0,0.0,12.233333333333333,1.8,5.0,-0.7071067811865477,0.7071067811865474,0.43388373911755823,-0.900968867902419,A,21.915454545454548,26.875757575757575,53.13636363636363,-0.15989898989898776,-7.061868686868685,16.76641414141414,22.435823953823956,23.263714285714286,21.75555555555556,27.179999999999996,0
2023-09-01 00:00:00,2,15.479411764705885,84.01470588235294,1014.0823529411765,21.63235294117647,-0.009363184093431329,0.281133249132687,2.4744294982698958,1.3126896305550595,0,0.0,9.549999999999997,0.5999999999999999,0.29411764705882354,0.7071067811865475,0.7071067811865476,-0.433883739117558,-0.9009688679024191,A,21.75555555555556,19.81388888888889,69.90277777777777,-0.12320261437908897,-4.334477124183005,14.11192810457517,22.0279836176895,22.808571428571426,21.63235294117647,27.179999999999996,0
2023-09-01 06:00:00,2,29.749999999999996,45.98529411764706,1014.6617647058823,21.365294117647053,-0.09321868088301301,2.2592190282139866,16.069374999999997,0.69480631276901,0,0.0,4.694117647058824,9.48,433.97058823529414,0.7071067811865476,-0.7071067811865475,-0.433883739117558,-0.9009688679024191,A,21.63235294117647,15.479411764705885,84.01470588235294,-0.26705882352941757,14.270588235294111,-38.029411764705884,21.667164289958407,21.915454545454548,21.365294117647053,29.749999999999996,0
2023-09-01 12:00:00,2,31.742857142857144,40.01428571428571,1012.9285714285714,20.93285714285714,-0.03923695608503662,2.811001840966033,19.041179591836734,0.6393106457242581,0,0.0,4.1,12.069999999999999,491.9428571428571,-0.7071067811865471,-0.7071067811865479,-0.433883739117558,-0.9009688679024191,A,21.365294117647053,29.749999999999996,45.98529411764706,-0.43243697478991194,1.9928571428571473,-5.9710084033613455,21.42151493930906,21.75555555555556,20.93285714285714,31.742857142857144,0
2023-09-01 18:00:00,2,20.51111111111111,68.625,1014.9694444444444,20.80222222222222,-0.017997682619047106,0.7571710227677579,6.43536111111111,0.9670454545454545,0,0.0,8.549999999999997,1.2600000000000002,5.5,-0.7071067811865477,0.7071067811865474,-0.433883739117558,-0.9009688679024191,A,20.93285714285714,31.742857142857144,40.01428571428571,-0.13063492063492177,-11.231746031746034,28.610714285714288,21.183181605975722,21.63235294117647,20.80222222222222,31.742857142857144,0
2023-09-02 00:00:00,2,17.079411764705885,76.61764705882354,1016.1411764705881,20.746764705882356,-0.004853577013826184,0.45537189833734515,3.993568339100346,1.147535383113714,0,0.0,5.714705882352941,0.11000000000000001,0.29411764705882354,0.7071067811865475,0.7071067811865476,-0.9749279121818236,-0.2225209339563146,A,20.80222222222222,20.51111111111111,68.625,-0.055457516339863844,-3.4316993464052246,7.992647058823536,20.96178454715219,21.365294117647053,20.746764705882356,31.742857142857144,0
2023-09-02 06:00:00,2,30.00833333333334,47.013888888888886,1016.3500000000001,20.52916666666667,-0.046820254666158884,2.249310004280169,15.900248842592596,0.6620532115022842,0,0.0,5.033333333333331,10.559999999999999,442.1666666666667,0.7071067811865476,-0.7071067811865475,-0.9749279121818236,-0.2225209339563146,A,20.746764705882356,17.079411764705885,76.61764705882354,-0.21759803921568732,12.928921568627455,-29.60375816993465,20.752752684407096,20.93285714285714,20.52916666666667,31.742857142857144,0
2023-09-02 12:00:00,2,34.490909090909085,36.68181818181818,1015.009090909091,20.24909090909091,-0.03412469752050031,3.461217717566258,21.839016528925615,0.5705430327868853,0,0.0,4.6878787878787875,11.770000000000001,492.2121212121212,-0.7071067811865471,-0.7071067811865479,-0.9749279121818236,-0.2225209339563146,A,20.52916666666667,30.00833333333334,47.013888888888886,-0.28007575757575864,4.482575757575745,-10.332070707070706,20.581811125965537,20.80222222222222,20.24909090909091,34.490909090909085,0
2023-09-02 18:00:00,2,20.64857142857143,73.98571428571428,1017.1799999999998,20.157428571428568,-0.015186210134710032,0.6331418891376634,5.371578367346941,0.9311204962386167,0,0.0,2.885714285714285,0.24000000000000002,5.314285714285714,-0.7071067811865477,0.7071067811865474,-0.9749279121818236,-0.2225209339563146,A,20.24909090909091,34.490909090909085,36.68181818181818,-0.091662337662342,-13.842337662337656,37.3038961038961,20.420612713267126,20.746764705882356,20.157428571428568,34.490909090909085,0
2023-09-03 00:00:00,2,18.728571428571428,78.12857142857143,1018.4971428571426,20.075142857142854,-0.01723598154526789,0.4725230522618429,4.096206122448978,1.01756698044895,0,0.0,6.0057142857142845,0.29,0.17142857142857143,0.7071067811865475,0.7071067811865476,-0.7818314824680299,0.6234898018587334,A,20.157428571428568,20.64857142857143,73.98571428571428,-0.08228571428571385,-1.9200000000000017,4.142857142857153,20.25270725108225,20.52916666666667,20.075142857142854,34.490909090909085,0
2023-09-03 06:00:00,2,31.383333333333333,46.55555555555556,1018.2305555555556,19.999166666666667,-0.01204212148056774,2.4539397413805895,16.77264814814815,0.6175759135357695,0,0.0,9.049999999999999,11.760000000000002,436.5,0.7071067811865476,-0.7071067811865475,-0.7818314824680299,0.6234898018587334,A,20.075142857142854,18.728571428571428,78.12857142857143,-0.07597619047618664,12.654761904761905,-31.573015873015876,20.12020725108225,20.24909090909091,19.999166666666667,34.490909090909085,0
2023-09-03 12:00:00,2,34.78823529411765,35.338235294117645,1015.7970588235294,19.946470588235297,-0.008989611164734746,3.5933863414632556,22.49468685121108,0.5573471400394477,0,0.0,9.194117647058825,14.13,508.94117647058823,-0.7071067811865471,-0.7071067811865479,-0.7818314824680299,0.6234898018587334,A,19.999166666666667,31.383333333333333,46.55555555555556,-0.05269607843137081,3.404901960784315,-11.217320261437912,20.044552170868347,20.157428571428568,19.946470588235297,34.78823529411765,0
2023-09-03 18:00:00,2,20.69090909090909,74.68181818181819,1017.6090909090908,19.878181818181815,-0.015754721391072434,0.6178086179653781,5.238561983471074,0.9164291701592622,0,0.0,5.560606060606061,0.87,4.393939393939394,-0.7071067811865477,0.7071067811865474,-0.7818314824680299,0.6234898018587334,A,19.946470588235297,34.78823529411765,35.338235294117645,-0.06828877005348133,-14.097326203208556,39.34358288770054,19.97474048255666,20.075142857142854,19.878181818181815,34.78823529411765,0
2023-09-04 00:00:00,2,18.05294117647059,83.36764705882354,1018.7294117647058,19.77235294117647,-0.006645305312794338,0.3444343639255527,3.002628892733563,1.0377585674590923,0,0.0,5.776470588235292,0.24000000000000002,0.17647058823529413,0.7071067811865475,0.7071067811865476,0.0,1.0,A,19.878181818181815,20.69090909090909,74.68181818181819,-0.10582887700534371,-2.6379679144385015,8.68582887700535,19.899043003565062,19.999166666666667,19.77235294117647,34.78823529411765,0
2023-09-04 06:00:00,2,30.441176470588236,53.044117647058826,1018.4823529411765,19.749411764705883,0.0019061733342774063,2.043343418397504,14.29392301038062,0.6281384471468663,0,0.0,12.570588235294117,10.83,419.0882352941176,0.7071067811865476,-0.7071067811865475,0.0,1.0,A,19.77235294117647,18.05294117647059,83.36764705882354,-0.022941176470588687,12.388235294117646,-30.32352941176471,19.836604278074866,19.946470588235297,19.749411764705883,34.78823529411765,0
2023-09-04 12:00:00,2,33.861111111111114,37.111111111111114,1015.6472222222224,19.759166666666673,-0.001964646902814709,3.3194410542238133,21.294876543209877,0.5667968127490041,0,0.0,14.366666666666667,15.240000000000002,490.5,-0.7071067811865471,-0.7071067811865479,0.0,1.0,A,19.749411764705883,30.441176470588236,53.044117647058826,0.009754901960789653,3.4199346405228788,-15.933006535947712,19.78977829768271,19.878181818181815,19.749411764705883,33.861111111111114,0
2023-09-04 18:00:00,2,21.566666666666674,62.638888888888886,1017.1638888888888,19.71055555555556,-0.013082274736358502,0.9620108940044629,8.0575462962963,0.8734367306745444,0,0.0,12.133333333333333,2.8199999999999994,4.333333333333333,-0.7071067811865477,0.7071067811865474,0.0,1.0,A,19.759166666666673,33.861111111111114,37.111111111111114,-0.04861111111111427,-12.29444444444444,25.52777777777777,19.747871732026145,19.77235294117647,19.71055555555556,33.861111111111114,0
2023-09-05 00:00:00,2,18.397222222222226,73.29166666666667,1017.8888888888889,19.635000000000005,-0.015331988584764799,0.56517673309903,4.913591435185186,1.0122583416869542,0,0.0,8.450000000000001,1.5,0.16666666666666666,0.7071067811865475,0.7071067811865476,0.7818314824680298,0.6234898018587336,A,19.71055555555556,21.566666666666674,62.638888888888886,-0.07555555555555316,-3.169444444444448,10.652777777777786,19.71353349673203,19.759166666666673,19.635000000000005,33.861111111111114,0
2023-09-05 06:00:00,2,27.340000000000003,46.042857142857144,1017.9828571428571,19.580571428571425,-0.004028050471623686,1.9624635628265232,14.75188285714286,0.6909164230265146,0,0.0,10.71142857142857,10.389999999999999,378.8857142857143,0.7071067811865476,-0.7071067811865475,0.7818314824680298,0.6234898018587336,A,19.635000000000005,18.397222222222226,73.29166666666667,-0.0544285714285806,8.942777777777778,-27.248809523809527,19.671323412698417,19.759166666666673,19.580571428571425,33.861111111111114,0
2023-09-05 12:00:00,2,30.90277777777777,32.47222222222222,1015.4222222222221,19.596666666666668,0.00033899691285745287,3.016996379442441,20.86795910493827,0.6142620809751852,0,0.0,16.233333333333334,15.119999999999997,491.3333333333333,-0.7071067811865471,-0.7071067811865479,0.7818314824680298,0.6234898018587336,A,19.580571428571425,27.340000000000003,46.042857142857144,0.016095238095243047,3.562777777777768,-13.570634920634923,19.630698412698415,19.71055555555556,19.580571428571425,30.90277777777777,0
2023-09-05 18:00:00,2,15.612121212121213,69.63636363636364,1018.3272727272725,19.535151515151515,-0.020823444915263598,0.5385672498647425,4.740407713498622,1.1759576796789493,0,0.0,6.327272727272728,1.2500000000000002,3.9393939393939394,-0.7071067811865477,0.7071067811865474,0.7818314824680298,0.6234898018587336,A,19.596666666666668,30.90277777777777,32.47222222222222,-0.06151515151515241,-15.290656565656558,37.16414141414142,19.586847402597403,19.635000000000005,19.535151515151515,30.90277777777777,0
2023-09-06 00:00:00,2,13.508823529411764,77.02941176470588,1018.5352941176471,19.38352941176471,-0.019259904034712866,0.3556667282245032,3.1030562283737027,1.3359821609568217,0,0.0,4.461764705882353,0.16,0.17647058823529413,0.7071067811865475,0.7071067811865476,0.9749279121818236,-0.22252093395631434,A,19.535151515151515,15.612121212121213,69.63636363636364,-0.15162210338680637,-2.1032976827094494,7.393048128342244,19.52397975553858,19.596666666666668,19.38352941176471,30.90277777777777,0
2023-09-06 06:00:00,2,29.958333333333332,39.81944444444444,1017.7166666666666,19.343333333333337,0.005485602796628256,2.5474038357069886,18.029091435185187,0.6248183041722747,0,0.0,6.133333333333334,10.859999999999998,443.1666666666667,0.7071067811865476,-0.7071067811865475,0.9749279121818236,-0.22252093395631434,A,19.38352941176471,13.508823529411764,77.02941176470588,-0.04019607843137152,16.44950980392157,-37.20996732026144,19.464670231729055,19.596666666666668,19.343333333333337,30.90277777777777,0
2023-09-06 12:00:00,2,33.99090909090909,32.0,1014.7181818181817,19.448787878787876,0.019010658631703013,3.6152664728050414,23.113818181818182,0.5558240235559019,0,0.0,7.727272727272727,12.87,526.6666666666666,-0.7071067811865471,-0.7071067811865479,0.9749279121818236,-0.22252093395631434,A,19.343333333333337,29.958333333333332,39.81944444444444,0.10545454545453836,4.03257575757576,-7.819444444444443,19.42770053475936,19.535151515151515,19.343333333333337,33.99090909090909,0
2023-09-06 18:00:00,2,17.494285714285716,71.45714285714286,1016.1,19.40371428571429,-0.018697750963636434,0.5706475474701338,4.993368979591838,1.0491734898810445,0,0.0,5.52857142857143,0.7799999999999999,3.2857142857142856,-0.7071067811865477,0.7071067811865474,0.9749279121818236,-0.22252093395631434,A,19.448787878787876,33.99090909090909,32.0,-0.04507359307358527,-16.496623376623376,39.457142857142856,19.394841227400054,19.448787878787876,19.343333333333337,33.99090909090909,0
2023-09-07 00:00:00,2,15.826470588235296,76.36764705882354,1017.3205882352939,19.30529411764706,-0.013696350768533545,0.4249641972065492,3.7401673875432513,1.1473169026393986,0,0.0,2.905882352941177,0.0,0.17647058823529413,0.7071067811865475,0.7071067811865476,0.43388373911755823,-0.900968867902419,A,19.40371428571429,17.494285714285716,71.45714285714286,-0.09842016806723208,-1.6678151260504208,4.910504201680681,19.375282403870642,19.448787878787876,19.30529411764706,33.99090909090909,0
2023-09-07 06:00:00,2,30.853125,41.390625,1016.859375,19.276249999999997,0.014751183860057237,2.6111429455792416,18.082823730468753,0.60516040419896,0,0.0,5.915625,9.77,445.21875,0.7071067811865476,-0.7071067811865475,0.43388373911755823,-0.900968867902419,A,19.30529411764706,15.826470588235296,76.36764705882354,-0.02904411764706083,15.026654411764703,-34.977022058823536,19.358511570537306,19.448787878787876,19.276249999999997,33.99090909090909,0
2023-09-07 12:00:00,2,34.01764705882353,33.11764705882353,1014.1205882352941,19.39941176470588,0.008186288808403582,3.5611435088926715,22.75180276816609,0.5539895850831513,0,0.0,13.51764705882353,14.499999999999998,505.0,-0.7071067811865471,-0.7071067811865479,0.43388373911755823,-0.900968867902419,A,19.276249999999997,30.853125,41.390625,0.12316176470588402,3.164522058823529,-8.272977941176471,19.346167542016808,19.40371428571429,19.276249999999997,34.01764705882353,0
2023-09-07 18:00:00,2,19.08529411764706,63.35294117647059,1015.8676470588235,19.377058823529413,-0.016143827535806673,0.8095750913871018,6.994198961937716,0.9647386147312931,0,0.0,7.208823529411766,1.53,3.7058823529411766,-0.7071067811865477,0.7071067811865474,0.43388373911755823,-0.900968867902419,A,19.39941176470588,34.01764705882353,33.11764705882353,-0.022352941176468022,-14.932352941176468,30.235294117647058,19.33950367647059,19.39941176470588,19.276249999999997,34.01764705882353,0
2023-09-08 00:00:00,2,15.045454545454545,79.10606060606061,1016.8757575757576,19.271515151515153,-0.016844875565054065,0.35735806241668633,3.1435881542699713,1.2010576015108594,0,0.0,2.212121212121212,0.1,0.0,0.7071067811865475,0.7071067811865476,-0.433883739117558,-0.9009688679024191,A,19.377058823529413,19.08529411764706,63.35294117647059,-0.10554367201426018,-4.039839572192514,15.753119429590022,19.331058934937612,19.39941176470588,19.271515151515153,34.01764705882353,0
2023-09-08 06:00:00,2,30.58857142857143,41.22857142857143,1016.1085714285713,19.238571428571422,0.016937607374681883,2.579141281664155,17.97734040816327,0.6090358176555714,0,0.0,4.797142857142857,10.259999999999998,427.37142857142857,0.7071067811865476,-0.7071067811865475,-0.433883739117558,-0.9009688679024191,A,19.271515151515153,15.045454545454545,79.10606060606061,-0.032943722943731046,15.543116883116886,-37.87748917748918,19.32163929208047,19.39941176470588,19.238571428571422,34.01764705882353,0
2023-09-08 12:00:00,2,34.82258064516128,32.61290322580645,1013.1451612903226,19.362903225806452,0.010797533210557852,3.751964346091867,23.465926118626424,0.540522287257992,0,0.0,8.109677419354838,11.889999999999997,490.6774193548387,-0.7071067811865471,-0.7071067811865479,-0.433883739117558,-0.9009688679024191,A,19.238571428571422,30.58857142857143,41.22857142857143,0.12433179723502974,4.23400921658985,-8.61566820276498,19.31251215735561,19.377058823529413,19.238571428571422,34.82258064516128,0
2023-09-08 18:00:00,2,17.72285714285714,72.11428571428571,1014.4942857142858,19.337428571428568,-0.008647253676432438,0.5656047544925757,4.942145306122449,1.0328246604608575,0,0.0,7.022857142857141,1.26,3.085714285714286,-0.7071067811865477,0.7071067811865474,-0.433883739117558,-0.9009688679024191,A,19.362903225806452,34.82258064516128,32.61290322580645,-0.02547465437788432,-17.09972350230414,39.501382488479265,19.3026045943304,19.362903225806452,19.238571428571422,34.82258064516128,0
2023-09-09 00:00:00,2,15.984375,77.09375,1015.2125,19.235625000000002,-0.018336991670085477,0.4160857974121932,3.661420898437499,1.1325482980680774,0,0.0,2.31875,0.1,0.0,0.7071067811865475,0.7071067811865476,-0.9749279121818236,-0.2225209339563146,A,19.337428571428568,17.72285714285714,72.11428571428571,-0.10180357142856522,-1.7384821428571406,4.979464285714286,19.29363205645161,19.362903225806452,19.235625000000002,34.82258064516128,0
2023-09-09 06:00:00,2,31.497142857142858,40.72857142857143,1014.6628571428573,19.21457142857142,0.01582061539702542,2.739122338129069,18.668806530612247,0.5912695621593104,0,0.0,4.091428571428571,10.139999999999997,419.9714285714286,0.7071067811865476,-0.7071067811865475,-0.9749279121818236,-0.2225209339563146,A,19.235625000000002,15.984375,77.09375,-0.021053571428581108,15.512767857142858,-36.36517857142857,19.28763205645161,19.362903225806452,19.21457142857142,34.82258064516128,0
2023-09-09 12:00:00,2,34.618181818181824,34.13636363636363,1012.5363636363637,19.346363636363638,0.006971901647309285,3.6258616600230553,22.800793388429756,0.5431597753956099,0,0.0,9.869696969696971,13.25,488.8484848484849,-0.7071067811865471,-0.7071067811865479,-0.9749279121818236,-0.2225209339563146,A,19.21457142857142,31.497142857142858,40.72857142857143,0.13179220779221623,3.121038961038966,-6.592207792207795,19.283497159090906,19.346363636363638,19.21457142857142,34.618181818181824,0
2023-09-09 18:00:00,2,17.799999999999997,74.0,1014.6125,19.330625,-0.014893177741233032,0.5299258471432069,4.627999999999999,1.0282247340425534,0,0.0,7.440625000000001,1.33,2.5,-0.7071067811865477,0.7071067811865474,-0.9749279121818236,-0.2225209339563146,A,19.346363636363638,34.618181818181824,34.13636363636363,-0.01573863636363626,-16.818181818181827,39.86363636363637,19.281796266233766,19.346363636363638,19.21457142857142,34.618181818181824,0
2023-09-10 00:00:00,2,16.257575757575758,77.25757575757575,1015.1939393939394,19.229393939393944,-0.015768011887512125,0.4203750838790774,3.6973668503213974,1.1142581211589115,0,0.0,4.303030303030303,0.21000000000000002,0.0,0.7071067811865475,0.7071067811865476,-0.7818314824680299,0.6234898018587334,A,19.330625,17.799999999999997,74.0,-0.10123106060605735,-1.5424242424242394,3.2575757575757507,19.280238501082252,19.346363636363638,19.21457142857142,34.618181818181824,0
2023-09-10 06:00:00,2,31.635294117647057,40.294117647058826,1014.714705882353,19.187352941176467,0.019524840031667687,2.7808947266931066,18.88813148788927,0.5879325883201153,0,0.0,4.367647058823529,10.45,437.88235294117646,0.7071067811865476,-0.7071067811865475,-0.7818314824680299,0.6234898018587334,A,19.229393939393944,16.257575757575758,77.25757575757575,-0.042040998217476755,15.377718360071299,-36.963458110516925,19.273433879233515,19.346363636363638,19.187352941176467,34.618181818181824,0
2023-09-10 12:00:00,2,36.02333333333334,30.883333333333333,1012.1733333333336,19.331333333333337,0.011645853726495644,4.1114793958329425,24.89812722222223,0.5221391915008553,0,0.0,7.873333333333335,12.24,509.8666666666667,-0.7071067811865471,-0.7071067811865479,-0.7818314824680299,0.6234898018587334,A,19.187352941176467,31.635294117647057,40.294117647058826,0.14398039215686964,4.388039215686284,-9.410784313725493,19.269676303475936,19.331333333333337,19.187352941176467,36.02333333333334,0
2023-09-10 18:00:00,2,19.563636363636363,63.89393939393939,1013.0121212121212,19.314242424242423,-0.01455053469131396,0.8217234931016024,7.063658402203857,0.9392425582080755,0,0.0,6.721212121212121,1.21,2.727272727272727,-0.7071067811865477,0.7071067811865474,-0.7818314824680299,0.6234898018587334,A,19.331333333333337,36.02333333333334,30.883333333333333,-0.017090909090914153,-16.459696969696978,33.01060606060606,19.265580659536543,19.331333333333337,19.187352941176467,36.02333333333334,0
2023-09-11 00:00:00,2,18.03529411764706,65.86764705882354,1012.5617647058823,19.22029411764706,-0.013871653088704309,0.7060529782662048,6.155870242214532,1.0097187886279357,0,0.0,5.561764705882354,0.6200000000000001,0.0,0.7071067811865475,0.7071067811865476,0.0,1.0,A,19.314242424242423,19.563636363636363,63.89393939393939,-0.09394830659536169,-1.528342245989304,1.9737076648841452,19.26330570409982,19.331333333333337,19.187352941176467,36.02333333333334,0
2023-09-11 06:00:00,2,31.584374999999998,39.375,1011.634375,19.1709375,0.013349356114862463,2.8155673297301584,19.148027343749998,0.5883475592212526,0,0.0,2.8812500000000005,9.24,419.875,0.7071067811865476,-0.7071067811865475,0.0,1.0,A,19.22029411764706,18.03529411764706,65.86764705882354,-0.04935661764706012,13.54908088235294,-26.492647058823536,19.259201843805705,19.331333333333337,19.1709375,36.02333333333334,0
2023-09-11 12:00:00,2,36.358823529411765,29.147058823529413,1008.3382352941177,19.33823529411765,0.00833430661404628,4.29295416457585,25.761295847750866,0.5176350181073847,0,0.0,6.364705882352941,13.270000000000001,488.3529411764706,-0.7071067811865471,-0.7071067811865479,0.0,1.0,A,19.1709375,31.584374999999998,39.375,0.16729779411764767,4.774448529411767,-10.227941176470587,19.260927334001785,19.33823529411765,19.1709375,36.358823529411765,0
2023-09-11 18:00:00,2,19.41666666666667,67.38888888888889,1009.7249999999998,19.30611111111111,-0.018999377170981973,0.7354350865321098,6.331990740740743,0.9456054421768705,0,0.0,5.716666666666667,1.3800000000000001,2.1666666666666665,-0.7071067811865477,0.7071067811865474,0.0,1.0,A,19.33823529411765,36.358823529411765,29.147058823529413,-0.03212418300653752,-16.942156862745094,38.24183006535947,19.258894505718956,19.33823529411765,19.1709375,36.358823529411765,0
2023-09-12 00:00:00,2,19.168571428571433,71.12857142857143,1010.2857142857143,19.214857142857145,-0.015452901784383565,0.641121570683922,5.534240408163266,0.9527128488454455,0,0.0,6.165714285714286,0.6500000000000001,0.0,0.7071067811865475,0.7071067811865476,0.7818314824680298,0.6234898018587336,A,19.30611111111111,19.41666666666667,67.38888888888889,-0.09125396825396592,-0.2480952380952388,3.7396825396825477,19.257535262021477,19.33823529411765,19.1709375,36.358823529411765,0
2023-09-12 06:00:00,2,32.051428571428566,42.34285714285714,1010.537142857143,19.255714285714284,0.022078814868893865,2.7494448913218412,18.47993795918367,0.5825985477178424,0,0.0,3.154285714285714,10.149999999999999,408.57142857142856,0.7071067811865476,-0.7071067811865475,0.7818314824680298,0.6234898018587336,A,19.214857142857145,19.168571428571433,71.12857142857143,0.040857142857138484,12.882857142857134,-28.785714285714292,19.278729458450048,19.33823529411765,19.214857142857145,36.358823529411765,0
2023-09-12 12:00:00,2,35.82285714285714,34.18571428571428,1008.222857142857,19.46571428571428,0.04633004224483475,3.8721822131912043,23.576557551020404,0.528631284916201,0,0.0,4.4942857142857155,12.299999999999995,452.6857142857143,-0.7071067811865471,-0.7071067811865479,0.7818314824680298,0.6234898018587336,A,19.255714285714284,32.051428571428566,42.34285714285714,0.2099999999999973,3.7714285714285722,-8.157142857142858,19.310599206349202,19.46571428571428,19.214857142857145,35.82285714285714,0
2023-09-12 18:00:00,2,23.958823529411763,58.94117647058823,1010.2676470588235,19.58705882352941,-0.0042701288159185495,1.2221366891499892,9.83721107266436,0.7847749234032524,0,0.0,8.352941176470589,1.7400000000000002,1.9411764705882353,-0.7071067811865477,0.7071067811865474,0.7818314824680298,0.6234898018587336,A,19.46571428571428,35.82285714285714,34.18571428571428,0.12134453781512988,-11.864033613445375,24.75546218487395,19.38083613445378,19.58705882352941,19.214857142857145,35.82285714285714,0
2023-09-13 00:00:00,2,18.28055555555555,73.59722222222223,1011.1083333333333,19.508888888888887,-0.01889148660244686,0.554638152473613,4.826574459876541,1.0118426739662874,0,0.0,9.633333333333331,1.4400000000000002,0.0,0.7071067811865475,0.7071067811865476,0.9749279121818236,-0.22252093395631434,A,19.58705882352941,23.958823529411763,58.94117647058823,-0.07816993464052402,-5.678267973856212,14.656045751633997,19.454344070961717,19.58705882352941,19.255714285714284,35.82285714285714,0
2023-09-13 06:00:00,2,24.612121212121213,61.53030303030303,1012.2878787878788,19.413636363636364,0.012691618342816943,1.1907610246808824,9.468208448117538,0.7579862754377662,0,0.6000000000000001,5.254545454545455,6.57,258.90909090909093,0.7071067811865476,-0.7071067811865475,0.9749279121818236,-0.22252093395631434,A,19.508888888888887,18.28055555555555,73.59722222222223,-0.0952525252525227,6.331565656565662,-12.066919191919197,19.493824590442234,19.58705882352941,19.413636363636364,35.82285714285714,0
2023-09-13 12:00:00,2,31.757575757575758,40.04545454545455,1010.4636363636363,19.544242424242427,0.02279950349605101,2.8118833392709934,19.040110192837467,0.5966327474560593,0,0.5,10.91212121212121,11.139999999999999,417.06060606060606,-0.7071067811865471,-0.7071067811865479,0.9749279121818236,-0.22252093395631434,A,19.413636363636364,24.612121212121213,61.53030303030303,0.1306060606060626,7.145454545454545,-21.484848484848484,19.513456625074273,19.58705882352941,19.413636363636364,31.757575757575758,0
2023-09-13 18:00:00,2,22.121739130434783,67.47826086956522,1012.804347826087,19.586521739130436,-0.015571573421769506,0.8662533901575802,7.194374291115311,0.8471041745016924,0,0.0,6.773913043478259,0.29000000000000004,2.347826086956522,-0.7071067811865477,0.7071067811865474,0.9749279121818236,-0.22252093395631434,A,19.544242424242427,31.757575757575758,40.04545454545455,0.04227931488800962,-9.635836627140975,27.432806324110672,19.51332235397453,19.586521739130436,19.413636363636364,31.757575757575758,0
2023-06-29 12:00:00,3,32.875,37.416666666666664,1009.0333333333334,44.145,-0.23359487175016952,3.1260289282426554,20.574270833333333,1.3031734317343175,0,0.0,8.450000000000001,4.020000000000001,393.5,-0.7071067811865471,-0.7071067811865479,0.43388373911755823,-0.900968867902419,A,19.544242424242427,31.757575757575758,40.04545454545455,0.04227931488800962,-9.635836627140975,27.432806324110672,44.145,44.145,44.145,32.875,0
2023-06-29 18:00:00,3,24.096969696969698,55.303030303030305,1009.6454545454544,43.347575757575754,-0.17012794679416587,1.3415031175555185,10.770615243342515,1.727203574015938,0,0.0,7.536363636363636,2.3699999999999997,21.09090909090909,-0.7071067811865477,0.7071067811865474,0.43388373911755823,-0.900968867902419,A,44.145,32.875,37.416666666666664,-0.797424242424249,-8.778030303030302,17.88636363636364,43.74628787878788,44.145,43.347575757575754,32.875,0
2023-06-30 00:00:00,3,20.428571428571427,84.4,1009.3342857142857,42.77714285714285,-0.025499369436205555,0.3745621843727647,3.186857142857141,1.9962666666666664,0,1.2000000000000002,7.308571428571429,0.42000000000000004,9.428571428571429,0.7071067811865475,0.7071067811865476,-0.433883739117558,-0.9009688679024191,A,43.347575757575754,24.096969696969698,55.303030303030305,-0.5704329004329054,-3.6683982683982705,29.0969696969697,43.423239538239535,44.145,42.77714285714285,32.875,0
2023-06-30 06:00:00,3,24.719444444444445,69.04166666666667,1008.4694444444444,43.208888888888886,0.011356553146055869,0.9644214021873636,7.652728009259259,1.6800086402419265,0,3.000000000000001,3.2666666666666666,7.259999999999999,295.0,0.7071067811865476,-0.7071067811865475,-0.433883739117558,-0.9009688679024191,A,42.77714285714285,20.428571428571427,84.4,0.4317460317460373,4.290873015873018,-15.358333333333334,43.36965187590187,44.145,42.77714285714285,32.875,0
2023-06-30 12:00:00,3,20.128571428571426,87.98571428571428,1007.8571428571427,47.48657142857144,2.1454869886871606,0.28317147447687585,2.4183040816326544,2.2475050709939155,0,15.799999999999999,5.665714285714287,7.489999999999999,287.6857142857143,-0.7071067811865471,-0.7071067811865479,-0.433883739117558,-0.9009688679024191,A,43.208888888888886,24.719444444444445,69.04166666666667,4.2776825396825515,-4.590873015873019,18.94404761904761,44.20504473304473,47.48657142857144,42.77714285714285,24.719444444444445,0
2023-06-30 18:00:00,3,18.485714285714284,94.88571428571429,1007.5457142857144,52.214857142857134,0.05203343569448772,0.10882547816638821,0.9454122448979594,2.679648093841642,0,39.699999999999996,7.394285714285713,0.49000000000000005,13.6,-0.7071067811865477,0.7071067811865474,-0.433883739117558,-0.9009688679024191,A,47.48657142857144,20.128571428571426,87.98571428571428,4.728285714285697,-1.6428571428571423,6.900000000000006,46.42186507936508,52.214857142857134,42.77714285714285,24.719444444444445,0
2023-07-01 00:00:00,3,17.825714285714287,95.74285714285715,1006.7314285714285,52.116,-0.06217347885925278,0.08690868673740759,0.7588661224489781,2.768341174685081,0,0.0,6.251428571428573,0.15,8.771428571428572,0.7071067811865475,0.7071067811865476,-0.9749279121818236,-0.2225209339563146,A,52.214857142857134,18.485714285714284,94.88571428571429,-0.09885714285713476,-0.6599999999999966,0.8571428571428612,48.75657936507936,52.214857142857134,43.208888888888886,24.719444444444445,0
2023-07-01 06:00:00,3,23.805714285714288,76.87142857142857,1006.2885714285713,52.48428571428571,0.22442158261151657,0.6821303140276949,5.505921632653062,2.115814328495738,0,0.0,4.56,11.3,492.9142857142857,0.7071067811865476,-0.7071067811865475,-0.9749279121818236,-0.2225209339563146,A,52.116,17.825714285714287,95.74285714285715,0.36828571428571166,5.98,-18.87142857142858,51.075428571428574,52.48428571428571,47.48657142857144,23.805714285714288,0
2023-07-01 12:00:00,3,31.62777777777778,47.791666666666664,1003.0805555555557,52.52861111111112,-0.5065655725058607,2.430649223680278,16.51233564814815,1.6099352971224248,0,0.0,5.150000000000001,15.300000000000002,616.1666666666666,-0.7071067811865471,-0.7071067811865479,-0.9749279121818236,-0.2225209339563146,A,52.48428571428571,23.805714285714288,76.87142857142857,0.044325396825406926,7.822063492063492,-29.079761904761902,52.33593849206349,52.52861111111112,52.116,31.62777777777778,0
2023-07-01 18:00:00,3,21.177777777777777,83.52777777777777,1004.4416666666667,49.37083333333334,-0.37581948874220716,0.414159961598207,3.4884506172839527,2.2261397795591185,0,0.0,6.7333333333333325,1.5599999999999998,34.333333333333336,-0.7071067811865477,0.7071067811865474,-0.9749279121818236,-0.2225209339563146,A,52.52861111111112,31.62777777777778,47.791666666666664,-3.157777777777781,-10.450000000000003,35.73611111111111,51.62493253968254,52.52861111111112,49.37083333333334,31.62777777777778,0
2023-07-02 00:00:00,3,19.411428571428573,85.97142857142858,1005.6628571428569,47.524,-0.23241452262436296,0.31626470851121447,2.723146122448979,2.3283034714445687,0,0.0,6.968571428571428,0.45999999999999996,11.314285714285715,0.7071067811865475,0.7071067811865476,-0.7818314824680299,0.6234898018587334,A,49.37083333333334,21.177777777777777,83.52777777777777,-1.8468333333333362,-1.7663492063492043,2.4436507936508036,50.476932539682544,52.52861111111112,47.524,31.62777777777778,0
2023-07-02 06:00:00,3,31.958333333333332,48.986111111111114,1005.8444444444447,49.53222222222222,0.6247123519478708,2.419890511032853,16.303188657407407,1.5028739991571851,0,0.0,3.249999999999999,13.740000000000002,555.8333333333334,0.7071067811865476,-0.7071067811865475,-0.7818314824680299,0.6234898018587334,A,47.524,19.411428571428573,85.97142857142858,2.0082222222222157,12.54690476190476,-36.98531746031746,49.73891666666667,52.52861111111112,47.524,31.958333333333332,0
2023-07-02 12:00:00,3,34.075,44.361111111111114,1004.5083333333334,49.66555555555556,-0.3577023716139272,2.971958634893218,18.958951388888888,1.4159816266730023,0,4.199999999999999,3.783333333333333,15.420000000000002,576.0,-0.7071067811865471,-0.7071067811865479,-0.7818314824680299,0.6234898018587334,A,49.53222222222222,31.958333333333332,48.986111111111114,0.13333333333333997,2.1166666666666707,-4.625,49.02315277777778,49.66555555555556,47.524,34.075,0
2023-07-02 18:00:00,3,25.130555555555556,64.69444444444444,1005.9138888888889,47.56527777777777,-0.3415492663362058,1.1271284100611632,8.872482253086421,1.820293398533007,0,0.0,7.950000000000001,1.86,32.5,-0.7071067811865477,0.7071067811865474,-0.7818314824680299,0.6234898018587334,A,49.66555555555556,34.075,44.361111111111114,-2.1002777777777837,-8.944444444444446,20.33333333333333,48.57176388888889,49.66555555555556,47.524,34.075,0
2023-07-03 00:00:00,3,20.758333333333336,77.375,1007.4749999999999,45.898611111111116,-0.21420989856607947,0.5543863213089368,4.696572916666667,2.109472743521001,0,0.0,5.866666666666668,0.6000000000000001,10.833333333333334,0.7071067811865475,0.7071067811865476,0.0,1.0,A,47.56527777777777,25.130555555555556,64.69444444444444,-1.6666666666666572,-4.37222222222222,12.680555555555557,48.165416666666665,49.66555555555556,45.898611111111116,34.075,0
2023-07-03 06:00:00,3,32.61388888888888,50.541666666666664,1007.6666666666666,47.58944444444447,0.5085142564920407,2.4344507486606353,16.130285879629625,1.4157672919593434,0,0.0,4.466666666666668,13.200000000000003,532.8333333333334,0.7071067811865476,-0.7071067811865475,0.0,1.0,A,45.898611111111116,20.758333333333336,77.375,1.6908333333333516,11.855555555555544,-26.833333333333336,47.67972222222223,49.66555555555556,45.898611111111116,34.075,0
2023-07-03 12:00:00,3,31.288888888888884,51.81944444444444,1006.5611111111112,47.86694444444444,-0.22918521439525272,2.200411209612945,15.075160493827159,1.4824587061252583,0,52.19999999999999,5.833333333333333,13.080000000000002,502.6666666666667,-0.7071067811865471,-0.7071067811865479,0.0,1.0,A,47.58944444444447,32.61388888888888,50.541666666666664,0.277499999999975,-1.3249999999999957,1.2777777777777786,47.230069444444446,47.86694444444444,45.898611111111116,32.61388888888888,0
2023-07-03 18:00:00,3,21.685714285714287,76.32857142857142,1008.9514285714287,45.854571428571425,-0.3368172889018079,0.6139670764008622,5.1333183673469405,2.0212972292191433,0,26.200000000000003,5.24,0.75,26.885714285714286,-0.7071067811865477,0.7071067811865474,0.0,1.0,A,47.86694444444444,31.288888888888884,51.81944444444444,-2.012373015873017,-9.603174603174597,24.50912698412698,46.80239285714286,47.86694444444444,45.854571428571425,32.61388888888888,0
2023-07-04 00:00:00,3,20.280555555555555,79.25,1011.1555555555556,44.31638888888889,-0.22650608623840054,0.49368406405252574,4.208215277777778,2.0824827046077536,0,28.799999999999997,13.133333333333335,0.18,4.333333333333333,0.7071067811865475,0.7071067811865476,0.7818314824680298,0.6234898018587336,A,45.854571428571425,21.685714285714287,76.32857142857142,-1.5381825396825377,-1.4051587301587318,2.921428571428578,46.4068373015873,47.86694444444444,44.31638888888889,32.61388888888888,0
2023-07-04 06:00:00,3,30.514705882352942,50.36764705882353,1010.9029411764704,45.704117647058816,0.5408437887470577,2.1689089389801706,15.14516652249135,1.4502473168455434,243,1.7000000000000002,3.623529411764706,7.58,337.5882352941176,0.7071067811865476,-0.7071067811865475,0.7818314824680298,0.6234898018587336,A,44.31638888888889,20.280555555555555,79.25,1.3877287581699278,10.234150326797387,-28.88235294117647,45.935505602240895,47.86694444444444,44.31638888888889,31.288888888888884,1
2023-07-04 12:00:00,3,32.50857142857143,43.25714285714286,1008.5914285714285,51.755428571428574,2.1836138255542723,2.776507192011359,18.446292244897958,1.544542974079127,1456,12.700000000000003,6.4542857142857155,11.589999999999998,450.54285714285714,-0.7071067811865471,-0.7071067811865479,0.7818314824680298,0.6234898018587336,A,45.704117647058816,30.514705882352942,50.36764705882353,6.0513109243697585,1.9938655462184869,-7.110504201680669,46.90762663398692,51.755428571428574,44.31638888888889,32.50857142857143,2
2023-07-04 18:00:00,3,23.05142857142857,67.9,1008.9514285714284,54.737714285714276,-0.48279724290382214,0.904638532372537,7.39950857142857,2.2758612497030173,0,32.4,8.191428571428569,1.08,29.65714285714286,-0.7071067811865477,0.7071067811865474,0.7818314824680298,0.6234898018587336,A,51.755428571428574,32.50857142857143,43.25714285714286,2.9822857142857018,-9.457142857142859,24.642857142857146,49.12841234827263,54.737714285714276,44.31638888888889,32.50857142857143,0
2023-07-05 00:00:00,3,20.79444444444444,77.19444444444444,1010.6583333333333,52.56055555555556,-0.35177451123464176,0.560053551331515,4.742288580246913,2.411649248024472,0,3.5999999999999996,8.950000000000003,0.42000000000000015,10.5,0.7071067811865475,0.7071067811865476,0.9749279121818236,-0.22252093395631434,A,54.737714285714276,23.05142857142857,67.9,-2.177158730158716,-2.256984126984129,9.294444444444437,51.18945401493931,54.737714285714276,45.704117647058816,32.50857142857143,0
2023-07-05 06:00:00,3,30.602777777777778,49.68055555555556,1010.6500000000001,51.56111111111112,0.12464398834856814,2.210024221379125,15.399147762345681,1.631537312120946,0,0.0,2.0833333333333335,13.02,543.8333333333334,0.7071067811865476,-0.7071067811865475,0.9749279121818236,-0.22252093395631434,A,52.56055555555556,20.79444444444444,77.19444444444444,-0.9994444444444426,9.808333333333337,-27.513888888888886,52.65370238095238,54.737714285714276,51.56111111111112,32.50857142857143,0
2023-07-05 12:00:00,3,32.19428571428571,46.042857142857144,1007.7057142857144,52.757428571428576,1.00305401184334,2.593842389312468,17.371116734693878,1.5893527285247033,819,0.0,5.114285714285714,14.759999999999998,569.9428571428572,-0.7071067811865471,-0.7071067811865479,0.9749279121818236,-0.22252093395631434,A,51.56111111111112,30.602777777777778,49.68055555555556,1.1963174603174593,1.5915079365079343,-3.6376984126984127,52.90420238095238,54.737714285714276,51.56111111111112,32.19428571428571,2
2023-07-05 18:00:00,3,23.434285714285714,66.21428571428571,1008.8799999999999,53.70057142857143,-0.41739962900937083,0.9744090074027303,7.9174408163265335,2.197754911131899,0,0.0,6.948571428571428,1.2100000000000002,21.771428571428572,-0.7071067811865477,0.7071067811865474,0.9749279121818236,-0.22252093395631434,A,52.757428571428576,32.19428571428571,46.042857142857144,0.9431428571428526,-8.759999999999998,20.171428571428564,52.644916666666674,53.70057142857143,51.56111111111112,32.19428571428571,0
2023-07-06 00:00:00,3,20.788888888888888,77.97222222222223,1010.7249999999998,51.914444444444456,-0.22768525990640953,0.5407681996876217,4.579330246913578,2.3826109127995925,0,0.0,8.316666666666663,0.6600000000000001,6.666666666666667,0.7071067811865475,0.7071067811865476,0.43388373911755823,-0.900968867902419,A,53.70057142857143,23.434285714285714,66.21428571428571,-1.7861269841269731,-2.6453968253968263,11.75793650793652,52.483388888888896,53.70057142857143,51.56111111111112,32.19428571428571,0
2023-07-06 06:00:00,3,25.12777777777778,61.458333333333336,1012.6694444444446,50.01916666666668,-0.30740333039367723,1.2302377536111033,9.684664351851852,1.9144056984903255,0,2.4000000000000004,6.550000000000001,7.979999999999999,326.3333333333333,0.7071067811865476,-0.7071067811865475,0.43388373911755823,-0.900968867902419,A,51.914444444444456,20.788888888888888,77.97222222222223,-1.8952777777777783,4.338888888888892,-16.513888888888893,52.09790277777778,53.70057142857143,50.01916666666668,32.19428571428571,0
2023-07-06 12:00:00,3,27.119444444444444,53.40277777777778,1012.4861111111111,48.26916666666667,-0.2698353186614785,1.673026943264687,12.636907793209877,1.716576113800257,0,6.0,7.550000000000001,10.559999999999999,410.3333333333333,-0.7071067811865471,-0.7071067811865479,0.43388373911755823,-0.900968867902419,A,50.01916666666668,25.12777777777778,61.458333333333336,-1.750000000000007,1.9916666666666636,-8.055555555555557,50.97583730158731,53.70057142857143,48.26916666666667,27.119444444444444,0
2023-07-06 18:00:00,3,19.157142857142862,79.48571428571428,1014.7428571428574,46.54142857142856,-0.3433560957361188,0.45521782559951185,3.929951020408165,2.3089298369950377,0,0.0,3.4571428571428577,0.9000000000000001,27.085714285714285,-0.7071067811865477,0.7071067811865474,0.43388373911755823,-0.900968867902419,A,48.26916666666667,27.119444444444444,53.40277777777778,-1.7277380952381094,-7.962301587301582,26.082936507936502,49.18605158730159,51.914444444444456,46.54142857142856,27.119444444444444,0
2023-07-07 00:00:00,3,17.38888888888889,88.20833333333333,1016.6861111111112,44.86166666666668,-0.22280008837147186,0.2341828086013249,2.050439814814815,2.4396072507552877,0,0.0,5.183333333333334,0.18,9.666666666666666,0.7071067811865475,0.7071067811865476,-0.433883739117558,-0.9009688679024191,A,46.54142857142856,19.157142857142862,79.48571428571428,-1.6797619047618824,-1.7682539682539726,8.722619047619048,47.42285714285715,50.01916666666668,44.86166666666668,27.119444444444444,0
2023-07-07 06:00:00,3,30.927777777777774,48.583333333333336,1016.9916666666668,45.55277777777778,0.3271471239017598,2.3004603898618066,15.902032407407406,1.4267443883765445,0,0.0,5.833333333333335,13.859999999999996,570.0,0.7071067811865476,-0.7071067811865475,-0.433883739117558,-0.9009688679024191,A,44.86166666666668,17.38888888888889,88.20833333333333,0.6911111111110984,13.538888888888884,-39.62499999999999,46.30625992063492,48.26916666666667,44.86166666666668,30.927777777777774,0
2023-07-07 12:00:00,3,33.251428571428576,39.285714285714285,1015.4142857142855,45.94914285714287,-0.16627464768807196,3.0973537877298707,20.18836734693878,1.341524858191525,0,0.0,10.811428571428571,17.560000000000002,647.2,-0.7071067811865471,-0.7071067811865479,-0.433883739117558,-0.9009688679024191,A,45.55277777777778,30.927777777777774,48.583333333333336,0.3963650793650899,2.3236507936508026,-9.297619047619051,45.72625396825397,46.54142857142856,44.86166666666668,33.251428571428576,0
2023-07-07 18:00:00,3,24.549999999999997,58.75,1016.0194444444444,44.634444444444455,-0.26950476512388344,1.2720894362358222,10.126874999999998,1.746944988040879,0,0.0,8.483333333333333,2.46,32.5,-0.7071067811865477,0.7071067811865474,-0.433883739117558,-0.9009688679024191,A,45.94914285714287,33.251428571428576,39.285714285714285,-1.3146984126984123,-8.701428571428579,19.464285714285715,45.249507936507946,45.94914285714287,44.634444444444455,33.251428571428576,0
2023-07-08 00:00:00,3,17.77222222222222,85.34722222222223,1017.4250000000001,43.06805555555555,-0.23661444393009418,0.29812741867467163,2.60412422839506,2.2942438591299203,0,0.0,6.699999999999998,0.36,10.0,0.7071067811865475,0.7071067811865476,-0.9749279121818236,-0.2225209339563146,A,44.634444444444455,24.549999999999997,58.75,-1.566388888888902,-6.777777777777779,26.59722222222223,44.80110515873017,45.94914285714287,43.06805555555555,33.251428571428576,0
2023-07-08 06:00:00,3,31.405714285714282,45.628571428571426,1016.6628571428573,43.53228571428572,0.3318950020792311,2.499676527606472,17.075735510204083,1.343352142479281,295,0.0,5.517142857142859,12.28,495.0,0.7071067811865476,-0.7071067811865475,-0.9749279121818236,-0.2225209339563146,A,43.06805555555555,17.77222222222222,85.34722222222223,0.4642301587301674,13.633492063492064,-39.7186507936508,44.29598214285715,45.94914285714287,43.06805555555555,33.251428571428576,1
2023-07-08 12:00:00,3,35.847222222222214,34.90277777777778,1014.588888888889,44.66916666666666,-0.1470536894689795,3.83512349486233,23.335545910493824,1.2122804372408595,10,0.0,5.966666666666665,17.520000000000003,636.1666666666666,-0.7071067811865471,-0.7071067811865479,-0.9749279121818236,-0.2225209339563146,A,43.53228571428572,31.405714285714282,45.628571428571426,1.1368809523809418,4.441507936507932,-10.725793650793648,43.975988095238094,44.66916666666666,43.06805555555555,35.847222222222214,1
2023-07-08 18:00:00,3,23.41111111111111,68.11111111111111,1015.622222222222,43.27138888888889,-0.30997668450749993,0.9184188637568196,7.465543209876543,1.7726103777878928,0,0.0,5.083333333333335,1.8,32.5,-0.7071067811865477,0.7071067811865474,-0.9749279121818236,-0.2225209339563146,A,44.66916666666666,35.847222222222214,34.90277777777778,-1.397777777777769,-12.436111111111103,33.208333333333336,43.63522420634921,44.66916666666666,43.06805555555555,35.847222222222214,0
2023-07-09 00:00:00,3,21.37777777777778,73.75,1017.122222222222,41.811666666666646,-0.1872208942634268,0.668142396923987,5.611666666666666,1.8684458788480625,0,0.0,4.949999999999999,0.36,10.0,0.7071067811865475,0.7071067811865476,-0.7818314824680299,0.6234898018587334,A,43.27138888888889,23.41111111111111,68.11111111111111,-1.459722222222247,-2.0333333333333314,5.638888888888886,43.321126984126984,44.66916666666666,41.811666666666646,35.847222222222214,0
2023-07-09 06:00:00,3,34.57428571428571,42.41428571428571,1016.6857142857145,42.21,0.24107730055569995,3.162448637970635,19.9098493877551,1.1865312023130674,0,0.0,4.7714285714285705,14.270000000000001,563.7714285714286,0.7071067811865476,-0.7071067811865475,-0.7818314824680299,0.6234898018587334,A,41.811666666666646,21.37777777777778,73.75,0.39833333333335474,13.196507936507928,-31.33571428571429,42.99055555555555,44.66916666666666,41.811666666666646,35.847222222222214,0
2023-07-09 12:00:00,3,37.480000000000004,37.68571428571428,1014.3714285714287,42.40885714285715,-0.1712959194411214,4.013498544300651,23.35539428571429,1.1021012771012773,0,0.0,6.351428571428572,18.2,646.9428571428572,-0.7071067811865471,-0.7071067811865479,-0.7818314824680299,0.6234898018587334,A,42.21,34.57428571428571,42.41428571428571,0.1988571428571504,2.9057142857142964,-4.728571428571428,42.42547817460317,43.27138888888889,41.811666666666646,37.480000000000004,0
2023-07-09 18:00:00,3,25.405714285714282,68.74285714285715,1015.3542857142858,40.82457142857144,-0.29169174705213874,1.0143390541479818,7.941100408163263,1.5460506383899595,0,0.0,6.822857142857142,2.2199999999999998,32.74285714285714,-0.7071067811865477,0.7071067811865474,-0.7818314824680299,0.6234898018587334,A,42.40885714285715,37.480000000000004,37.68571428571428,-1.5842857142857127,-12.074285714285722,31.057142857142864,41.81377380952381,42.40885714285715,40.82457142857144,37.480000000000004,0
2023-07-10 00:00:00,3,22.908571428571427,72.61428571428571,1016.6314285714285,39.63999999999999,-0.14962059636579483,0.7651401337628219,6.273675918367348,1.6579827915869978,0,0.0,3.9628571428571426,0.26,8.457142857142857,0.7071067811865475,0.7071067811865476,0.0,1.0,A,40.82457142857144,25.405714285714282,68.74285714285715,-1.184571428571445,-2.4971428571428547,3.8714285714285666,41.270857142857146,42.40885714285715,39.63999999999999,37.480000000000004,0
2023-07-10 06:00:00,3,35.264705882352935,46.8235294117647,1016.1176470588235,39.88058823529412,0.21880404174210297,3.0339661809344065,18.75252595155709,1.0997080291970804,1045,0.0,3.511764705882353,14.1,561.2352941176471,0.7071067811865476,-0.7071067811865475,0.0,1.0,A,39.63999999999999,22.908571428571427,72.61428571428571,0.2405882352941262,12.356134453781507,-25.79075630252101,40.68850420168067,42.40885714285715,39.63999999999999,37.480000000000004,2
2023-07-10 12:00:00,3,39.10857142857143,38.8,1012.7942857142856,40.977428571428575,-0.1344207342588725,4.303780289267487,23.93444571428572,1.0216626300042742,140,0.0,3.500000000000001,16.869999999999994,598.8857142857142,-0.7071067811865471,-0.7071067811865479,0.0,1.0,A,39.88058823529412,35.264705882352935,46.8235294117647,1.0968403361344556,3.8438655462184954,-8.023529411764706,40.33064705882353,40.977428571428575,39.63999999999999,39.10857142857143,1
2023-07-10 18:00:00,3,28.674999999999997,53.19444444444444,1012.7833333333336,39.941388888888895,-0.20568741825782577,1.8399529261918648,13.421493055555555,1.345960872414116,0,0.0,6.283333333333333,2.039999999999999,31.666666666666668,-0.7071067811865477,0.7071067811865474,0.0,1.0,A,40.977428571428575,39.10857142857143,38.8,-1.0360396825396805,-10.433571428571433,14.394444444444446,40.109851423902896,40.977428571428575,39.63999999999999,39.10857142857143,0
2023-07-11 00:00:00,3,24.191666666666666,61.916666666666664,1013.5055555555555,38.92722222222222,-0.14528696430495083,1.149514164381454,9.212993055555556,1.5452420333002534,0,0.0,5.849999999999999,1.0800000000000003,9.666666666666666,0.7071067811865475,0.7071067811865476,0.7818314824680298,0.6234898018587336,A,39.941388888888895,28.674999999999997,53.19444444444444,-1.014166666666675,-4.483333333333331,8.722222222222221,39.93165697945845,40.977428571428575,38.92722222222222,39.10857142857143,0
2023-07-11 06:00:00,3,35.45277777777778,46.31944444444444,1012.9666666666667,38.91277777777778,0.13928190360491552,3.0946446547669266,19.031248070987655,1.0674845690771926,0,0.0,4.316666666666668,15.299999999999999,562.6666666666666,0.7071067811865476,-0.7071067811865475,0.7818314824680298,0.6234898018587336,A,38.92722222222222,24.191666666666666,61.916666666666664,-0.01444444444444315,11.261111111111116,-15.597222222222221,39.689704365079365,40.977428571428575,38.91277777777778,39.10857142857143,0
2023-07-11 12:00:00,3,39.53888888888889,36.708333333333336,1010.1194444444443,38.964722222222214,-0.13286332185536776,4.554640099224713,25.024821759259257,0.961168973550774,0,0.0,3.133333333333333,17.399999999999995,610.8333333333334,-0.7071067811865471,-0.7071067811865479,0.7818314824680298,0.6234898018587336,A,38.91277777777778,35.45277777777778,46.31944444444444,0.051944444444437465,4.086111111111109,-9.611111111111107,39.186527777777776,39.941388888888895,38.91277777777778,39.53888888888889,0
2023-07-11 18:00:00,3,28.042857142857144,52.357142857142854,1009.3085714285713,37.86971428571429,-0.19873579278149653,1.8053655762105498,13.36041836734694,1.30392523364486,0,0.0,4.428571428571427,1.6500000000000001,32.91428571428571,-0.7071067811865477,0.7071067811865474,0.7818314824680298,0.6234898018587336,A,38.964722222222214,39.53888888888889,36.708333333333336,-1.0950079365079262,-11.496031746031747,15.648809523809518,38.66860912698412,38.964722222222214,37.86971428571429,39.53888888888889,0
2023-07-12 00:00:00,3,23.700000000000003,74.68055555555556,1010.7805555555556,36.887777777777785,-0.12581522168995893,0.742013506118564,6.000708333333333,1.4934322986954567,0,0.0,10.25,1.1400000000000001,7.0,0.7071067811865475,0.7071067811865476,0.9749279121818236,-0.22252093395631434,A,37.86971428571429,28.042857142857144,52.357142857142854,-0.9819365079365028,-4.342857142857142,22.323412698412703,38.158748015873016,38.964722222222214,36.887777777777785,39.53888888888889,0
2023-07-12 06:00:00,3,33.486111111111114,55.263888888888886,1011.6027777777779,23.649166666666662,-3.978647888202461,2.3123816755281767,14.980383873456791,0.6857591623036647,0,0.0,3.7666666666666675,13.079999999999998,488.0,0.7071067811865476,-0.7071067811865475,0.9749279121818236,-0.22252093395631434,A,36.887777777777785,23.700000000000003,74.68055555555556,-13.238611111111123,9.786111111111111,-19.41666666666667,34.34284523809524,38.964722222222214,23.649166666666662,39.53888888888889,0
2023-07-12 12:00:00,3,36.77222222222222,43.65277777777778,1008.6083333333331,31.81638888888889,3.3921998065588617,3.4920534297029358,20.720125771604934,0.8423224003529932,694,0.0,8.883333333333335,17.219999999999995,560.0,-0.7071067811865471,-0.7071067811865479,0.9749279121818236,-0.22252093395631434,A,23.649166666666662,33.486111111111114,55.263888888888886,8.167222222222229,3.2861111111111043,-11.611111111111107,32.55576190476191,37.86971428571429,23.649166666666662,36.77222222222222,2
2023-07-12 18:00:00,3,27.505555555555553,68.26388888888889,1008.5861111111109,32.891666666666666,-0.3368884001616004,1.1654967596464125,8.729193672839505,1.1538686415903334,0,0.0,10.850000000000001,1.7400000000000002,29.166666666666668,-0.7071067811865477,0.7071067811865474,0.9749279121818236,-0.22252093395631434,A,31.81638888888889,36.77222222222222,43.65277777777778,1.0752777777777744,-9.266666666666666,24.611111111111107,31.31125,36.887777777777785,23.649166666666662,36.77222222222222,0
2023-07-13 00:00:00,3,21.305882352941172,76.44117647058823,1009.8147058823531,31.337352941176473,-0.21624748695225696,0.5970084585562452,5.019415224913494,1.4048918776371313,0,8.5,7.358823529411765,0.56,3.823529411764706,0.7071067811865475,0.7071067811865476,0.43388373911755823,-0.900968867902419,A,32.891666666666666,27.505555555555553,68.26388888888889,-1.5543137254901929,-6.199673202614381,8.177287581699346,29.923643790849674,32.891666666666666,23.649166666666662,36.77222222222222,0
2023-07-13 06:00:00,3,25.77777777777778,69.05555555555556,1010.7416666666666,30.293611111111115,-0.12687071807990852,1.0265926566710846,7.976790123456789,1.1312966804979254,0,264.6,5.666666666666667,8.1,323.8333333333333,0.7071067811865476,-0.7071067811865475,0.43388373911755823,-0.900968867902419,A,31.337352941176473,21.305882352941172,76.44117647058823,-1.0437418300653576,4.471895424836607,-7.385620915032675,31.584754901960785,32.891666666666666,30.293611111111115,36.77222222222222,0
2023-07-13 12:00:00,3,33.9388888888889,47.763888888888886,1008.8666666666666,28.540833333333328,-0.43523000949258356,2.7691342439408086,17.72835570987655,0.8168786770551754,0,1.2000000000000002,6.2,12.180000000000003,442.1666666666667,-0.7071067811865471,-0.7071067811865479,0.43388373911755823,-0.900968867902419,A,30.293611111111115,25.77777777777778,69.05555555555556,-1.752777777777787,8.161111111111119,-21.29166666666667,30.765866013071896,32.891666666666666,28.540833333333328,33.9388888888889,0
2023-07-13 18:00:00,3,24.39166666666667,72.19444444444444,1011.1416666666667,26.888333333333332,-0.13538372004348442,0.8494010343192984,6.782238425925928,1.0589432228421396,0,0.0,8.033333333333331,1.3800000000000001,32.166666666666664,-0.7071067811865477,0.7071067811865474,0.43388373911755823,-0.900968867902419,A,28.540833333333328,33.9388888888889,47.763888888888886,-1.6524999999999963,-9.547222222222228,24.430555555555557,29.26503267973856,31.337352941176473,26.888333333333332,33.9388888888889,0
2023-07-14 00:00:00,3,21.997142857142855,80.07142857142857,1013.0771428571426,26.188571428571425,-0.0874598597542433,0.5268059652723394,4.383716326530612,1.1387750031059758,0,0.0,12.05142857142857,0.53,6.171428571428572,0.7071067811865475,0.7071067811865476,-0.433883739117558,-0.9009688679024191,A,26.888333333333332,24.39166666666667,72.19444444444444,-0.6997619047619068,-2.3945238095238146,7.8769841269841265,27.9778373015873,30.293611111111115,26.188571428571425,33.9388888888889,0
2023-07-14 06:00:00,3,29.024999999999995,65.08333333333333,1013.2750000000001,28.92,2.1826969752686116,1.4006710410215044,10.1345625,0.9631973355537055,530,2.4000000000000004,12.766666666666664,10.559999999999999,397.3333333333333,0.7071067811865476,-0.7071067811865475,-0.433883739117558,-0.9009688679024191,A,26.188571428571425,21.997142857142855,80.07142857142857,2.7314285714285766,7.02785714285714,-14.98809523809524,27.63443452380952,28.92,26.188571428571425,33.9388888888889,1
2023-07-14 12:00:00,3,34.51111111111111,44.05555555555556,1010.4777777777776,30.92916666666666,-0.8306480207880265,3.0615697234237613,19.30704938271605,0.8709715269086356,0,0.6000000000000001,6.733333333333333,16.14,582.6666666666666,-0.7071067811865471,-0.7071067811865479,-0.433883739117558,-0.9009688679024191,A,28.92,29.024999999999995,65.08333333333333,2.0091666666666583,5.486111111111118,-21.02777777777777,28.231517857142855,30.92916666666666,26.188571428571425,34.51111111111111,0
2023-07-14 18:00:00,3,25.56388888888889,64.81944444444444,1011.5472222222223,28.409722222222225,-0.1760873297789879,1.1524266184789487,8.993518132716051,1.0694865627941024,0,0.0,5.049999999999999,1.32,30.833333333333332,-0.7071067811865477,0.7071067811865474,-0.433883739117558,-0.9009688679024191,A,30.92916666666666,34.51111111111111,44.05555555555556,-2.519444444444435,-8.947222222222223,20.763888888888886,28.61186507936508,30.92916666666666,26.188571428571425,34.51111111111111,0
2023-07-15 00:00:00,3,21.974285714285713,72.21428571428571,1012.3828571428572,27.499714285714287,-0.1282314817634862,0.7334845415651647,6.10571224489796,1.1969779878124613,0,0.0,4.588571428571429,0.32,7.428571428571429,0.7071067811865475,0.7071067811865476,-0.9749279121818236,-0.2225209339563146,A,28.409722222222225,25.56388888888889,64.81944444444444,-0.9100079365079381,-3.5896031746031767,7.394841269841265,28.93965079365079,30.92916666666666,27.499714285714287,34.51111111111111,0
2023-07-15 06:00:00,3,34.720000000000006,48.3,1012.0000000000002,26.353714285714286,-0.26126655564414286,2.8622399417100923,17.950240000000004,0.7377859542473203,0,0.0,3.7371428571428584,14.110000000000001,564.9428571428572,0.7071067811865476,-0.7071067811865475,-0.9749279121818236,-0.2225209339563146,A,27.499714285714287,21.974285714285713,72.21428571428571,-1.1460000000000008,12.745714285714293,-23.91428571428571,28.298079365079364,30.92916666666666,26.353714285714286,34.720000000000006,0
2023-07-15 12:00:00,3,38.02285714285715,38.94285714285714,1009.4514285714284,24.594285714285718,-0.28170117494530306,4.04988966421238,23.215670204081636,0.6302533313808757,0,0.0,4.611428571428571,17.13,628.8285714285714,-0.7071067811865471,-0.7071067811865479,-0.9749279121818236,-0.2225209339563146,A,26.353714285714286,34.720000000000006,48.3,-1.7594285714285682,3.3028571428571425,-9.357142857142854,26.714359126984128,28.409722222222225,24.594285714285718,38.02285714285715,0
2023-07-15 18:00:00,3,25.052777777777777,55.625,1010.1305555555552,23.520833333333332,-0.09841005396810716,1.4101265628895712,11.117170138888888,0.9028147990190851,0,0.0,6.216666666666665,1.9800000000000002,32.166666666666664,-0.7071067811865477,0.7071067811865474,-0.9749279121818236,-0.2225209339563146,A,24.594285714285718,38.02285714285715,38.94285714285714,-1.0734523809523857,-12.970079365079371,16.682142857142857,25.492136904761903,27.499714285714287,23.520833333333332,38.02285714285715,0
2023-07-16 00:00:00,3,20.694285714285712,70.77142857142857,1010.6142857142859,23.068857142857137,-0.06053502102179631,0.7133773688699745,6.048644081632652,1.0633609903858816,0,0.0,6.728571428571429,1.2300000000000002,8.914285714285715,0.7071067811865475,0.7071067811865476,-0.7818314824680299,0.6234898018587334,A,23.520833333333332,25.052777777777777,55.625,-0.45197619047619497,-4.358492063492065,15.146428571428572,24.38442261904762,26.353714285714286,23.068857142857137,38.02285714285715,0
2023-07-16 06:00:00,3,36.297222222222224,38.638888888888886,1010.7333333333333,22.845833333333335,-0.04347621886251281,3.705332959082123,22.27237885802469,0.6125344455202205,0,0.0,7.199999999999999,15.240000000000002,565.1666666666666,0.7071067811865476,-0.7071067811865475,-0.7818314824680299,0.6234898018587334,A,23.068857142857137,20.694285714285712,70.77142857142857,-0.22302380952380219,15.602936507936512,-32.13253968253969,23.50745238095238,24.594285714285718,22.845833333333335,38.02285714285715,0
2023-07-16 12:00:00,3,39.094444444444456,32.81944444444444,1009.1055555555554,22.35111111111111,-0.12481022133897701,4.720773345821112,26.26386496913581,0.5574615491201328,0,0.0,6.083333333333333,19.440000000000005,654.1666666666666,-0.7071067811865471,-0.7071067811865479,-0.7818314824680299,0.6234898018587334,A,22.845833333333335,36.297222222222224,38.638888888888886,-0.49472222222222584,2.7972222222222314,-5.819444444444443,22.946658730158727,23.520833333333332,22.35111111111111,39.094444444444456,0
2023-07-16 18:00:00,3,28.1,46.52777777777778,1010.5527777777778,21.823611111111116,-0.05543392804616179,2.0330113085453725,15.025694444444445,0.7499522718594885,0,0.0,12.116666666666667,4.380000000000001,31.833333333333332,-0.7071067811865477,0.7071067811865474,-0.7818314824680299,0.6234898018587334,A,22.35111111111111,39.094444444444456,32.81944444444444,-0.5274999999999928,-10.994444444444454,13.708333333333336,22.522353174603175,23.068857142857137,21.823611111111116,39.094444444444456,0
2023-07-17 00:00:00,3,22.99722222222222,56.77777777777778,1011.9055555555553,21.506111111111114,-0.038445621903046734,1.214097370605114,9.939910493827158,0.8961916888528767,0,0.0,11.499999999999996,2.5799999999999996,8.5,0.7071067811865475,0.7071067811865476,0.0,1.0,A,21.823611111111116,28.1,46.52777777777778,-0.31750000000000256,-5.102777777777781,10.25,22.131666666666668,22.845833333333335,21.506111111111114,39.094444444444456,0
2023-07-17 06:00:00,3,37.205882352941174,36.89705882352941,1012.3705882352941,23.570882352941176,1.2734643281588844,4.004211623100828,23.478006055363323,0.6169438029253272,548,0.0,5.023529411764706,14.96,585.6470588235294,0.7071067811865476,-0.7071067811865475,0.0,1.0,A,21.506111111111114,22.99722222222222,56.77777777777778,2.064771241830062,14.208660130718954,-19.880718954248366,22.31292892156863,23.570882352941176,21.506111111111114,39.094444444444456,2
2023-07-17 12:00:00,3,39.34166666666667,33.30555555555556,1009.9833333333333,23.825833333333335,-0.4502211915566741,4.749127353804511,26.23870601851852,0.5906011154720099,0,0.0,6.633333333333335,19.140000000000008,626.0,-0.7071067811865471,-0.7071067811865479,0.0,1.0,A,23.570882352941176,37.205882352941174,36.89705882352941,0.25495098039215947,2.1357843137254946,-3.591503267973856,22.681609477124187,23.825833333333335,21.506111111111114,39.34166666666667,0
2023-07-17 18:00:00,3,28.488888888888887,45.22222222222222,1011.2166666666666,22.53222222222222,-0.07243772273508553,2.1302377474214245,15.605580246913581,0.7640919366993217,0,0.0,19.216666666666665,6.3,30.5,-0.7071067811865477,0.7071067811865474,0.0,1.0,A,23.825833333333335,39.34166666666667,33.30555555555556,-1.2936111111111153,-10.852777777777781,11.916666666666664,22.85876225490196,23.825833333333335,21.506111111111114,39.34166666666667,0
2023-07-18 00:00:00,3,21.894444444444442,75.36111111111111,1013.2249999999998,22.10138888888889,-0.054987374717576185,0.6472558360395737,5.394547839506172,0.9653603494297502,0,0.0,7.61666666666667,1.8000000000000003,8.0,0.7071067811865475,0.7071067811865476,0.7818314824680298,0.6234898018587336,A,22.53222222222222,28.488888888888887,45.22222222222222,-0.43083333333332874,-6.594444444444445,30.138888888888893,23.007581699346407,23.825833333333335,22.10138888888889,39.34166666666667,0
2023-07-18 06:00:00,3,36.734285714285726,46.214285714285715,1013.3228571428572,21.863714285714284,-0.06398836754896618,3.3264140381630174,19.757797959183677,0.5794124328007872,0,0.0,4.105714285714285,14.389999999999999,543.5714285714286,0.7071067811865476,-0.7071067811865475,0.7818314824680298,0.6234898018587336,A,22.10138888888889,21.894444444444442,75.36111111111111,-0.2376746031746073,14.839841269841283,-29.1468253968254,22.58078968253968,23.825833333333335,21.863714285714284,39.34166666666667,0
2023-07-18 12:00:00,3,39.125,41.583333333333336,1009.0555555555555,21.20888888888889,-0.11360905043864145,4.1116688568500255,22.855520833333337,0.528570439598477,0,0.0,6.9333333333333345,19.799999999999997,645.3333333333334,-0.7071067811865471,-0.7071067811865479,0.7818314824680298,0.6234898018587336,A,21.863714285714284,36.734285714285726,46.214285714285715,-0.6548253968253945,2.3907142857142745,-4.63095238095238,21.92655357142857,22.53222222222222,21.20888888888889,39.125,0
2023-07-18 18:00:00,3,29.300000000000004,61.291666666666664,1010.2083333333335,20.76444444444445,-0.06214438392211675,1.577615880063314,11.341541666666668,0.6852951961862854,0,0.0,5.683333333333333,2.1599999999999993,30.166666666666668,-0.7071067811865477,0.7071067811865474,0.7818314824680298,0.6234898018587336,A,21.20888888888889,39.125,41.583333333333336,-0.4444444444444393,-9.824999999999996,19.70833333333333,21.48460912698413,22.10138888888889,20.76444444444445,39.125,0
2023-07-19 00:00:00,3,24.141176470588235,78.20588235294117,1009.7323529411765,20.437647058823533,-0.04178529346406747,0.655849508195864,5.261356401384084,0.8129153018249885,0,0.0,9.508823529411766,1.08,8.117647058823529,0.7071067811865475,0.7071067811865476,0.9749279121818236,-0.22252093395631434,A,20.76444444444445,29.300000000000004,61.291666666666664,-0.3267973856209174,-5.1588235294117695,16.91421568627451,21.06867366946779,21.863714285714284,20.437647058823533,39.125,0
2023-07-19 06:00:00,3,35.06666666666667,53.81944444444444,1008.1277777777777,22.9925,0.9555775846095855,2.6061684004547763,16.193981481481483,0.6375,727,0.0,10.23333333333333,14.280000000000001,493.5,0.7071067811865476,-0.7071067811865475,0.9749279121818236,-0.22252093395631434,A,20.437647058823533,24.141176470588235,78.20588235294117,2.554852941176467,10.925490196078435,-24.38643790849673,21.35087009803922,22.9925,20.437647058823533,39.125,2
2023-07-19 12:00:00,3,37.18333333333334,38.27777777777778,1003.375,22.662777777777777,-0.2785006944844169,3.911797215021543,22.950379629629634,0.593525389204132,0,15.0,10.266666666666671,13.559999999999997,465.0,-0.7071067811865471,-0.7071067811865479,0.9749279121818236,-0.22252093395631434,A,22.9925,35.06666666666667,53.81944444444444,-0.32972222222222314,2.116666666666667,-15.541666666666664,21.71434232026144,22.9925,20.437647058823533,37.18333333333334,0
2023-07-19 18:00:00,3,28.571428571428573,49.285714285714285,1003.4971428571429,21.854857142857146,-0.05346415181518207,1.9816769402179764,14.489795918367347,0.7390531400966184,0,0.0,7.368571428571429,1.24,17.142857142857142,-0.7071067811865477,0.7071067811865474,0.9749279121818236,-0.22252093395631434,A,22.662777777777777,37.18333333333334,38.27777777777778,-0.8079206349206309,-8.611904761904764,11.007936507936506,21.986945494864614,22.9925,20.437647058823533,37.18333333333334,0
2023-07-20 00:00:00,3,22.380555555555553,74.25,1006.1972222222224,21.50611111111111,-0.05175914780447139,0.6967649281880481,5.762993055555554,0.9198289176666271,0,32.400000000000006,10.616666666666667,0.6000000000000001,7.166666666666667,0.7071067811865475,0.7071067811865476,0.43388373911755823,-0.900968867902419,A,21.854857142857146,28.571428571428573,49.285714285714285,-0.34874603174603536,-6.19087301587302,24.964285714285715,22.25406150793651,22.9925,21.50611111111111,37.18333333333334,0
2023-07-20 06:00:00,3,34.55,44.666666666666664,1005.9527777777777,21.18138888888889,-0.06760684123755849,3.034664808688044,19.117666666666665,0.5958196593217691,0,0.0,5.499999999999998,13.620000000000005,532.5,0.7071067811865476,-0.7071067811865475,0.43388373911755823,-0.900968867902419,A,21.50611111111111,22.380555555555553,74.25,-0.3247222222222206,12.169444444444444,-29.583333333333336,21.80128373015873,22.662777777777777,21.18138888888889,37.18333333333334,0
2023-07-20 12:00:00,3,37.09444444444444,40.09722222222222,1003.1222222222223,20.57694444444444,-0.11725408173576966,3.7781674566884984,22.220602623456784,0.5401560449176024,0,0.0,7.050000000000001,17.39999999999999,599.0,-0.7071067811865471,-0.7071067811865479,0.43388373911755823,-0.900968867902419,A,21.18138888888889,34.55,44.666666666666664,-0.6044444444444501,2.5444444444444443,-4.569444444444443,21.279825396825395,21.854857142857146,20.57694444444444,37.09444444444444,0
2023-07-20 18:00:00,3,26.38333333333333,65.81944444444444,1003.4444444444445,20.12944444444444,-0.0503261359349041,1.175253028911174,9.017969907407407,0.7350983972408196,0,0.0,9.899999999999999,3.1200000000000006,25.166666666666668,-0.7071067811865477,0.7071067811865474,0.43388373911755823,-0.900968867902419,A,20.57694444444444,37.09444444444444,40.09722222222222,-0.447499999999998,-10.711111111111112,25.72222222222222,20.84847222222222,21.50611111111111,20.12944444444444,37.09444444444444,0
2023-07-21 00:00:00,3,24.066666666666666,74.125,1004.4999999999998,19.901666666666667,-0.032574744065880956,0.7751835381698386,6.227250000000001,0.7939494680851065,0,3.5999999999999996,6.116666666666668,0.7200000000000002,7.333333333333333,0.7071067811865475,0.7071067811865476,-0.433883739117558,-0.9009688679024191,A,20.12944444444444,26.38333333333333,65.81944444444444,-0.2277777777777743,-2.316666666666663,8.305555555555557,20.44736111111111,21.18138888888889,19.901666666666667,37.09444444444444,0
2023-07-21 06:00:00,3,33.62222222222222,47.583333333333336,1003.5305555555553,19.963333333333328,0.10995861575239814,2.730064082672363,17.623648148148146,0.5766046213093708,640,0.6,11.08333333333333,11.879999999999999,429.1666666666667,0.7071067811865476,-0.7071067811865475,-0.433883739117558,-0.9009688679024191,A,19.901666666666667,24.066666666666666,74.125,0.06166666666666032,9.555555555555554,-26.541666666666664,20.14284722222222,20.57694444444444,19.901666666666667,37.09444444444444,2
2023-07-21 12:00:00,3,32.325,47.65277777777778,1002.8944444444444,25.205277777777777,-0.8045242485683923,2.5350704432117586,16.921239583333335,0.7563474201883803,535,0.0,12.483333333333334,13.860000000000003,511.0,-0.7071067811865471,-0.7071067811865479,-0.433883739117558,-0.9009688679024191,A,19.963333333333328,33.62222222222222,47.583333333333336,5.241944444444449,-1.2972222222222172,0.06944444444444287,21.299930555555555,25.205277777777777,19.901666666666667,33.62222222222222,2
2023-07-21 18:00:00,3,24.266666666666666,70.65277777777777,1005.947222222222,22.648888888888884,-0.13612430255341115,0.8898114589373645,7.1215925925925925,0.8963940193491643,0,1.2000000000000002,5.966666666666667,1.26,28.0,-0.7071067811865477,0.7071067811865474,-0.433883739117558,-0.9009688679024191,A,25.205277777777777,32.325,47.65277777777778,-2.5563888888888933,-8.058333333333337,22.999999999999993,21.929791666666663,25.205277777777777,19.901666666666667,33.62222222222222,0
2023-07-22 00:00:00,3,19.54848484848485,87.51515151515152,1008.5515151515151,22.043636363636367,-0.05892385359622175,0.28387041294799165,2.4405987144168972,1.0727621294794278,0,0.0,6.772727272727273,0.23,7.2727272727272725,0.7071067811865475,0.7071067811865476,-0.9749279121818236,-0.2225209339563146,A,22.648888888888884,24.266666666666666,70.65277777777777,-0.6052525252525172,-4.718181818181815,16.862373737373744,22.465284090909087,25.205277777777777,19.963333333333328,33.62222222222222,0
2023-07-22 06:00:00,3,31.283333333333335,54.583333333333336,1009.1999999999999,21.774999999999995,-0.0533768375225406,2.0735295740937385,14.20784722222222,0.6744966442953019,0,14.4,5.716666666666669,8.099999999999998,321.5,0.7071067811865476,-0.7071067811865475,-0.9749279121818236,-0.2225209339563146,A,22.043636363636367,19.54848484848485,87.51515151515152,-0.26863636363637156,11.734848484848484,-32.93181818181818,22.918200757575754,25.205277777777777,21.774999999999995,32.325,0
2023-07-22 12:00:00,3,30.388888888888882,56.486111111111114,1008.6972222222224,21.375555555555557,-0.08903322021456357,1.8879078806405416,13.223387345679008,0.680991150442478,0,15.600000000000001,8.550000000000002,12.24,453.1666666666667,-0.7071067811865471,-0.7071067811865479,-0.9749279121818236,-0.2225209339563146,A,21.774999999999995,31.283333333333335,54.583333333333336,-0.3994444444444376,-0.8944444444444528,1.9027777777777786,21.9607702020202,22.648888888888884,21.375555555555557,31.283333333333335,0
2023-07-22 18:00:00,3,21.20555555555556,79.47222222222223,1010.0805555555556,20.931944444444444,-0.04722110117414747,0.5170085991496811,4.353029320987653,0.9426444833625217,0,0.0,6.533333333333333,1.44,28.166666666666668,-0.7071067811865477,0.7071067811865474,-0.9749279121818236,-0.2225209339563146,A,21.375555555555557,30.388888888888882,56.486111111111114,-0.44361111111111384,-9.183333333333323,22.986111111111114,21.53153409090909,22.043636363636367,20.931944444444444,31.283333333333335,0
2023-07-23 00:00:00,3,18.936111111111114,88.27777777777777,1011.9166666666665,20.67666666666667,-0.02591812198020747,0.25655843491945807,2.2197330246913607,1.03714644001672,0,0.0,12.683333333333334,1.02,5.666666666666667,0.7071067811865475,0.7071067811865476,-0.7818314824680299,0.6234898018587334,A,20.931944444444444,21.20555555555556,79.47222222222223,-0.25527777777777416,-2.2694444444444457,8.805555555555543,21.189791666666668,21.774999999999995,20.67666666666667,31.283333333333335,0
2023-07-23 06:00:00,3,32.13055555555555,52.52777777777778,1012.0333333333333,20.491666666666667,-0.054747806388862924,2.273903601865693,15.253088734567902,0.6185126184287751,0,0.0,5.950000000000001,13.079999999999998,510.1666666666667,0.7071067811865476,-0.7071067811865475,-0.7818314824680299,0.6234898018587334,A,20.67666666666667,18.936111111111114,88.27777777777777,-0.18500000000000227,13.19444444444444,-35.74999999999999,20.868958333333335,21.375555555555557,20.491666666666667,32.13055555555555,0
2023-07-23 12:00:00,3,36.11388888888889,40.638888888888886,1009.2777777777778,20.03916666666667,-0.08316955834674149,3.548739061291408,21.437605709876543,0.5399371304543075,0,0.0,6.183333333333333,17.520000000000003,595.5,-0.7071067811865471,-0.7071067811865479,-0.7818314824680299,0.6234898018587334,A,20.491666666666667,32.13055555555555,52.52777777777778,-0.452499999999997,3.9833333333333343,-11.888888888888893,20.534861111111113,20.931944444444444,20.03916666666667,36.11388888888889,0
2023-07-23 18:00:00,3,23.88333333333333,60.111111111111114,1009.438888888889,19.67166666666666,-0.048338376506793686,1.1819421137009996,9.526796296296293,0.7905559276624246,0,0.0,11.1,4.2,28.166666666666668,-0.7071067811865477,0.7071067811865474,-0.7818314824680299,0.6234898018587334,A,20.03916666666667,36.11388888888889,40.638888888888886,-0.3675000000000104,-12.230555555555558,19.47222222222223,20.219791666666666,20.67666666666667,19.67166666666666,36.11388888888889,0
2023-07-24 00:00:00,3,17.924999999999997,78.75,1009.2027777777777,19.455277777777773,-0.02538655232697314,0.43653365772341357,3.8090624999999996,1.0280199618376633,0,0.0,6.85,1.3800000000000001,6.333333333333333,0.7071067811865475,0.7071067811865476,0.0,1.0,A,19.67166666666666,23.88333333333333,60.111111111111114,-0.2163888888888863,-5.958333333333332,18.638888888888886,19.91444444444444,20.491666666666667,19.455277777777773,36.11388888888889,0
2023-07-24 06:00:00,3,27.819444444444443,62.986111111111114,1007.4833333333331,13.224166666666669,-1.33711112533361,1.3844576365045147,10.29705825617284,0.4588626506024097,0,3.600000000000001,5.083333333333333,11.159999999999997,411.5,0.7071067811865476,-0.7071067811865475,0.0,1.0,A,19.455277777777773,17.924999999999997,78.75,-6.231111111111105,9.894444444444446,-15.763888888888886,18.097569444444446,20.03916666666667,13.224166666666669,36.11388888888889,0
2023-07-24 12:00:00,3,33.266666666666666,51.763888888888886,1002.9666666666667,24.969166666666666,0.9430241929053477,2.4628768981968636,16.046546296296295,0.7286721789883268,794,0.0,12.666666666666666,16.32,519.0,-0.7071067811865471,-0.7071067811865479,0.0,1.0,A,13.224166666666669,27.819444444444443,62.986111111111114,11.744999999999997,5.447222222222223,-11.222222222222229,19.33006944444444,24.969166666666666,13.224166666666669,33.266666666666666,2
2023-07-24 18:00:00,3,25.888888888888886,71.93055555555556,1001.313888888889,23.20277777777778,-0.1877745002793957,0.9373578586831672,7.266867283950617,0.862913223140496,0,0.0,12.499999999999996,2.6399999999999992,20.5,-0.7071067811865477,0.7071067811865474,0.0,1.0,A,24.969166666666666,33.266666666666666,51.763888888888886,-1.766388888888887,-7.37777777777778,20.16666666666667,20.212847222222223,24.969166666666666,13.224166666666669,33.266666666666666,0
2023-07-25 00:00:00,3,21.788888888888888,79.83333333333333,999.7166666666667,22.38138888888889,-0.10260143999340246,0.5263703351108764,4.394092592592592,0.9821184787908338,0,0.0,7.233333333333334,0.6000000000000001,1.5,0.7071067811865475,0.7071067811865476,0.7818314824680298,0.6234898018587336,A,23.20277777777778,25.888888888888886,71.93055555555556,-0.8213888888888903,-4.099999999999998,7.9027777777777715,20.944375,24.969166666666666,13.224166666666669,33.266666666666666,0
2023-07-25 06:00:00,3,25.47142857142857,72.47142857142858,999.0742857142857,25.66857142857143,0.08783222761264887,0.8968335141736334,7.011920408163264,0.9696708041014571,0,0.0,6.2771428571428585,7.990000000000001,304.8857142857143,0.7071067811865476,-0.7071067811865475,0.7818314824680298,0.6234898018587336,A,22.38138888888889,21.788888888888888,79.83333333333333,3.28718253968254,3.6825396825396837,-7.3619047619047535,24.055476190476192,25.66857142857143,22.38138888888889,33.266666666666666,0
2023-07-25 12:00:00,3,30.414285714285715,51.34285714285714,996.2485714285716,23.375428571428575,-0.2634698510992858,2.1141229792057192,14.798722448979591,0.7441018644838564,0,1.7999999999999998,8.305714285714288,12.920000000000002,443.6857142857143,-0.7071067811865471,-0.7071067811865479,0.7818314824680298,0.6234898018587336,A,25.66857142857143,25.47142857142857,72.47142857142858,-2.293142857142854,4.942857142857143,-21.128571428571433,23.65704166666667,25.66857142857143,22.38138888888889,30.414285714285715,0
2023-07-25 18:00:00,3,22.788888888888888,62.05555555555556,997.1972222222222,22.39583333333333,-0.08828687351176451,1.0524891729336268,8.647117283950617,0.9414409154600653,0,42.6,10.866666666666665,2.7600000000000007,25.0,-0.7071067811865477,0.7071067811865474,0.7818314824680298,0.6234898018587336,A,23.375428571428575,30.414285714285715,51.34285714285714,-0.9795952380952464,-7.625396825396827,10.712698412698415,23.455305555555555,25.66857142857143,22.38138888888889,30.414285714285715,0
2023-07-26 00:00:00,3,19.01111111111111,77.26388888888889,1001.4333333333333,21.977499999999996,-0.053924261680597024,0.4999482101227477,4.3223873456790125,1.0982648528595225,0,2.4000000000000004,6.033333333333333,0.6600000000000001,6.166666666666667,0.7071067811865475,0.7071067811865476,0.9749279121818236,-0.22252093395631434,A,22.39583333333333,22.788888888888888,62.05555555555556,-0.418333333333333,-3.7777777777777786,15.208333333333329,23.354333333333333,25.66857142857143,21.977499999999996,30.414285714285715,0
2023-07-26 06:00:00,3,30.28611111111111,38.625,1004.4222222222221,21.525555555555556,-0.1009290806564782,2.6472237363016804,18.588100694444446,0.6880227292905975,0,0.0,5.916666666666667,13.26,530.8333333333334,0.7071067811865476,-0.7071067811865475,0.9749279121818236,-0.22252093395631434,A,21.977499999999996,19.01111111111111,77.26388888888889,-0.4519444444444396,11.275000000000002,-38.638888888888886,22.318579365079366,23.375428571428575,21.525555555555556,30.414285714285715,0
2023-07-26 12:00:00,3,33.09166666666667,27.930555555555557,1004.1333333333334,21.041944444444443,-0.0648174507791578,3.643881026059079,23.848980324074073,0.617216654444716,0,0.6000000000000001,8.616666666666669,17.940000000000005,623.5,-0.7071067811865471,-0.7071067811865479,0.9749279121818236,-0.22252093395631434,A,21.525555555555556,30.28611111111111,38.625,-0.483611111111113,2.805555555555557,-10.694444444444443,21.73520833333333,22.39583333333333,21.041944444444443,33.09166666666667,0
2023-07-26 18:00:00,3,19.540000000000003,63.142857142857146,1007.5828571428569,20.72685714285715,-0.05630922398375363,0.8375863708681002,7.201885714285715,1.0090972318820421,0,0.0,8.668571428571427,2.6499999999999995,28.97142857142857,-0.7071067811865477,0.7071067811865474,0.9749279121818236,-0.22252093395631434,A,21.041944444444443,33.09166666666667,27.930555555555557,-0.3150873015872939,-13.551666666666666,35.21230158730159,21.317964285714282,21.977499999999996,20.72685714285715,33.09166666666667,0
2023-07-27 00:00:00,3,16.441666666666666,83.16666666666667,1011.3444444444443,20.43444444444445,-0.0476451157939377,0.31482043845215024,2.7676805555555557,1.1715878324573978,0,0.0,10.366666666666667,0.7200000000000001,6.0,0.7071067811865475,0.7071067811865476,0.43388373911755823,-0.900968867902419,A,20.72685714285715,19.540000000000003,63.142857142857146,-0.2924126984127007,-3.0983333333333363,20.023809523809526,20.932200396825397,21.525555555555556,20.43444444444445,33.09166666666667,0
2023-07-27 06:00:00,3,27.241666666666667,53.861111111111114,1011.8777777777777,20.15722222222222,-0.03933931078551185,1.6684756461707675,12.569002314814814,0.7137405330972754,0,0.0,8.700000000000001,13.079999999999998,540.0,0.7071067811865476,-0.7071067811865475,0.43388373911755823,-0.900968867902419,A,20.43444444444445,16.441666666666666,83.16666666666667,-0.27722222222222825,10.8,-29.305555555555557,20.590117063492066,21.041944444444443,20.15722222222222,33.09166666666667,0
2023-07-27 12:00:00,3,32.69722222222222,37.875,1008.6694444444446,19.994444444444454,-0.023174928425070716,3.072296487788858,20.31314930555556,0.5933558651389006,0,0.0,6.633333333333333,14.819999999999999,547.1666666666666,-0.7071067811865471,-0.7071067811865479,0.43388373911755823,-0.900968867902419,A,20.15722222222222,27.241666666666667,53.861111111111114,-0.16277777777776592,5.455555555555556,-15.986111111111114,20.32824206349207,20.72685714285715,19.994444444444454,32.69722222222222,0
2023-07-27 18:00:00,3,20.399999999999995,69.86111111111111,1009.5722222222224,19.80527777777778,-0.020917818166365565,0.7223720264814542,6.148333333333331,0.9254802699896161,0,0.0,5.883333333333334,1.5,26.333333333333332,-0.7071067811865477,0.7071067811865474,0.43388373911755823,-0.900968867902419,A,19.994444444444454,32.69722222222222,37.875,-0.1891666666666758,-12.297222222222228,31.986111111111114,20.097847222222224,20.43444444444445,19.80527777777778,32.69722222222222,0
2023-07-28 00:00:00,3,17.683333333333337,69.98611111111111,1009.4611111111111,19.624444444444443,-0.03718224419089412,0.6072559241797955,5.3074560185185184,1.0503716919417183,0,0.0,6.583333333333335,0.6600000000000001,4.833333333333333,0.7071067811865475,0.7071067811865476,-0.433883739117558,-0.9009688679024191,A,19.80527777777778,20.399999999999995,69.86111111111111,-0.18083333333333584,-2.716666666666658,0.125,19.895347222222224,20.15722222222222,19.624444444444443,32.69722222222222,0
2023-07-28 06:00:00,3,29.761764705882356,46.970588235294116,1009.6529411764704,20.76235294117647,1.1280669996474588,2.219508067574823,15.78248875432526,0.6749402428530451,331,0.0,7.076470588235294,12.880000000000003,524.0,0.7071067811865476,-0.7071067811865475,-0.433883739117558,-0.9009688679024191,A,19.624444444444443,17.683333333333337,69.98611111111111,1.1379084967320274,12.07843137254902,-23.015522875817,20.046629901960785,20.76235294117647,19.624444444444443,32.69722222222222,1
2023-07-28 12:00:00,3,32.16571428571429,43.48571428571429,1007.5799999999999,31.118000000000002,-1.262640111701868,2.7123931017681624,18.17822367346939,0.9382580978635424,672,0.0,12.557142857142857,16.71,555.1714285714286,-0.7071067811865471,-0.7071067811865479,-0.433883739117558,-0.9009688679024191,A,20.76235294117647,29.761764705882356,46.970588235294116,10.355647058823532,2.403949579831931,-3.4848739495798284,22.827518790849673,31.118000000000002,19.624444444444443,32.16571428571429,2
2023-07-28 18:00:00,3,23.86111111111111,64.22222222222223,1008.8361111111111,26.029722222222226,-0.22376289403663627,1.0587118905080661,8.536975308641974,1.047005586592179,0,0.0,16.533333333333328,3.7799999999999994,24.333333333333332,-0.7071067811865477,0.7071067811865474,-0.433883739117558,-0.9009688679024191,A,31.118000000000002,32.16571428571429,43.48571428571429,-5.088277777777776,-8.304603174603177,20.73650793650794,24.383629901960788,31.118000000000002,19.624444444444443,32.16571428571429,0
2023-07-29 00:00:00,3,20.04705882352941,81.32352941176471,1009.9588235294119,25.145000000000003,-0.10452983518907816,0.43798219935972416,3.744083044982699,1.1947037451089997,0,0.0,8.55294117647059,0.8200000000000001,5.647058823529412,0.7071067811865475,0.7071067811865476,-0.9749279121818236,-0.2225209339563146,A,26.029722222222226,23.86111111111111,64.22222222222223,-0.8847222222222229,-3.814052287581699,17.10130718954248,25.763768790849674,31.118000000000002,20.76235294117647,32.16571428571429,0
2023-07-29 06:00:00,3,32.60277777777778,50.111111111111114,1009.7388888888888,24.39805555555556,-0.14448231178108628,2.4541092432180807,16.265163580246913,0.726072579978507,8,0.0,2.5166666666666666,12.659999999999997,497.6666666666667,0.7071067811865476,-0.7071067811865475,-0.9749279121818236,-0.2225209339563146,A,25.145000000000003,20.04705882352941,81.32352941176471,-0.7469444444444449,12.55571895424837,-31.212418300653596,26.67269444444445,31.118000000000002,24.39805555555556,32.60277777777778,1
2023-07-29 12:00:00,3,34.99714285714286,43.02857142857143,1006.7371428571429,23.669714285714285,-0.09945206058070001,3.2028160037368165,19.93837224489796,0.6575442495436145,-1,0.0,11.657142857142853,17.51,571.2285714285714,-0.7071067811865471,-0.7071067811865479,-0.9749279121818236,-0.2225209339563146,A,24.39805555555556,32.60277777777778,50.111111111111114,-0.7283412698412732,2.3943650793650804,-7.082539682539682,24.81062301587302,26.029722222222226,23.669714285714285,34.99714285714286,0
2023-07-29 18:00:00,3,25.791428571428572,58.9,1007.2800000000001,23.13371428571428,-0.07368712630621274,1.364609256590799,10.600277142857143,0.8634744587821263,0,0.0,18.78571428571429,4.880000000000001,19.97142857142857,-0.7071067811865477,0.7071067811865474,-0.9749279121818236,-0.2225209339563146,A,23.669714285714285,34.99714285714286,43.02857142857143,-0.5360000000000049,-9.20571428571429,15.871428571428567,24.08662103174603,25.145000000000003,23.13371428571428,34.99714285714286,0
2023-07-30 00:00:00,3,20.869444444444447,76.68055555555556,1008.9611111111111,22.738333333333337,-0.06621316616212143,0.5753212657282947,4.866638503086421,1.039730725263559,0,0.0,9.116666666666665,1.08,5.166666666666667,0.7071067811865475,0.7071067811865476,-0.7818314824680299,0.6234898018587334,A,23.13371428571428,25.791428571428572,58.9,-0.3953809523809433,-4.921984126984125,17.78055555555556,23.484954365079364,24.39805555555556,22.738333333333337,34.99714285714286,0
2023-07-30 06:00:00,3,32.43333333333333,48.55555555555556,1008.5444444444443,22.343888888888888,-0.06437865532640406,2.5066059579738913,16.685148148148148,0.66831173147225,1,0.0,4.533333333333334,13.5,526.0,0.7071067811865476,-0.7071067811865475,-0.7818314824680299,0.6234898018587334,A,22.738333333333337,20.869444444444447,76.68055555555556,-0.39444444444444926,11.563888888888883,-28.125,22.9714126984127,23.669714285714285,22.343888888888888,34.99714285714286,0
2023-07-30 12:00:00,3,35.72777777777778,42.138888888888886,1006.1055555555556,22.057777777777783,-0.031403110573481795,3.3865154590116733,20.67248919753087,0.6005747995764635,-1,0.0,2.766666666666667,15.239999999999998,562.8333333333334,-0.7071067811865471,-0.7071067811865479,-0.7818314824680299,0.6234898018587334,A,22.343888888888888,32.43333333333333,48.55555555555556,-0.2861111111111043,3.2944444444444514,-6.416666666666671,22.56842857142857,23.13371428571428,22.057777777777783,35.72777777777778,0
2023-07-30 18:00:00,3,25.871428571428567,68.02857142857142,1007.5628571428573,21.808000000000003,-0.04326528543716157,1.0665592508234685,8.271465306122447,0.8115683147262097,0,0.0,5.742857142857142,1.54,23.142857142857142,-0.7071067811865477,0.7071067811865474,-0.7818314824680299,0.6234898018587334,A,22.057777777777783,35.72777777777778,42.138888888888886,-0.24977777777777987,-9.856349206349215,25.88968253968254,22.237000000000002,22.738333333333337,21.808000000000003,35.72777777777778,0
2023-07-31 00:00:00,3,20.977777777777774,86.97222222222223,1009.1305555555552,21.529444444444444,-0.05373146868928908,0.3235595420551127,2.7329382716049366,0.9796006066734076,0,0.0,7.683333333333334,0.7200000000000001,4.833333333333333,0.7071067811865475,0.7071067811865476,0.0,1.0,A,21.808000000000003,25.871428571428567,68.02857142857142,-0.27855555555555966,-4.893650793650792,18.943650793650804,21.934777777777782,22.343888888888888,21.529444444444444,35.72777777777778,0
2023-07-31 06:00:00,3,31.265714285714292,56.22857142857143,1009.1342857142859,23.996,2.19416627212156,1.9964156289370463,13.68544979591837,0.7436996369432389,528,0.0,10.148571428571428,12.269999999999998,456.45714285714286,0.7071067811865476,-0.7071067811865475,0.0,1.0,A,21.529444444444444,20.977777777777774,86.97222222222223,2.466555555555555,10.287936507936518,-30.7436507936508,22.347805555555556,23.996,21.529444444444444,35.72777777777778,1
2023-07-31 12:00:00,3,34.27499999999999,46.44444444444444,1006.0250000000001,27.807499999999997,-1.5355041601051433,2.8926694856352806,18.356166666666663,0.78830616583983,174,0.0,5.950000000000001,15.72,552.3333333333334,-0.7071067811865471,-0.7071067811865479,0.0,1.0,A,23.996,31.265714285714292,56.22857142857143,3.8114999999999988,3.0092857142856992,-9.784126984126985,23.78523611111111,27.807499999999997,21.529444444444444,34.27499999999999,1
2023-07-31 18:00:00,3,23.538888888888884,73.29166666666667,1005.9722222222222,24.645555555555557,-0.12151622615056847,0.775161936269261,6.286844907407406,1.0043468417477928,0,0.0,4.6333333333333355,1.3800000000000001,21.0,-0.7071067811865477,0.7071067811865474,0.0,1.0,A,27.807499999999997,34.27499999999999,46.44444444444444,-3.1619444444444404,-10.736111111111107,26.84722222222223,24.494625,27.807499999999997,21.529444444444444,34.27499999999999,0
2023-08-01 00:00:00,3,19.683333333333334,73.5,1003.7805555555556,24.03777777777778,-0.08837145025868504,0.6076015172837115,5.216083333333334,1.162181036798281,0,0.0,5.933333333333334,1.0800000000000003,4.166666666666667,0.7071067811865475,0.7071067811865476,0.7818314824680298,0.6234898018587336,A,24.645555555555557,23.538888888888884,73.29166666666667,-0.6077777777777769,-3.8555555555555507,0.2083333333333286,25.121708333333334,27.807499999999997,23.996,34.27499999999999,0
2023-08-01 06:00:00,3,29.631428571428568,50.0,1001.3200000000002,23.40942857142857,-0.13053393074984806,2.077092539404107,14.815714285714284,0.764229083107919,0,0.0,12.517142857142854,13.62,462.22857142857146,0.7071067811865476,-0.7071067811865475,0.7818314824680298,0.6234898018587336,A,24.03777777777778,19.683333333333334,73.5,-0.6283492063492098,9.948095238095235,-23.5,24.975065476190476,27.807499999999997,23.40942857142857,34.27499999999999,0
2023-08-01 12:00:00,3,31.485714285714284,43.7,998.2457142857143,22.733714285714285,-0.10326385062182944,2.6001170115647785,17.72645714285714,0.6998065083553211,0,0.0,19.477142857142855,17.809999999999995,531.7714285714286,-0.7071067811865471,-0.7071067811865479,0.7818314824680298,0.6234898018587336,A,23.40942857142857,29.631428571428568,50.0,-0.6757142857142853,1.8542857142857159,-6.299999999999997,23.70661904761905,24.645555555555557,22.733714285714285,31.485714285714284,0
2023-08-01 18:00:00,3,24.465714285714288,56.357142857142854,999.5657142857142,22.213714285714282,-0.07412914405748812,1.3391162643525683,10.67753673469388,0.8722988892628742,0,0.0,9.525714285714283,2.6899999999999995,20.057142857142857,-0.7071067811865477,0.7071067811865474,0.7818314824680298,0.6234898018587336,A,22.733714285714285,31.485714285714284,43.7,-0.5200000000000031,-7.019999999999996,12.657142857142851,23.09865873015873,24.03777777777778,22.213714285714282,31.485714285714284,0
2023-08-02 00:00:00,3,20.413888888888888,76.56944444444444,1002.5305555555556,21.814444444444444,-0.060003083198227294,0.5620675074559249,4.783087577160494,1.0187054092619017,0,0.0,9.75,0.7200000000000002,4.333333333333333,0.7071067811865475,0.7071067811865476,0.9749279121818236,-0.22252093395631434,A,22.213714285714282,24.465714285714288,56.357142857142854,-0.3992698412698381,-4.0518253968254,20.21230158730159,22.542825396825396,23.40942857142857,21.814444444444444,31.485714285714284,0
2023-08-02 06:00:00,3,30.337142857142855,55.08571428571429,1003.2,21.70657142857143,0.255927480809982,1.9429064519081471,13.62571102040816,0.6926787016776077,231,0.0,10.542857142857144,12.889999999999999,508.54285714285714,0.7071067811865476,-0.7071067811865475,0.9749279121818236,-0.22252093395631434,A,21.814444444444444,20.413888888888888,76.56944444444444,-0.10787301587301457,9.923253968253967,-21.483730158730154,22.117111111111107,22.733714285714285,21.70657142857143,31.485714285714284,1
2023-08-02 12:00:00,3,34.25833333333333,39.763888888888886,1000.2472222222223,29.786944444444444,-2.00418875993482,3.2504911291488674,20.635887731481482,0.8448199795162689,553,0.0,10.883333333333335,17.580000000000002,573.6666666666666,-0.7071067811865471,-0.7071067811865479,0.9749279121818236,-0.22252093395631434,A,21.70657142857143,30.337142857142855,55.08571428571429,8.080373015873015,3.9211904761904783,-15.321825396825403,23.88041865079365,29.786944444444444,21.70657142857143,34.25833333333333,2
2023-08-02 18:00:00,3,25.21388888888889,56.25,1000.8277777777777,24.613888888888887,-0.18774379191199575,1.4036580382723978,11.031076388888888,0.9389636537035074,0,0.0,6.866666666666665,2.04,23.166666666666668,-0.7071067811865477,0.7071067811865474,0.9749279121818236,-0.22252093395631434,A,29.786944444444444,34.25833333333333,39.763888888888886,-5.173055555555557,-9.044444444444444,16.486111111111114,24.480462301587302,29.786944444444444,21.70657142857143,34.25833333333333,0
2023-08-03 00:00:00,3,23.436111111111117,68.68055555555556,1000.9388888888888,23.74388888888889,-0.11410409416404547,0.9033790694968684,7.3400597993827175,0.9716721609639648,0,0.0,6.416666666666667,0.9000000000000001,4.0,0.7071067811865475,0.7071067811865476,0.43388373911755823,-0.900968867902419,A,24.613888888888887,25.21388888888889,56.25,-0.8699999999999974,-1.7777777777777715,12.430555555555557,24.962823412698413,29.786944444444444,21.70657142857143,34.25833333333333,0
2023-08-03 06:00:00,3,33.41212121212121,46.93939393939394,1000.7363636363638,22.611818181818183,-0.2567973502946484,2.731348125371697,17.72867401285583,0.6570887636491723,0,0.0,9.881818181818183,11.52,431.72727272727275,0.7071067811865476,-0.7071067811865475,0.43388373911755823,-0.900968867902419,A,23.74388888888889,23.436111111111117,68.68055555555556,-1.1320707070707066,9.97601010101009,-21.74116161616162,25.1891351010101,29.786944444444444,22.611818181818183,34.25833333333333,0
2023-08-03 12:00:00,3,32.40588235294118,44.61764705882353,1000.2264705882354,21.35235294117647,-0.16574137415351292,2.6943089539113076,17.947140138408304,0.6391794329987673,0,0.0,24.376470588235296,15.85,460.88235294117646,-0.7071067811865471,-0.7071067811865479,0.43388373911755823,-0.900968867902419,A,22.611818181818183,33.41212121212121,46.93939393939394,-1.2594652406417133,-1.00623885918003,-2.3217468805704087,23.080487225193107,24.613888888888887,21.35235294117647,33.41212121212121,0
2023-08-03 18:00:00,3,26.120588235294118,48.55882352941177,1000.5941176470587,20.734411764705882,-0.05968047363195086,1.741528758046457,13.436737889273356,0.764526624010411,0,0.0,12.967647058823529,3.82,20.852941176470587,-0.7071067811865477,0.7071067811865474,0.43388373911755823,-0.900968867902419,A,21.35235294117647,32.40588235294118,44.61764705882353,-0.6179411764705875,-6.285294117647059,3.941176470588239,22.110617944147357,23.74388888888889,20.734411764705882,33.41212121212121,0
2023-08-04 00:00:00,3,21.694285714285712,57.52857142857143,1001.3000000000002,20.384285714285717,-0.0631992735679547,1.1021606995214435,9.213873061224488,0.898212262369382,0,0.0,5.894285714285715,1.0000000000000002,4.285714285714286,0.7071067811865475,0.7071067811865476,-0.433883739117558,-0.9009688679024191,A,20.734411764705882,26.120588235294118,48.55882352941177,-0.3501260504201653,-4.426302521008406,8.969747899159664,21.270717150496562,22.611818181818183,20.384285714285717,33.41212121212121,0
2023-08-04 06:00:00,3,26.254285714285718,50.34285714285714,1002.325714285714,19.84971428571428,-0.11711736313914047,1.6944508984880486,13.037128163265308,0.728315337037425,0,0.0,4.4799999999999995,9.76,355.4,0.7071067811865476,-0.7071067811865475,-0.433883739117558,-0.9009688679024191,A,20.384285714285717,21.694285714285712,57.52857142857143,-0.5345714285714358,4.560000000000006,-7.18571428571429,20.58019117647059,21.35235294117647,19.84971428571428,32.40588235294118,0
2023-08-04 12:00:00,3,26.6,43.86764705882353,1001.5147058823529,19.18470588235294,-0.08941161088608028,1.9548220406893457,14.931205882352941,0.6950980392156862,0,0.0,10.36176470588235,10.700000000000001,293.94117647058823,-0.7071067811865471,-0.7071067811865479,-0.433883739117558,-0.9009688679024191,A,19.84971428571428,26.254285714285718,50.34285714285714,-0.665008403361341,0.3457142857142834,-6.475210084033613,20.038279411764705,20.734411764705882,19.18470588235294,26.6,0
2023-08-04 18:00:00,3,19.71764705882353,73.80882352941177,1003.9882352941177,18.849999999999998,-0.04703348630775119,0.6018006134397045,5.1642837370242205,0.9098523566155592,0,46.19999999999999,8.538235294117646,0.55,5.0,-0.7071067811865477,0.7071067811865474,-0.433883739117558,-0.9009688679024191,A,19.18470588235294,26.6,43.86764705882353,-0.3347058823529423,-6.882352941176471,29.94117647058824,19.567176470588233,20.384285714285717,18.849999999999998,26.6,0
2023-08-05 00:00:00,3,16.63235294117647,92.94117647058823,1003.3911764705886,18.406176470588235,-0.06638777637001021,0.1336264317358844,1.1740484429065758,1.043886572143453,0,59.5,9.502941176470587,0.18,0.7058823529411765,0.7071067811865475,0.7071067811865476,-0.9749279121818236,-0.2225209339563146,A,18.849999999999998,19.71764705882353,73.80882352941177,-0.4438235294117625,-3.0852941176470594,19.132352941176464,19.072649159663865,19.84971428571428,18.406176470588235,26.6,0
2023-08-05 06:00:00,3,23.64857142857143,69.37142857142857,1003.7342857142856,18.26142857142857,0.007607945034045919,0.8948297783388268,7.243219591836738,0.740871681928828,0,5.1,9.957142857142857,7.8199999999999985,315.7142857142857,0.7071067811865476,-0.7071067811865475,-0.9749279121818236,-0.2225209339563146,A,18.406176470588235,16.63235294117647,92.94117647058823,-0.14474789915966468,7.0162184873949585,-23.569747899159665,18.675577731092435,19.18470588235294,18.26142857142857,26.6,0
2023-08-05 12:00:00,3,28.338235294117652,45.6764705882353,1002.1647058823529,18.17705882352941,-0.028964243352478786,2.094179450436478,15.394329584775088,0.6195689223057642,0,0.0,10.805882352941175,12.72,503.52941176470586,-0.7071067811865471,-0.7071067811865479,-0.9749279121818236,-0.2225209339563146,A,18.26142857142857,23.64857142857143,69.37142857142857,-0.08436974789916007,4.689663865546223,-23.69495798319327,18.42366596638655,18.849999999999998,18.17705882352941,28.338235294117652,0
2023-08-05 18:00:00,3,18.71875,72.46875,1002.253125,18.079375000000002,-0.015122037776327868,0.5944359971202986,5.153505859375,0.9168621236133123,0,0.0,8.496875,1.3900000000000001,15.625,-0.7071067811865477,0.7071067811865474,-0.9749279121818236,-0.2225209339563146,A,18.17705882352941,28.338235294117652,45.6764705882353,-0.09768382352940819,-9.619485294117652,26.792279411764703,18.231009716386556,18.406176470588235,18.079375000000002,28.338235294117652,0
2023-08-06 00:00:00,3,16.28857142857143,84.84285714285714,1001.5628571428571,17.999142857142857,-0.012511257302856795,0.28072139822241327,2.468882040816327,1.0411006445215667,0,0.0,9.119999999999997,1.09,3.0,0.7071067811865475,0.7071067811865476,-0.7818314824680299,0.6234898018587334,A,18.079375000000002,18.71875,72.46875,-0.0802321428571453,-2.43017857142857,12.374107142857142,18.12925131302521,18.26142857142857,17.999142857142857,28.338235294117652,0
2023-08-06 06:00:00,3,30.861764705882358,36.64705882352941,1000.65,17.81911764705882,-0.04829707847072945,2.8238666327322806,19.55183564013841,0.5592633619495982,0,0.0,10.352941176470589,12.86,524.9411764705883,0.7071067811865476,-0.7071067811865475,-0.7818314824680299,0.6234898018587334,A,17.999142857142857,16.28857142857143,84.84285714285714,-0.18002521008403605,14.573193277310928,-48.19579831932773,18.018673581932774,18.17705882352941,17.81911764705882,30.861764705882358,0
2023-08-06 12:00:00,3,33.08,21.785714285714285,999.7514285714284,17.628000000000004,-0.023794671231545814,3.9519830663798503,25.873285714285714,0.5172535211267607,0,0.0,20.117142857142863,20.259999999999998,632.2,-0.7071067811865471,-0.7071067811865479,-0.7818314824680299,0.6234898018587334,A,17.81911764705882,30.861764705882358,36.64705882352941,-0.1911176470588174,2.2182352941176404,-14.861344537815128,17.881408876050422,18.079375000000002,17.628000000000004,33.08,0
2023-08-06 18:00:00,3,19.338235294117652,47.88235294117647,1003.5705882352942,17.56764705882353,-0.00533842466130467,1.1696199186988687,10.078633217993083,0.8637744034707155,0,0.0,14.158823529411764,4.91,23.294117647058822,-0.7071067811865477,0.7071067811865474,-0.7818314824680299,0.6234898018587334,A,17.628000000000004,33.08,21.785714285714285,-0.06035294117647538,-13.741764705882346,26.096638655462186,17.753476890756303,17.999142857142857,17.56764705882353,33.08,0
2023-08-07 00:00:00,3,11.60285714285714,82.17142857142858,1006.9771428571428,17.498857142857144,-0.012995630863481948,0.2435835785625582,2.068623673469387,1.3884833371117664,0,0.0,8.817142857142855,1.4000000000000004,3.142857142857143,0.7071067811865475,0.7071067811865476,0.0,1.0,A,17.56764705882353,19.338235294117652,47.88235294117647,-0.06878991596638429,-7.735378151260512,34.28907563025211,17.628405462184876,17.81911764705882,17.498857142857144,33.08,0
2023-08-07 06:00:00,3,28.06857142857143,30.714285714285715,1007.6342857142859,17.35,-0.03281847271261171,2.629426439973595,19.447510204081635,0.5968645567131905,0,0.0,16.374285714285712,14.890000000000002,540.3714285714286,0.7071067811865476,-0.7071067811865475,0.0,1.0,A,17.498857142857144,11.60285714285714,82.17142857142858,-0.14885714285714258,16.46571428571429,-51.45714285714286,17.51112605042017,17.628000000000004,17.35,33.08,0
2023-08-07 12:00:00,3,31.746875000000003,21.078125,1007.403125,17.255312500000002,0.00041115175349421625,3.6992142161612858,25.055229003906252,0.5269300505773452,0,0.0,15.1875,17.35,649.6875,-0.7071067811865471,-0.7071067811865479,0.0,1.0,A,17.35,28.06857142857143,30.714285714285715,-0.09468749999999915,3.6783035714285717,-9.636160714285715,17.41795417542017,17.56764705882353,17.255312500000002,31.746875000000003,0
2023-08-07 18:00:00,3,17.62222222222222,47.27777777777778,1010.311111111111,17.246111111111116,-0.0077815976657824755,1.0626001975615025,9.290827160493826,0.9261038186157522,0,0.0,9.449999999999996,3.3600000000000003,21.833333333333332,-0.7071067811865477,0.7071067811865474,0.0,1.0,A,17.255312500000002,31.746875000000003,21.078125,-0.009201388888886441,-14.124652777777783,26.19965277777778,17.337570188492066,17.498857142857144,17.246111111111116,31.746875000000003,0
2023-08-08 00:00:00,3,13.81764705882353,60.60294117647059,1012.114705882353,17.185294117647057,-0.013247891284259329,0.6223890150294571,5.4437465397923885,1.1597856292179434,0,0.0,5.600000000000001,0.8600000000000001,3.5294117647058822,0.7071067811865475,0.7071067811865476,0.7818314824680298,0.6234898018587336,A,17.246111111111116,17.62222222222222,47.27777777777778,-0.060816993464058555,-3.80457516339869,13.325163398692808,17.259179432189544,17.35,17.185294117647057,31.746875000000003,0
2023-08-08 06:00:00,3,27.72647058823529,38.38235294117647,1012.5382352941175,20.18235294117647,2.0012145198908704,2.2922658869084893,17.084398788927334,0.702569878161155,401,0.0,3.152941176470588,12.04,553.2352941176471,0.7071067811865476,-0.7071067811865475,0.7818314824680298,0.6234898018587336,A,17.185294117647057,13.81764705882353,60.60294117647059,2.9970588235294144,13.90882352941176,-22.220588235294116,17.96726766748366,20.18235294117647,17.185294117647057,31.746875000000003,1
2023-08-08 12:00:00,3,32.54285714285714,29.857142857142858,1010.1885714285715,22.247428571428575,-0.4807019623217732,3.4388180961349337,22.826489795918363,0.663253833049404,0,0.0,5.977142857142858,15.97,612.6571428571428,-0.7071067811865471,-0.7071067811865479,0.7818314824680298,0.6234898018587336,A,20.18235294117647,27.72647058823529,38.38235294117647,2.065075630252103,4.816386554621847,-8.525210084033613,19.215296685340807,22.247428571428575,17.185294117647057,32.54285714285714,0
2023-08-08 18:00:00,3,18.241666666666667,60.083333333333336,1011.4249999999998,21.100833333333338,-0.043045375547246204,0.836478187404605,7.281465277777778,1.0966219142485927,0,0.0,6.983333333333334,2.16,18.666666666666668,-0.7071067811865477,0.7071067811865474,0.7818314824680298,0.6234898018587336,A,22.247428571428575,32.54285714285714,29.857142857142858,-1.1465952380952373,-14.30119047619047,30.226190476190478,20.17897724089636,22.247428571428575,17.185294117647057,32.54285714285714,0
2023-08-09 00:00:00,3,16.825000000000003,58.583333333333336,1011.9138888888888,20.828055555555558,-0.05876256015455081,0.7936857357760303,6.968354166666668,1.1684743649680536,0,0.0,4.483333333333334,0.6000000000000001,3.1666666666666665,0.7071067811865475,0.7071067811865476,0.9749279121818236,-0.22252093395631434,A,21.100833333333338,18.241666666666667,60.083333333333336,-0.27277777777777956,-1.4166666666666643,-1.5,21.089667600373485,22.247428571428575,20.18235294117647,32.54285714285714,0
2023-08-09 06:00:00,3,29.027272727272727,38.89393939393939,1011.9363636363637,20.083636363636362,-0.1850699351539873,2.4515722002876164,17.737422865013773,0.6688465031789282,0,0.0,3.963636363636364,10.47,466.030303030303,0.7071067811865476,-0.7071067811865475,0.9749279121818236,-0.22252093395631434,A,20.828055555555558,16.825000000000003,58.583333333333336,-0.7444191919191958,12.202272727272724,-19.689393939393945,21.06498845598846,22.247428571428575,20.083636363636362,32.54285714285714,0
2023-08-09 12:00:00,3,34.38235294117648,30.485294117647058,1009.3470588235293,19.229705882352942,-0.08284002460113124,3.777118424340544,23.900791522491353,0.5434829592684953,0,0.0,4.270588235294118,14.489999999999998,579.8529411764706,-0.7071067811865471,-0.7071067811865479,0.9749279121818236,-0.22252093395631434,A,20.083636363636362,29.027272727272727,38.89393939393939,-0.8539304812834203,5.355080213903751,-8.408645276292333,20.31055778371955,21.100833333333338,19.229705882352942,34.38235294117648,0
2023-08-09 18:00:00,3,21.61111111111111,61.31944444444444,1011.3416666666666,18.975833333333338,-0.017635756457963232,0.9986955971759566,8.359297839506175,0.8392260442260444,0,0.0,5.666666666666666,1.56,18.333333333333332,-0.7071067811865477,0.7071067811865474,0.9749279121818236,-0.22252093395631434,A,19.229705882352942,34.38235294117648,30.485294117647058,-0.2538725490196043,-12.771241830065367,30.834150326797385,19.77930778371955,20.828055555555558,18.975833333333338,34.38235294117648,0
2023-08-10 00:00:00,3,16.094117647058823,81.52941176470588,1013.5588235294117,18.844117647058823,-0.028298906195892017,0.3378725606073323,2.9726782006920414,1.10237439779766,0,0.0,6.970588235294118,0.23,2.5,0.7071067811865475,0.7071067811865476,0.43388373911755823,-0.900968867902419,A,18.975833333333338,21.61111111111111,61.31944444444444,-0.13171568627451435,-5.5169934640522875,20.20996732026144,19.283323306595367,20.083636363636362,18.844117647058823,34.38235294117648,0
2023-08-10 06:00:00,3,30.264705882352942,48.13235294117647,1014.2205882352941,18.553823529411762,-0.06349169907490833,2.2344136692913246,15.697590830449828,0.5934430856067732,0,0.0,8.358823529411763,11.69,494.44117647058823,0.7071067811865476,-0.7071067811865475,0.43388373911755823,-0.900968867902419,A,18.844117647058823,16.094117647058823,81.52941176470588,-0.29029411764706126,14.170588235294119,-33.39705882352941,18.900870098039217,19.229705882352942,18.553823529411762,34.38235294117648,0
2023-08-10 12:00:00,3,33.91470588235295,38.544117647058826,1012.535294117647,18.28058823529412,-0.0331827956407846,3.2535055057997933,20.842581747404846,0.5235784685367701,0,0.0,8.491176470588236,16.55,606.9117647058823,-0.7071067811865471,-0.7071067811865479,0.43388373911755823,-0.900968867902419,A,18.553823529411762,30.264705882352942,48.13235294117647,-0.2732352941176437,3.6500000000000057,-9.588235294117645,18.66359068627451,18.975833333333338,18.28058823529412,33.91470588235295,0
2023-08-10 18:00:00,3,24.485714285714284,60.05714285714286,1014.8914285714285,18.131428571428575,-0.01426251229649697,1.2270540399024406,9.78029387755102,0.7114349775784755,0,0.0,11.711428571428574,3.3399999999999994,13.2,-0.7071067811865477,0.7071067811865474,0.43388373911755823,-0.900968867902419,A,18.28058823529412,33.91470588235295,38.544117647058826,-0.14915966386554302,-9.428991596638664,21.51302521008403,18.452489495798318,18.844117647058823,18.131428571428575,33.91470588235295,0
2023-08-11 00:00:00,3,19.511764705882353,78.20588235294117,1016.8205882352942,18.040588235294116,-0.016344242779294298,0.49440783264401,4.252416955017303,0.8795239460854603,0,0.0,6.823529411764706,0.8,2.823529411764706,0.7071067811865475,0.7071067811865476,-0.433883739117558,-0.9009688679024191,A,18.131428571428575,24.485714285714284,60.05714285714286,-0.09084033613445897,-4.973949579831931,18.148739495798317,18.251607142857143,18.553823529411762,18.040588235294116,33.91470588235295,0
2023-08-11 06:00:00,3,32.0,44.955882352941174,1017.5617647058823,17.889705882352942,-0.044102880039968324,2.61722416297176,17.614117647058826,0.5421122994652406,0,0.0,7.829411764705882,12.399999999999999,506.0882352941176,0.7071067811865476,-0.7071067811865475,-0.433883739117558,-0.9009688679024191,A,18.040588235294116,19.511764705882353,78.20588235294117,-0.15088235294117425,12.488235294117647,-33.25,18.08557773109244,18.28058823529412,17.889705882352942,33.91470588235295,0
2023-08-11 12:00:00,3,34.99666666666667,39.233333333333334,1015.7466666666667,25.325666666666663,2.328451113246701,3.416086535509813,21.266307777777776,0.7035558848041483,564,0.0,10.063333333333336,14.399999999999999,581.3,-0.7071067811865471,-0.7071067811865479,-0.433883739117558,-0.9009688679024191,A,17.889705882352942,32.0,44.955882352941174,7.435960784313721,2.9966666666666697,-5.72254901960784,19.846847338935575,25.325666666666663,17.889705882352942,34.99666666666667,2
2023-08-11 18:00:00,3,24.116666666666667,62.72222222222222,1017.0555555555558,24.804722222222225,-0.2985890308906417,1.120151197823681,8.990157407407407,0.9875801813758018,0,0.0,10.266666666666666,3.059999999999999,17.5,-0.7071067811865477,0.7071067811865474,-0.433883739117558,-0.9009688679024191,A,25.325666666666663,34.99666666666667,39.233333333333334,-0.5209444444444387,-10.880000000000003,23.488888888888887,21.51517075163399,25.325666666666663,17.889705882352942,34.99666666666667,0
2023-08-12 00:00:00,3,17.885714285714286,82.64285714285714,1017.8771428571428,23.721714285714285,-0.11970440905208918,0.35568329626500117,3.104448979591837,1.2560665658093797,0,0.0,5.968571428571428,0.4800000000000001,2.5714285714285716,0.7071067811865475,0.7071067811865476,-0.9749279121818236,-0.2225209339563146,A,24.804722222222225,24.116666666666667,62.72222222222222,-1.08300793650794,-6.230952380952381,19.920634920634917,22.93545226423903,25.325666666666663,17.889705882352942,34.99666666666667,0
2023-08-12 06:00:00,3,32.099999999999994,46.357142857142854,1016.8571428571427,22.16085714285714,-0.36743900988049377,2.565045955633063,17.21935714285714,0.6695123003884333,0,0.0,3.3285714285714287,12.12,496.4,0.7071067811865476,-0.7071067811865475,-0.9749279121818236,-0.2225209339563146,A,23.721714285714285,17.885714285714286,82.64285714285714,-1.5608571428571452,14.214285714285708,-36.285714285714285,24.003240079365078,25.325666666666663,22.16085714285714,34.99666666666667,0
2023-08-12 12:00:00,3,35.75454545454545,39.18181818181818,1013.3030303030303,20.772727272727273,-0.1400213278299016,3.564829532299198,21.745264462809914,0.5651743754637646,0,0.0,5.8969696969696965,14.760000000000002,562.3030303030303,-0.7071067811865471,-0.7071067811865479,-0.9749279121818236,-0.2225209339563146,A,22.16085714285714,32.099999999999994,46.357142857142854,-1.388129870129866,3.654545454545456,-7.175324675324674,22.86500523088023,24.804722222222225,20.772727272727273,35.75454545454545,0
2023-08-12 18:00:00,3,25.282857142857143,64.0,1014.4171428571431,20.377428571428574,-0.024043401285878046,1.159755708117311,9.101828571428571,0.7753125339710839,0,0.0,8.654285714285713,2.7,15.942857142857143,-0.7071067811865477,0.7071067811865474,-0.9749279121818236,-0.2225209339563146,A,20.772727272727273,35.75454545454545,39.18181818181818,-0.3952987012986995,-10.471688311688307,24.81818181818182,21.758181818181818,23.721714285714285,20.377428571428574,35.75454545454545,0
2023-08-13 00:00:00,3,19.758333333333333,82.70833333333333,1015.3499999999998,20.20888888888889,-0.037629083870091964,0.3983185364791839,3.41654513888889,0.9735313796333468,0,0.0,5.2333333333333325,0.6600000000000001,2.3333333333333335,0.7071067811865475,0.7071067811865476,-0.7818314824680299,0.6234898018587334,A,20.377428571428574,25.282857142857143,64.0,-0.16853968253968432,-5.52452380952381,18.70833333333333,20.879975468975466,22.16085714285714,20.20888888888889,35.75454545454545,0
2023-08-13 06:00:00,3,33.39722222222222,46.59722222222222,1014.7166666666667,19.83972222222222,-0.08936366311239861,2.746672245698781,17.83504436728395,0.5767826859404022,0,0.0,5.1833333333333345,13.199999999999998,492.6666666666667,0.7071067811865476,-0.7071067811865475,-0.7818314824680299,0.6234898018587334,A,20.20888888888889,19.758333333333333,82.70833333333333,-0.3691666666666684,13.638888888888886,-36.11111111111111,20.29969173881674,20.772727272727273,19.83972222222222,35.75454545454545,0
2023-08-13 12:00:00,3,36.80882352941177,39.294117647058826,1011.8941176470587,19.420294117647053,-0.04332405341007546,3.7696955078602925,22.345121107266436,0.5136444963049395,0,0.0,6.635294117647058,15.79,570.4117647058823,-0.7071067811865471,-0.7071067811865479,-0.7818314824680299,0.6234898018587334,A,19.83972222222222,33.39722222222222,46.59722222222222,-0.419428104575168,3.4116013071895495,-7.303104575163395,19.961583450046685,20.377428571428574,19.420294117647053,36.80882352941177,0
2023-08-13 18:00:00,3,26.231428571428573,64.37142857142857,1012.8285714285714,19.23714285714286,-0.02456601610087269,1.2141153354799141,9.345883265306124,0.706431644108698,0,0.0,8.519999999999998,2.74,13.142857142857142,-0.7071067811865477,0.7071067811865474,-0.7818314824680299,0.6234898018587334,A,19.420294117647053,36.80882352941177,39.294117647058826,-0.18315126050419295,-10.577394957983195,25.07731092436974,19.676512021475254,20.20888888888889,19.23714285714286,36.80882352941177,0
2023-08-14 00:00:00,3,20.741176470588236,83.69117647058823,1013.9794117647058,19.094117647058823,-0.030970019007941618,0.3991976554994645,3.3826418685121107,0.8782467532467532,0,0.0,5.18235294117647,0.41000000000000003,1.911764705882353,0.7071067811865475,0.7071067811865476,0.0,1.0,A,19.23714285714286,26.231428571428573,64.37142857142857,-0.143025210084037,-5.490252100840337,19.319747899159665,19.39781921101774,19.83972222222222,19.094117647058823,36.80882352941177,0
2023-08-14 06:00:00,3,34.17647058823529,46.63235294117647,1013.8705882352941,18.847058823529416,-0.05457042148898766,2.866775987382313,18.239178200692038,0.5357859531772577,0,0.0,5.391176470588235,12.690000000000001,504.47058823529414,0.7071067811865476,-0.7071067811865475,0.0,1.0,A,19.094117647058823,20.741176470588236,83.69117647058823,-0.24705882352940733,13.435294117647054,-37.05882352941176,19.149653361344537,19.420294117647053,18.847058823529416,36.80882352941177,0
2023-08-14 12:00:00,3,33.46111111111111,42.72222222222222,1011.886111111111,23.405833333333334,0.7492092284682974,2.9565183066721397,19.165780864197533,0.6791955505400613,306,0.0,7.6000000000000005,15.3,493.8333333333333,-0.7071067811865471,-0.7071067811865479,0.0,1.0,A,18.847058823529416,34.17647058823529,46.63235294117647,4.558774509803918,-0.7153594771241814,-3.9101307189542496,20.14603816526611,23.405833333333334,18.847058823529416,34.17647058823529,1
2023-08-14 18:00:00,3,23.994444444444444,70.30555555555556,1013.3027777777778,22.71222222222222,-0.15564725188782536,0.8857622990928173,7.125016975308642,0.9086908201822627,0,0.0,8.133333333333335,2.9399999999999995,14.0,-0.7071067811865477,0.7071067811865474,0.0,1.0,A,23.405833333333334,33.46111111111111,42.72222222222222,-0.6936111111111138,-9.466666666666665,27.583333333333336,21.01480800653595,23.405833333333334,18.847058823529416,34.17647058823529,0
2023-08-15 00:00:00,3,20.91142857142857,81.87142857142857,1014.0828571428572,21.996,-0.09051356303819454,0.4484114994430457,3.790943265306124,1.0038596948754728,0,0.0,5.531428571428571,0.97,2.057142857142857,0.7071067811865475,0.7071067811865476,0.7818314824680298,0.6234898018587336,A,22.71222222222222,23.994444444444444,70.30555555555556,-0.7162222222222212,-3.0830158730158743,11.56587301587301,21.740278594771244,23.405833333333334,18.847058823529416,34.17647058823529,0
2023-08-15 06:00:00,3,33.52285714285714,46.22857142857143,1013.3628571428573,21.09342857142857,-0.19190305887124479,2.785124906947768,18.02571918367347,0.6109989241082513,0,0.0,3.76,12.41,490.6857142857143,0.7071067811865476,-0.7071067811865475,0.7818314824680298,0.6234898018587336,A,21.996,20.91142857142857,81.87142857142857,-0.9025714285714272,12.611428571428572,-35.64285714285714,22.301871031746032,23.405833333333334,21.09342857142857,33.52285714285714,0
2023-08-15 12:00:00,3,36.83030303030303,36.57575757575758,1010.1606060606061,20.253636363636364,-0.08510884885630013,3.9431159784251877,23.359340679522496,0.5353812880487023,0,0.0,3.1666666666666665,13.79,533.6969696969697,-0.7071067811865471,-0.7071067811865479,0.7818314824680298,0.6234898018587336,A,21.09342857142857,33.52285714285714,46.22857142857143,-0.8397922077922075,3.307445887445887,-9.65281385281385,21.51382178932179,22.71222222222222,20.253636363636364,36.83030303030303,0
2023-08-15 18:00:00,3,25.541666666666668,63.208333333333336,1011.947222222222,20.005833333333342,-0.017681877182655268,1.2036150251517164,9.397204861111112,0.7537519623233911,0,0.0,6.150000000000001,1.62,12.333333333333334,-0.7071067811865477,0.7071067811865474,0.7818314824680298,0.6234898018587336,A,20.253636363636364,36.83030303030303,36.57575757575758,-0.24780303030302164,-11.28863636363636,26.632575757575758,20.837224567099568,21.996,20.005833333333342,36.83030303030303,0
2023-08-16 00:00:00,3,20.494285714285713,82.82857142857142,1013.6314285714287,19.822,-0.02868528048637603,0.41396736553094104,3.5191616326530633,0.9221985909876379,0,5.4,3.6314285714285712,0.0,1.8857142857142857,0.7071067811865475,0.7071067811865476,0.9749279121818236,-0.22252093395631434,A,20.005833333333342,25.541666666666668,63.208333333333336,-0.18383333333334306,-5.047380952380955,19.620238095238086,20.29372456709957,21.09342857142857,19.822,36.83030303030303,0
2023-08-16 06:00:00,3,32.048484848484854,52.31818181818182,1013.751515151515,19.552727272727275,-0.07012086798022943,2.273382394633878,15.281300275482096,0.5916376306620209,0,0.0,5.330303030303029,10.74,447.27272727272725,0.7071067811865476,-0.7071067811865475,0.9749279121818236,-0.22252093395631434,A,19.822,20.494285714285713,82.82857142857142,-0.26927272727272467,11.554199134199141,-30.510389610389602,19.908549242424243,20.253636363636364,19.552727272727275,36.83030303030303,0
2023-08-16 12:00:00,3,36.854838709677416,34.225806451612904,1010.7032258064515,19.213870967741936,-0.02850846182447056,4.09468834794678,24.240972944849112,0.5075671069450363,0,0.0,4.6322580645161295,12.829999999999998,515.5483870967741,-0.7071067811865471,-0.7071067811865479,0.9749279121818236,-0.22252093395631434,A,19.552727272727275,32.048484848484854,52.31818181818182,-0.33885630498533814,4.806353861192562,-18.092375366568916,19.648607893450638,20.005833333333342,19.213870967741936,36.854838709677416,0
2023-08-16 18:00:00,3,24.61818181818182,63.57575757575758,1011.8757575757576,19.105454545454545,-0.02272316771772539,1.127855900155655,8.966986225895319,0.7457771469127039,0,0.0,4.5242424242424235,1.0599999999999998,13.0,-0.7071067811865477,0.7071067811865474,0.9749279121818236,-0.22252093395631434,A,19.213870967741936,36.854838709677416,34.225806451612904,-0.1084164222873909,-12.236656891495596,29.349951124144674,19.42351319648094,19.822,19.105454545454545,36.854838709677416,0
2023-08-17 00:00:00,3,20.96666666666667,78.27777777777777,1012.9555555555556,18.956666666666667,-0.01862960792439349,0.5391277114084119,4.554425925925928,0.8629742033383915,0,7.200000000000001,11.466666666666665,0.9600000000000001,1.5,0.7071067811865475,0.7071067811865476,0.43388373911755823,-0.900968867902419,A,19.105454545454545,24.61818181818182,63.57575757575758,-0.14878787878787847,-3.6515151515151523,14.702020202020194,19.207179863147605,19.552727272727275,18.956666666666667,36.854838709677416,0
2023-08-17 06:00:00,3,34.08235294117647,44.35294117647059,1012.0470588235294,18.763529411764708,-0.044674035155102106,2.97361148540017,18.965826989619373,0.5348423876592892,0,0.0,3.920588235294117,11.219999999999999,461.7352941176471,0.7071067811865476,-0.7071067811865475,0.43388373911755823,-0.900968867902419,A,18.956666666666667,20.96666666666667,78.27777777777777,-0.1931372549019592,13.115686274509798,-33.924836601307184,19.009880397906965,19.213870967741936,18.763529411764708,36.854838709677416,0
2023-08-17 12:00:00,3,30.475757575757573,55.45454545454545,1010.1393939393939,18.66727272727273,0.008982495051949884,1.9422862053993248,13.575564738292009,0.5930682583999232,0,4.8,9.121212121212121,9.54,378.93939393939394,-0.7071067811865471,-0.7071067811865479,0.43388373911755823,-0.900968867902419,A,18.763529411764708,34.08235294117647,44.35294117647059,-0.09625668449197633,-3.606595365418894,11.101604278074866,18.873230837789663,19.105454545454545,18.66727272727273,34.08235294117647,0
2023-08-17 18:00:00,3,23.925714285714285,68.97142857142858,1011.5628571428571,18.658857142857144,-0.008420272408869956,0.9217467448309118,7.4238073469387755,0.7485786336542871,0,0.0,4.997142857142856,0.54,11.657142857142857,-0.7071067811865477,0.7071067811865474,0.43388373911755823,-0.900968867902419,A,18.66727272727273,30.475757575757573,55.45454545454545,-0.008415584415587318,-6.550043290043288,13.516883116883122,18.76158148714031,18.956666666666667,18.658857142857144,34.08235294117647,0
2023-08-18 00:00:00,3,20.720588235294116,76.25,1012.2323529411763,18.597647058823526,-0.01460703158472411,0.5806020947238073,4.921139705882354,0.8562220717670954,0,0.0,4.223529411764707,0.10999999999999999,1.4705882352941178,0.7071067811865475,0.7071067811865476,-0.433883739117558,-0.9009688679024191,A,18.658857142857144,23.925714285714285,68.97142857142858,-0.06121008403361827,-3.2051260504201693,7.278571428571425,18.671826585179527,18.763529411764708,18.597647058823526,34.08235294117647,0
2023-08-18 06:00:00,3,33.130303030303025,46.46969696969697,1012.0424242424243,18.673636363636366,0.17054420831460826,2.712396257997007,17.73475160697888,0.5471277634733198,211,0.0,3.6181818181818177,11.33,471.3333333333333,0.7071067811865476,-0.7071067811865475,-0.433883739117558,-0.9009688679024191,A,18.597647058823526,20.720588235294116,76.25,0.07598930481283972,12.40971479500891,-29.78030303030303,18.649353323147444,18.673636363636366,18.597647058823526,33.130303030303025,1
2023-08-18 12:00:00,3,37.37428571428571,38.042857142857144,1009.6885714285712,30.247142857142855,-2.55865677768222,3.967655624377262,23.156039591836734,0.7882138336683792,385,0.0,6.828571428571429,15.620000000000001,543.8285714285714,-0.7071067811865471,-0.7071067811865479,-0.433883739117558,-0.9009688679024191,A,18.673636363636366,33.130303030303025,46.46969696969697,11.573506493506489,4.243982683982686,-8.426839826839824,21.544320855614973,30.247142857142855,18.597647058823526,37.37428571428571,1
2023-08-18 18:00:00,3,26.11470588235294,65.45588235294117,1011.3411764705884,24.537352941176472,-0.187329491473519,1.1690766344015118,9.02109472318339,0.9049463065408396,0,0.0,7.5176470588235285,1.6800000000000002,9.176470588235293,-0.7071067811865477,0.7071067811865474,-0.433883739117558,-0.9009688679024191,A,30.247142857142855,37.37428571428571,38.042857142857144,-5.7097899159663825,-11.259579831932772,27.41302521008403,23.013944805194804,30.247142857142855,18.597647058823526,37.37428571428571,0
2023-08-19 00:00:00,3,21.460606060606054,79.75757575757575,1012.560606060606,23.741515151515152,-0.11150174520363716,0.5178507903428748,4.3441469237832875,1.0570291419320026,0,0.0,3.706060606060606,0.12,1.3636363636363635,0.7071067811865475,0.7071067811865476,-0.9749279121818236,-0.2225209339563146,A,24.537352941176472,26.11470588235294,65.45588235294117,-0.79583778966132,-4.654099821746886,14.301693404634577,24.299911828367712,30.247142857142855,18.673636363636366,37.37428571428571,0
2023-08-19 06:00:00,3,34.24411764705882,48.73529411764706,1012.6823529411766,22.66205882352941,-0.2452394233933898,2.764186969192627,17.555146193771627,0.6430025869982475,0,0.0,2.7058823529411766,11.52,470.1764705882353,0.7071067811865476,-0.7071067811865475,-0.9749279121818236,-0.2225209339563146,A,23.741515151515152,21.460606060606054,79.75757575757575,-1.079456327985742,12.783511586452768,-31.022281639928693,25.29701744334097,30.247142857142855,22.66205882352941,37.37428571428571,0
2023-08-19 12:00:00,3,38.741666666666674,36.93055555555556,1010.8694444444445,21.72972222222222,-0.04755947645008661,4.34869649162901,24.43415393518519,0.5467743062836372,0,0.0,5.233333333333334,16.68,570.8333333333334,-0.7071067811865471,-0.7071067811865479,-0.9749279121818236,-0.2225209339563146,A,22.66205882352941,34.24411764705882,48.73529411764706,-0.9323366013071883,4.4975490196078525,-11.8047385620915,23.167662284610813,24.537352941176472,21.72972222222222,38.741666666666674,0
2023-08-19 18:00:00,3,24.80833333333333,67.70833333333333,1012.9861111111113,21.59555555555555,-0.02502429301179961,1.0113077389694718,8.011024305555557,0.8367667635346032,0,0.0,7.083333333333333,2.1599999999999993,12.5,-0.7071067811865477,0.7071067811865474,-0.9749279121818236,-0.2225209339563146,A,21.72972222222222,38.741666666666674,36.93055555555556,-0.13416666666667254,-13.933333333333344,30.77777777777777,22.432212938205584,23.741515151515152,21.59555555555555,38.741666666666674,0
2023-08-20 00:00:00,3,20.288235294117644,84.51470588235294,1014.9411764705884,21.424117647058818,-0.05331329732344584,0.36860096925470387,3.141692906574393,1.0063829787234042,0,0.0,6.470588235294117,0.6800000000000002,1.411764705882353,0.7071067811865475,0.7071067811865476,-0.7818314824680299,0.6234898018587334,A,21.59555555555555,24.80833333333333,67.70833333333333,-0.17143790849673124,-4.520098039215686,16.806372549019613,21.8528635620915,22.66205882352941,21.424117647058818,38.741666666666674,0
2023-08-20 06:00:00,3,35.247058823529414,45.26470588235294,1015.0323529411764,21.13529411764706,-0.033537369989566246,3.1198655735333456,19.292581314878895,0.583089905874716,0,0.0,6.235294117647061,12.790000000000001,484.61764705882354,0.7071067811865476,-0.7071067811865475,-0.7818314824680299,0.6234898018587334,A,21.424117647058818,20.288235294117644,84.51470588235294,-0.2888235294117578,14.95882352941177,-39.25,21.471172385620914,21.72972222222222,21.13529411764706,38.741666666666674,0
2023-08-20 12:00:00,3,38.33714285714286,35.885714285714286,1012.9314285714286,20.851142857142857,-0.03961803709227358,4.325460957882802,24.57958530612245,0.5300624636839047,0,0.0,12.248571428571427,17.970000000000002,553.8857142857142,-0.7071067811865471,-0.7071067811865479,-0.7818314824680299,0.6234898018587334,A,21.13529411764706,35.247058823529414,45.26470588235294,-0.2841512605042027,3.0900840336134436,-9.378991596638656,21.25152754435107,21.59555555555555,20.851142857142857,38.33714285714286,0
2023-08-20 18:00:00,3,27.294117647058826,59.36764705882353,1015.1852941176471,20.636470588235294,-0.02750960675951465,1.4738673520704975,11.090242214532875,0.7293555093555093,0,0.0,9.241176470588233,3.079999999999999,12.0,-0.7071067811865477,0.7071067811865474,-0.7818314824680299,0.6234898018587334,A,20.851142857142857,38.33714285714286,35.885714285714286,-0.21467226890756308,-11.043025210084032,23.481932773109243,21.011756302521007,21.424117647058818,20.636470588235294,38.33714285714286,0
2023-08-21 00:00:00,3,22.919999999999998,71.98571428571428,1016.7085714285713,20.415142857142857,-0.03612837766558807,0.783243620381127,6.420874285714287,0.8534758719541329,0,0.0,3.9800000000000004,0.48000000000000004,1.3714285714285714,0.7071067811865475,0.7071067811865476,0.0,1.0,A,20.636470588235294,27.294117647058826,59.36764705882353,-0.22132773109243686,-4.374117647058828,12.618067226890751,20.75951260504202,21.13529411764706,20.415142857142857,38.33714285714286,0
2023-08-21 06:00:00,3,36.56060606060607,40.696969696969695,1016.2303030303032,20.185757575757577,-0.03988778330531859,3.633015726544228,21.681547291092752,0.5374183138362242,0,0.0,4.578787878787878,11.670000000000002,460.3939393939394,0.7071067811865476,-0.7071067811865475,0.0,1.0,A,20.415142857142857,22.919999999999998,71.98571428571428,-0.22938528138528014,13.640606060606071,-31.288744588744585,20.522128469569644,20.851142857142857,20.185757575757577,38.33714285714286,0
2023-08-21 12:00:00,3,39.4625,33.015625,1013.3499999999999,20.020625000000003,-0.01005408479730992,4.800722096333896,26.433708984375002,0.4947945628668521,0,0.0,8.8625,15.57,555.78125,-0.7071067811865471,-0.7071067811865479,0.0,1.0,A,20.185757575757577,36.56060606060607,40.696969696969695,-0.16513257575757478,2.901893939393929,-7.6813446969696955,20.314499005283935,20.636470588235294,20.020625000000003,39.4625,0
2023-08-21 18:00:00,3,24.84285714285714,64.85714285714286,1014.1885714285714,19.933142857142855,-0.03970814940242557,1.1028697337082929,8.730489795918366,0.7713211719181868,0,0.0,7.208571428571429,2.2199999999999993,11.657142857142857,-0.7071067811865477,0.7071067811865474,0.0,1.0,A,20.020625000000003,39.4625,33.015625,-0.08748214285714795,-14.619642857142857,31.84151785714286,20.13866707251082,20.415142857142857,19.933142857142855,39.4625,0
2023-08-22 00:00:00,3,22.81111111111111,69.08333333333333,1014.4250000000001,19.75833333333334,-0.016087135725750212,0.8587104182570418,7.052435185185185,0.8297946803546433,0,0.0,4.616666666666666,0.66,1.1666666666666667,0.7071067811865475,0.7071067811865476,0.7818314824680298,0.6234898018587336,A,19.933142857142855,24.84285714285714,64.85714285714286,-0.17480952380951464,-2.0317460317460316,4.226190476190467,19.974464691558445,20.185757575757577,19.75833333333334,39.4625,0
2023-08-22 06:00:00,3,36.45882352941176,40.51470588235294,1014.0176470588235,30.793529411764705,1.5275765793497402,3.6239626278553274,21.687638408304494,0.8220634422110554,901,0.0,2.6176470588235294,11.669999999999998,462.9117647058824,0.7071067811865476,-0.7071067811865475,0.7818314824680298,0.6234898018587336,A,19.75833333333334,22.81111111111111,69.08333333333333,11.035196078431365,13.64771241830065,-28.568627450980387,22.626407650560225,30.793529411764705,19.75833333333334,39.4625,2
2023-08-22 12:00:00,3,40.39166666666667,32.30555555555556,1011.0000000000002,24.851388888888888,-0.5468520856954662,5.098047618145058,27.342914351851853,0.6003959465807662,0,0.0,8.43333333333333,17.519999999999996,546.6666666666666,-0.7071067811865471,-0.7071067811865479,0.7818314824680298,0.6234898018587336,A,30.793529411764705,36.45882352941176,40.51470588235294,-5.9421405228758175,3.9328431372549133,-8.209150326797385,23.83409862278245,30.793529411764705,19.75833333333334,40.39166666666667,0
2023-08-22 18:00:00,3,25.123529411764704,63.294117647058826,1011.7470588235294,23.315882352941173,-0.09296421528302588,1.1713439332002613,9.221813148788927,0.8925242062598513,0,0.0,5.544117647058823,1.5300000000000002,10.911764705882353,-0.7071067811865477,0.7071067811865474,0.7818314824680298,0.6234898018587336,A,24.851388888888888,40.39166666666667,32.30555555555556,-1.5355065359477145,-15.26813725490197,30.98856209150327,24.67978349673203,30.793529411764705,19.75833333333334,40.39166666666667,0
2023-08-23 00:00:00,3,23.102777777777774,63.388888888888886,1011.8944444444446,22.799166666666668,-0.08449577005670028,1.0349777146997385,8.458183641975308,0.9459144865737008,0,0.0,3.6000000000000005,0.18000000000000005,1.0,0.7071067811865475,0.7071067811865476,0.9749279121818236,-0.22252093395631434,A,23.315882352941173,25.123529411764704,63.294117647058826,-0.5167156862745053,-2.0207516339869294,0.0947712418300597,25.439991830065356,30.793529411764705,22.799166666666668,40.39166666666667,0
2023-08-23 06:00:00,3,36.29714285714286,39.24285714285714,1011.5685714285714,22.132285714285715,-0.14815206081597815,3.6688459786524237,22.053106938775514,0.5934043205147848,0,0.0,3.62,12.599999999999998,478.0857142857143,0.7071067811865476,-0.7071067811865475,0.9749279121818236,-0.22252093395631434,A,22.799166666666668,23.102777777777774,63.388888888888886,-0.6668809523809536,13.194365079365085,-24.146031746031746,23.27468090569561,24.851388888888888,22.132285714285715,40.39166666666667,0
2023-08-23 12:00:00,3,41.629411764705885,25.205882352941178,1008.635294117647,21.595294117647057,-0.041954220691690094,6.013946176533892,31.136351211072665,0.5065820339450806,0,0.0,6.391176470588236,16.28,542.0588235294117,-0.7071067811865471,-0.7071067811865479,0.9749279121818236,-0.22252093395631434,A,22.132285714285715,36.29714285714286,39.24285714285714,-0.5369915966386571,5.3322689075630265,-14.036974789915963,22.460657212885152,23.315882352941173,21.595294117647057,41.629411764705885,0
2023-08-23 18:00:00,3,26.325714285714284,55.0,1010.2857142857141,21.44942857142857,-0.020483828525060727,1.5420182395435211,11.846571428571426,0.7849539941447093,0,0.0,7.15142857142857,2.57,10.114285714285714,-0.7071067811865477,0.7071067811865474,0.9749279121818236,-0.22252093395631434,A,21.595294117647057,41.629411764705885,25.205882352941178,-0.1458655462184879,-15.303697478991602,29.794117647058822,21.994043767507,22.799166666666668,21.44942857142857,41.629411764705885,0
2023-08-24 00:00:00,3,21.230555555555558,72.77777777777777,1011.7527777777782,21.248333333333335,-0.025594587622999855,0.686665435153234,5.77942901234568,0.955816568786705,0,0.0,2.8333333333333335,0.30000000000000004,1.0,0.7071067811865475,0.7071067811865476,0.43388373911755823,-0.900968867902419,A,21.44942857142857,26.325714285714284,55.0,-0.20109523809523466,-5.095158730158726,17.77777777777777,21.60633543417367,22.132285714285715,21.248333333333335,41.629411764705885,0
2023-08-24 06:00:00,3,36.685714285714276,37.15714285714286,1011.3799999999999,21.151714285714284,-0.0047853130586034244,3.876268895366779,23.054351020408156,0.5612661106899167,0,0.0,5.27142857142857,13.08,468.9142857142857,0.7071067811865476,-0.7071067811865475,0.43388373911755823,-0.900968867902419,A,21.248333333333335,21.230555555555558,72.77777777777777,-0.09661904761905049,15.455158730158718,-35.62063492063491,21.361192577030813,21.595294117647057,21.151714285714284,41.629411764705885,0
2023-08-24 12:00:00,3,40.71212121212121,25.318181818181817,1007.9969696969697,21.111818181818183,-0.010204601393865871,5.720757344186926,30.404552341597796,0.506131492916818,0,0.0,8.63030303030303,16.749999999999996,558.060606060606,-0.7071067811865471,-0.7071067811865479,0.43388373911755823,-0.900968867902419,A,21.151714285714284,36.685714285714276,37.15714285714286,-0.03989610389610121,4.026406926406935,-11.838961038961042,21.240323593073594,21.44942857142857,21.111818181818183,40.71212121212121,0
2023-08-24 18:00:00,3,25.984848484848484,58.21212121212121,1009.0424242424243,20.972727272727273,-0.0251228737187007,1.4034167777469062,10.858516988062442,0.7772038180797305,0,0.0,6.342424242424243,2.25,10.363636363636363,-0.7071067811865477,0.7071067811865474,0.43388373911755823,-0.900968867902419,A,21.111818181818183,40.71212121212121,25.318181818181817,-0.1390909090909105,-14.727272727272727,32.89393939393939,21.12114826839827,21.248333333333335,20.972727272727273,40.71212121212121,0
2023-08-25 00:00:00,3,22.05428571428571,68.05714285714286,1009.1600000000002,20.807714285714287,-0.041478311293841864,0.847345643242126,7.044768979591836,0.9025529805428183,0,0.0,3.702857142857143,0.41000000000000003,0.8571428571428571,0.7071067811865475,0.7071067811865476,-0.433883739117558,-0.9009688679024191,A,20.972727272727273,25.984848484848484,58.21212121212121,-0.16501298701298595,-3.930562770562773,9.845021645021653,21.010993506493506,21.151714285714284,20.807714285714287,40.71212121212121,0
2023-08-25 06:00:00,3,36.944117647058825,38.4264705882353,1008.4794117647058,30.51852941176471,4.464367236591719,3.8518805430574012,22.747797145328718,0.8043019920936363,906,0.0,5.4558823529411775,12.77,476.6764705882353,0.7071067811865476,-0.7071067811865475,-0.433883739117558,-0.9009688679024191,A,20.807714285714287,22.05428571428571,68.05714285714286,9.710815126050424,14.889831932773113,-29.630672268907567,23.352697288006112,30.51852941176471,20.807714285714287,40.71212121212121,2
2023-08-25 12:00:00,3,39.74411764705882,28.014705882352942,1005.3794117647058,27.112647058823526,-0.8844923353163892,5.2373769681624935,28.609919982698962,0.6654370894391106,0,0.0,12.458823529411765,18.73,543.4117647058823,-0.7071067811865471,-0.7071067811865479,-0.433883739117558,-0.9009688679024191,A,30.51852941176471,36.944117647058825,38.4264705882353,-3.405882352941184,2.799999999999997,-10.411764705882355,24.85290450725745,30.51852941176471,20.807714285714287,39.74411764705882,0
2023-08-25 18:00:00,3,26.700000000000003,42.279411764705884,1006.35,24.627941176470586,-0.15177472158210795,2.021991735731592,15.41139705882353,0.8890953493310679,0,0.0,8.826470588235296,3.6999999999999997,8.235294117647058,-0.7071067811865477,0.7071067811865474,-0.433883739117558,-0.9009688679024191,A,27.112647058823526,39.74411764705882,28.014705882352942,-2.484705882352941,-13.044117647058819,14.264705882352942,25.766707983193278,30.51852941176471,20.807714285714287,39.74411764705882,0
2023-08-26 00:00:00,3,19.78787878787879,65.3030303030303,1006.8545454545454,23.91818181818182,-0.09377233712619878,0.8007204379736605,6.8657943067034,1.1505830903790089,0,0.0,7.027272727272727,1.6500000000000001,0.9090909090909091,0.7071067811865475,0.7071067811865476,-0.9749279121818236,-0.2225209339563146,A,24.627941176470586,26.700000000000003,42.279411764705884,-0.709759358288764,-6.912121212121214,23.023618538324413,26.54432486631016,30.51852941176471,23.91818181818182,39.74411764705882,0
2023-08-26 06:00:00,3,34.8764705882353,37.11764705882353,1006.3764705882354,23.100588235294115,-0.1817816563814785,3.5116055927537153,21.93114532871973,0.6438924413838333,0,0.0,11.311764705882354,12.760000000000002,415.4117647058824,0.7071067811865476,-0.7071067811865475,-0.9749279121818236,-0.2225209339563146,A,23.91818181818182,19.78787878787879,65.3030303030303,-0.8175935828877066,15.088591800356511,-28.18538324420677,24.68983957219251,27.112647058823526,23.100588235294115,39.74411764705882,0
2023-08-26 12:00:00,3,34.971428571428575,37.0,1004.3285714285714,22.347142857142856,-0.07194832880930037,3.536699159359584,22.032000000000004,0.6212470214455916,0,0.6000000000000001,12.697142857142858,16.07,467.34285714285716,-0.7071067811865471,-0.7071067811865479,-0.9749279121818236,-0.2225209339563146,A,23.100588235294115,34.8764705882353,37.11764705882353,-0.7534453781512589,0.0949579831932752,-0.117647058823529,23.498463521772344,24.627941176470586,22.347142857142856,34.971428571428575,0
2023-08-26 18:00:00,3,23.405714285714286,70.4,1005.7942857142858,22.052000000000003,-0.03742796236066349,0.8522201516984222,6.928091428571427,0.9035588855069072,0,0.0,12.24,2.4299999999999997,7.142857142857143,-0.7071067811865477,0.7071067811865474,-0.9749279121818236,-0.2225209339563146,A,22.347142857142856,34.971428571428575,37.0,-0.29514285714285293,-11.56571428571429,33.400000000000006,22.8544782276547,23.91818181818182,22.052000000000003,34.971428571428575,0
2023-08-27 00:00:00,3,22.13529411764706,71.01470588235294,1004.2617647058823,21.807058823529413,-0.03094870999850724,0.7726936706487859,6.415980103806228,0.9425883549453343,0,1.0,9.988235294117647,1.06,0.14705882352941177,0.7071067811865475,0.7071067811865476,-0.7818314824680299,0.6234898018587334,A,22.052000000000003,23.405714285714286,70.4,-0.24494117647059,-1.2704201680672256,0.6147058823529363,22.326697478991598,23.100588235294115,21.807058823529413,34.971428571428575,0
2023-08-27 06:00:00,3,25.30588235294118,67.13235294117646,1003.8823529411767,21.6335294117647,-0.03471095738141797,1.0602955401849887,8.317448096885816,0.8223837209302324,0,4.800000000000001,8.797058823529412,4.52,109.82352941176471,0.7071067811865476,-0.7071067811865475,-0.7818314824680299,0.6234898018587334,A,21.807058823529413,22.13529411764706,71.01470588235294,-0.17352941176471148,3.170588235294119,-3.882352941176478,21.959932773109244,22.347142857142856,21.6335294117647,34.971428571428575,0
2023-08-27 12:00:00,3,26.29411764705882,70.57352941176471,1003.2352941176471,21.47764705882353,-0.010242247229149232,1.006481753496658,7.7374307958477475,0.7868965517241381,0,0.5,8.38235294117647,6.3500000000000005,204.47058823529412,-0.7071067811865471,-0.7071067811865479,-0.7818314824680299,0.6234898018587334,A,21.6335294117647,25.30588235294118,67.13235294117646,-0.15588235294117325,0.98823529411764,3.441176470588246,21.742558823529414,22.052000000000003,21.47764705882353,26.29411764705882,0
2023-08-27 18:00:00,3,22.377419354838707,80.37096774193549,1000.6580645161289,21.405483870967736,-0.022076027711092096,0.5310374646023179,4.392470863683663,0.9156478542845313,0,20.2,5.73548387096774,0.52,6.967741935483871,-0.7071067811865477,0.7071067811865474,-0.7818314824680299,0.6234898018587334,A,21.47764705882353,26.29411764705882,70.57352941176471,-0.0721631878557929,-3.9166982922201115,9.797438330170777,21.580929791271345,21.807058823529413,21.405483870967736,26.29411764705882,0
2023-08-28 00:00:00,3,20.13055555555556,87.90277777777777,996.5916666666669,21.182222222222222,-0.018675840013801556,0.2851612387850553,2.435238040123458,1.0024451163402128,0,128.39999999999998,18.016666666666666,0.18,0.16666666666666666,0.7071067811865475,0.7071067811865476,0.0,1.0,A,21.405483870967736,22.377419354838707,80.37096774193549,-0.22326164874551324,-2.2468637992831475,7.531810035842284,21.424720640944546,21.6335294117647,21.182222222222222,26.29411764705882,0
2023-08-28 06:00:00,3,27.46875,60.75,994.74375,21.166874999999997,0.0016993771135987287,1.4383438050431918,10.781484375,0.7435126234906695,0,17.8,10.58125,7.83,341.3125,0.7071067811865476,-0.7071067811865475,0.0,1.0,A,21.182222222222222,20.13055555555556,87.90277777777777,-0.015347222222224843,7.33819444444444,-27.15277777777777,21.30805703800337,21.47764705882353,21.166874999999997,27.46875,0
2023-08-28 12:00:00,3,22.471428571428568,74.67142857142858,994.9685714285713,20.945714285714285,0.0025644778656264905,0.6891557027863264,5.691691836734692,0.8923919659160074,0,76.8,12.997142857142856,7.38,312.14285714285717,-0.7071067811865471,-0.7071067811865479,0.0,1.0,A,21.166874999999997,27.46875,60.75,-0.2211607142857126,-4.997321428571432,13.921428571428578,21.17507384472606,21.405483870967736,20.945714285714285,27.46875,0
2023-08-28 18:00:00,3,17.771428571428572,77.15714285714286,996.3657142857144,20.966285714285714,-0.015380929123550716,0.4647406588697056,4.0595020408163265,1.116925418569254,0,0.0,13.325714285714284,1.4500000000000002,4.571428571428571,-0.7071067811865477,0.7071067811865474,0.0,1.0,A,20.945714285714285,22.471428571428568,74.67142857142858,0.02057142857142935,-4.699999999999996,2.4857142857142804,21.065274305555555,21.182222222222222,20.945714285714285,27.46875,0
2023-08-29 00:00:00,3,15.63125,84.90625,996.940625,25.056874999999998,2.3838465378530387,0.26804982590929627,2.359341796874999,1.5066140548665912,0,34.1,11.403125,0.06,0.375,0.7071067811865475,0.7071067811865476,0.7818314824680298,0.6234898018587336,A,20.966285714285714,17.771428571428572,77.15714285714286,4.090589285714284,-2.1401785714285726,7.749107142857142,22.0339375,25.056874999999998,20.945714285714285,27.46875,0
2023-08-29 06:00:00,3,18.572222222222226,83.25,998.6194444444443,30.24972222222222,-0.4680137603168456,0.3583545439877913,3.1108472222222225,1.5455435708203231,0,3.000000000000001,7.883333333333332,7.8,339.3333333333333,0.7071067811865476,-0.7071067811865475,0.7818314824680298,0.6234898018587336,A,25.056874999999998,15.63125,84.90625,5.192847222222223,2.9409722222222268,-1.65625,24.304649305555554,30.24972222222222,20.945714285714285,22.471428571428568,0
2023-08-29 12:00:00,3,21.936111111111114,68.73611111111111,999.0416666666669,28.08666666666666,-0.30779669605751625,0.8233823085970862,6.858081404320989,1.2245609785636424,0,21.599999999999998,7.1000000000000005,7.079999999999998,292.8333333333333,-0.7071067811865471,-0.7071067811865479,0.7818314824680298,0.6234898018587336,A,30.24972222222222,18.572222222222226,83.25,-2.1630555555555624,3.363888888888887,-14.513888888888886,26.08988740079365,30.24972222222222,20.966285714285714,21.936111111111114,0
2023-08-29 18:00:00,3,16.225714285714286,84.34285714285714,1001.1028571428569,27.130285714285712,0.047744181038496786,0.288822202883555,2.540483265306123,1.5749875601260572,0,9.399999999999999,8.139999999999997,0.54,1.7142857142857142,-0.7071067811865477,0.7071067811865474,0.7818314824680298,0.6234898018587336,A,28.08666666666666,21.936111111111114,68.73611111111111,-0.9563809523809468,-5.710396825396828,15.606746031746027,27.630887400793647,30.24972222222222,25.056874999999998,21.936111111111114,0
2023-08-30 00:00:00,3,15.908571428571431,85.51428571428572,1001.6600000000002,26.859428571428573,-0.10820413756350328,0.26185757540651244,2.304470204081632,1.5885096316323082,0,0.0,5.437142857142857,0.17000000000000004,0.2857142857142857,0.7071067811865475,0.7071067811865476,0.9749279121818236,-0.22252093395631434,A,27.130285714285712,16.225714285714286,84.34285714285714,-0.2708571428571389,-0.31714285714285495,1.171428571428578,28.081525793650794,30.24972222222222,26.859428571428573,21.936111111111114,0
2023-08-30 06:00:00,3,26.353125,52.796875,1002.296875,26.0271875,-0.20516879561728812,1.6201291881792665,12.43949853515625,0.9515251913629613,0,0.0,4.981249999999999,9.02,436.3125,0.7071067811865476,-0.7071067811865475,0.9749279121818236,-0.22252093395631434,A,26.859428571428573,15.908571428571431,85.51428571428572,-0.8322410714285731,10.444553571428568,-32.71741071428572,27.025892113095235,28.08666666666666,26.0271875,26.353125,0
2023-08-30 12:00:00,3,27.328571428571433,47.1,1001.6257142857144,24.967714285714287,-0.11624971563554798,1.9227281172809412,14.456814285714286,0.8813615733736762,0,0.0,4.140000000000001,11.920000000000002,491.8285714285714,-0.7071067811865471,-0.7071067811865479,0.9749279121818236,-0.22252093395631434,A,26.0271875,26.353125,52.796875,-1.0594732142857133,0.9754464285714342,-5.696874999999999,26.246154017857144,27.130285714285712,24.967714285714287,27.328571428571433,0
2023-08-30 18:00:00,3,18.805555555555557,71.875,1004.6749999999998,24.57916666666667,-0.039223794928101324,0.6105595168796454,5.2890625,1.241023842917251,0,0.0,7.733333333333336,0.7200000000000001,6.0,-0.7071067811865477,0.7071067811865474,0.9749279121818236,-0.22252093395631434,A,24.967714285714287,27.328571428571433,47.1,-0.3885476190476176,-8.523015873015876,24.775,25.608374255952384,26.859428571428573,24.57916666666667,27.328571428571433,0
2023-08-31 00:00:00,3,15.494117647058822,81.44117647058823,1007.2529411764708,24.321176470588238,-0.05350213497930845,0.3267018695643096,2.875525951557094,1.4745363766048505,0,0.0,8.635294117647058,0.32000000000000006,0.35294117647058826,0.7071067811865475,0.7071067811865476,0.43388373911755823,-0.900968867902419,A,24.57916666666667,18.805555555555557,71.875,-0.2579901960784312,-3.3114379084967354,9.566176470588232,24.9738112307423,26.0271875,24.321176470588238,27.328571428571433,0
2023-08-31 06:00:00,3,26.888888888888886,52.84722222222222,1009.6500000000001,23.965277777777775,-0.07643675355860964,1.6702292294140948,12.678858024691356,0.859312749003984,0,0.0,5.083333333333334,10.200000000000001,433.8333333333333,0.7071067811865476,-0.7071067811865475,0.43388373911755823,-0.900968867902419,A,24.321176470588238,15.494117647058822,81.44117647058823,-0.35589869281046305,11.394771241830064,-28.59395424836601,24.458333800186743,24.967714285714287,23.965277777777775,27.328571428571433,0
2023-08-31 12:00:00,3,27.08857142857143,52.457142857142856,1009.6628571428571,23.578857142857142,-0.041030559467541965,1.703892510622563,12.878680816326531,0.8394466483572373,0,11.399999999999999,5.765714285714286,8.970000000000002,354.14285714285717,-0.7071067811865471,-0.7071067811865479,0.43388373911755823,-0.900968867902419,A,23.965277777777775,26.888888888888886,52.84722222222222,-0.3864206349206327,0.199682539682545,-0.3900793650793659,24.111119514472456,24.57916666666667,23.578857142857142,27.08857142857143,0
2023-08-31 18:00:00,3,19.81388888888889,69.90277777777777,1012.122222222222,23.381666666666668,-0.041789534992174894,0.6956905793951231,5.963430169753089,1.123368477245429,0,0.0,12.233333333333333,1.8,5.0,-0.7071067811865477,0.7071067811865474,0.43388373911755823,-0.900968867902419,A,23.578857142857142,27.08857142857143,52.457142857142856,-0.19719047619047458,-7.274682539682541,17.445634920634916,23.811744514472455,24.321176470588238,23.381666666666668,27.08857142857143,0
2023-09-01 00:00:00,3,15.419444444444444,84.27777777777777,1014.113888888889,23.140833333333333,-0.04057988109728709,0.2754449228866067,2.424279320987655,1.4093554390120115,0,0.0,9.349999999999998,0.5999999999999999,0.3333333333333333,0.7071067811865475,0.7071067811865476,-0.433883739117558,-0.9009688679024191,A,23.381666666666668,19.81388888888889,69.90277777777777,-0.24083333333333456,-4.394444444444446,14.375,23.516658730158728,23.965277777777775,23.140833333333333,27.08857142857143,0
2023-09-01 06:00:00,3,29.927777777777774,45.486111111111114,1014.6194444444445,22.878055555555555,-0.06082720737125764,2.30349515087991,16.314795524691355,0.7397251661577152,0,0.0,4.783333333333333,10.439999999999998,449.1666666666667,0.7071067811865476,-0.7071067811865475,-0.433883739117558,-0.9009688679024191,A,23.140833333333333,15.419444444444444,84.27777777777777,-0.262777777777778,14.50833333333333,-38.79166666666666,23.244853174603172,23.578857142857142,22.878055555555555,29.927777777777774,0
2023-09-01 12:00:00,3,31.697222222222226,40.06944444444444,1012.9222222222223,22.63555555555556,-0.014684850178491391,2.8011690288698965,18.99632137345679,0.6922776314671651,0,0.0,4.0166666666666675,12.359999999999998,490.0,-0.7071067811865471,-0.7071067811865479,-0.433883739117558,-0.9009688679024191,A,22.878055555555555,29.927777777777774,45.486111111111114,-0.24249999999999616,1.7694444444444528,-5.416666666666671,23.009027777777778,23.381666666666668,22.63555555555556,31.697222222222226,0
2023-09-01 18:00:00,3,20.534285714285712,68.54285714285714,1014.9599999999999,22.53685714285714,-0.024267668456047622,0.7602387966841089,6.459499591836733,1.0465569855380126,0,0.0,8.451428571428568,1.2100000000000002,5.6571428571428575,-0.7071067811865477,0.7071067811865474,-0.433883739117558,-0.9009688679024191,A,22.63555555555556,31.697222222222226,40.06944444444444,-0.09869841269841828,-11.162936507936514,28.4734126984127,22.797825396825395,23.140833333333333,22.53685714285714,31.697222222222226,0
2023-09-02 00:00:00,3,17.04516129032258,76.64516129032258,1016.1483870967743,22.354516129032252,-0.026061072631178305,0.45385037990020805,3.98086992715921,1.2388094386843045,0,0.0,5.638709677419355,0.1,0.3225806451612903,0.7071067811865475,0.7071067811865476,-0.9749279121818236,-0.2225209339563146,A,22.53685714285714,20.534285714285712,68.54285714285714,-0.18234101382488888,-3.4891244239631334,8.102304147465432,22.601246095750128,22.878055555555555,22.354516129032252,31.697222222222226,0
2023-09-02 06:00:00,3,30.302857142857146,46.41428571428571,1016.3428571428574,22.15542857142857,-0.042441481633484754,2.3134727902083667,16.238002448979593,0.7077765607886088,0,0.0,5.0142857142857125,10.04,433.51428571428573,0.7071067811865476,-0.7071067811865475,-0.9749279121818236,-0.2225209339563146,A,22.354516129032252,17.04516129032258,76.64516129032258,-0.1990875576036828,13.257695852534567,-30.230875576036865,22.420589349718377,22.63555555555556,22.15542857142857,31.697222222222226,0
2023-09-02 12:00:00,3,34.57575757575758,36.56060606060606,1014.9787878787878,22.07090909090909,0.007235454383976818,3.484200900911046,21.934651056014694,0.6203918228279386,0,0.0,4.918181818181818,12.31,513.2727272727273,-0.7071067811865471,-0.7071067811865479,-0.9749279121818236,-0.2225209339563146,A,22.15542857142857,30.302857142857146,46.41428571428571,-0.08451948051947866,4.272900432900432,-9.853679653679649,22.279427733556762,22.53685714285714,22.07090909090909,34.57575757575758,0
2023-09-02 18:00:00,3,20.625714285714285,74.14285714285714,1017.2057142857142,22.06457142857143,-0.01276641815555472,0.6284318910420872,5.333220408163265,1.0202933016250497,0,0.0,2.8285714285714283,0.23,5.314285714285714,-0.7071067811865477,0.7071067811865474,-0.9749279121818236,-0.2225209339563146,A,22.07090909090909,34.57575757575758,36.56060606060606,-0.006337662337660532,-13.950043290043293,37.58225108225108,22.161356304985336,22.354516129032252,22.06457142857143,34.57575757575758,0
2023-09-03 00:00:00,3,18.659374999999997,78.296875,1018.48125,21.972812500000003,-0.019542624512340737,0.4668623061361592,4.04966748046875,1.1176760451438565,0,0.0,6.021875,0.27,0.1875,0.7071067811865475,0.7071067811865476,-0.7818314824680299,0.6234898018587334,A,22.06457142857143,20.625714285714285,74.14285714285714,-0.09175892857142642,-1.9663392857142874,4.154017857142861,22.06593039772727,22.15542857142857,21.972812500000003,34.57575757575758,0
2023-09-03 06:00:00,3,31.008333333333333,47.47222222222222,1018.2888888888889,21.82222222222222,-0.011741710470710402,2.3609786807946893,16.287988425925924,0.6817669009806473,0,0.0,9.049999999999999,11.760000000000002,436.5,0.7071067811865476,-0.7071067811865475,-0.7818314824680299,0.6234898018587334,A,21.972812500000003,18.659374999999997,78.296875,-0.1505902777777841,12.348958333333336,-30.82465277777778,21.982628810425688,22.07090909090909,21.82222222222222,34.57575757575758,0
2023-09-03 12:00:00,3,34.85142857142857,35.22857142857143,1015.7999999999998,21.796285714285712,0.008745054580193881,3.612091311959754,22.573768163265303,0.6079614281160344,0,0.0,9.185714285714287,14.47,504.25714285714287,-0.7071067811865471,-0.7071067811865479,-0.7818314824680299,0.6234898018587334,A,21.82222222222222,31.008333333333333,47.47222222222222,-0.025936507936506814,3.8430952380952377,-12.243650793650794,21.913972966269842,22.06457142857143,21.796285714285712,34.85142857142857,0
2023-09-03 18:00:00,3,20.59375,75.015625,1017.675,21.795,-0.010211349815522422,0.6060255014904214,5.145219726562501,1.0093198263386398,0,0.0,5.540625,0.84,4.53125,-0.7071067811865477,0.7071067811865474,-0.7818314824680299,0.6234898018587334,A,21.796285714285712,34.85142857142857,35.22857142857143,-0.0012857142857107817,-14.25767857142857,39.78705357142857,21.846580109126986,21.972812500000003,21.795,34.85142857142857,0
2023-09-04 00:00:00,3,18.016666666666666,83.45833333333333,1018.7222222222221,21.676111111111105,-0.026056801263878854,0.34177616453916726,2.980256944444446,1.1398480864738532,0,0.0,5.783333333333331,0.24000000000000005,0.16666666666666666,0.7071067811865475,0.7071067811865476,0.0,1.0,A,21.795,20.59375,75.015625,-0.11888888888889682,-2.5770833333333343,8.442708333333329,21.77240476190476,21.82222222222222,21.676111111111105,34.85142857142857,0
2023-09-04 06:00:00,3,30.51818181818182,52.81818181818182,1018.469696969697,21.542727272727273,-0.003747210346305972,2.0622313247546424,14.39903305785124,0.6835015863859244,0,0.0,12.742424242424242,10.72,426.6969696969697,0.7071067811865476,-0.7071067811865475,0.0,1.0,A,21.676111111111105,18.016666666666666,83.45833333333333,-0.13338383838383194,12.501515151515154,-30.64015151515151,21.702531024531023,21.796285714285712,21.542727272727273,34.85142857142857,0
2023-09-04 12:00:00,3,33.80857142857143,37.18571428571428,1015.6485714285716,21.547142857142852,0.0070688241850875395,3.3058066800105195,21.236612653061226,0.619018304194369,0,0.0,14.38571428571429,14.750000000000002,487.8285714285714,-0.7071067811865471,-0.7071067811865479,0.0,1.0,A,21.542727272727273,30.51818181818182,52.81818181818182,0.004415584415578877,3.2903896103896138,-15.632467532467537,21.640245310245305,21.795,21.542727272727273,33.80857142857143,0
2023-09-04 18:00:00,3,21.566666666666674,62.638888888888886,1017.1638888888888,21.53277777777778,-0.015147142738230064,0.9620108940044629,8.0575462962963,0.9541851304775971,0,0.0,12.133333333333333,2.8199999999999994,4.333333333333333,-0.7071067811865477,0.7071067811865474,0.0,1.0,A,21.547142857142852,33.80857142857143,37.18571428571428,-0.014365079365070699,-12.24190476190476,25.453174603174602,21.57468975468975,21.676111111111105,21.53277777777778,33.80857142857143,0
2023-09-05 00:00:00,3,18.34857142857143,73.44285714285714,1017.8857142857142,21.429428571428566,-0.017402185076769976,0.560265919646477,4.872856326530615,1.107545776727702,0,0.0,8.505714285714287,1.47,0.14285714285714285,0.7071067811865475,0.7071067811865476,0.7818314824680298,0.6234898018587336,A,21.53277777777778,21.566666666666674,62.638888888888886,-0.10334920634921474,-3.218095238095245,10.80396825396825,21.51301911976912,21.547142857142852,21.429428571428566,33.80857142857143,0
2023-09-05 06:00:00,3,27.81764705882353,44.779411764705884,1017.9470588235293,21.295882352941174,-0.01423260899557065,2.065239723719195,15.361068339100347,0.7389875484792814,0,0.0,10.958823529411763,10.45,393.6764705882353,0.7071067811865476,-0.7071067811865475,0.7818314824680298,0.6234898018587336,A,21.429428571428566,18.34857142857143,73.44285714285714,-0.13354621848739257,9.4690756302521,-28.663445378151252,21.451307889822594,21.547142857142852,21.295882352941174,33.80857142857143,0
2023-09-05 12:00:00,3,30.527272727272727,32.84848484848485,1015.4242424242424,21.28393939393939,0.004413877097262494,2.936595275444835,20.499526170798898,0.6750961168781238,0,0.0,16.230303030303027,13.649999999999999,481.3030303030303,-0.7071067811865471,-0.7071067811865479,0.7818314824680298,0.6234898018587336,A,21.295882352941174,27.81764705882353,44.779411764705884,-0.011942959001782327,2.709625668449199,-11.930926916221033,21.385507024021727,21.53277777777778,21.28393939393939,30.527272727272727,0
2023-09-05 18:00:00,3,15.600000000000001,69.68055555555556,1018.3222222222224,21.237777777777783,-0.020709842260083183,0.5373659070367796,4.729833333333334,1.2793842034805891,0,0.0,6.383333333333335,1.3800000000000003,4.333333333333333,-0.7071067811865477,0.7071067811865474,0.7818314824680298,0.6234898018587336,A,21.28393939393939,30.527272727272727,32.84848484848485,-0.04616161616160852,-14.927272727272726,36.832070707070706,21.31175702402173,21.429428571428566,21.237777777777783,30.527272727272727,0
2023-09-06 00:00:00,3,13.381818181818183,77.3030303030303,1018.5515151515151,21.1269696969697,-0.019934371978312906,0.34853286572042164,3.037267217630855,1.4690054782975137,0,0.0,4.515151515151516,0.16999999999999998,0.18181818181818182,0.7071067811865475,0.7071067811865476,0.9749279121818236,-0.22252093395631434,A,21.237777777777783,15.600000000000001,69.68055555555556,-0.11080808080808424,-2.2181818181818187,7.62247474747474,21.23614230540701,21.295882352941174,21.1269696969697,30.527272727272727,0
2023-09-06 06:00:00,3,29.53611111111111,40.666666666666664,1017.7611111111112,20.993611111111115,-0.006340830579918265,2.451335779421267,17.524759259259262,0.6875011370872375,0,0.0,6.133333333333334,10.859999999999998,443.1666666666667,0.7071067811865476,-0.7071067811865475,0.9749279121818236,-0.22252093395631434,A,21.1269696969697,13.381818181818183,77.3030303030303,-0.13335858585858418,16.15429292929293,-36.63636363636363,21.160574494949497,21.28393939393939,20.993611111111115,30.527272727272727,0
2023-09-06 12:00:00,3,33.77222222222221,32.52777777777778,1014.7416666666663,21.02527777777778,0.01936123552131503,3.5437552558583665,22.786868827160486,0.6046572934973641,0,0.0,7.6499999999999995,13.619999999999997,509.5,-0.7071067811865471,-0.7071067811865479,0.9749279121818236,-0.22252093395631434,A,20.993611111111115,29.53611111111111,40.666666666666664,0.03166666666666629,4.2361111111111,-8.138888888888886,21.095909090909092,21.237777777777783,20.993611111111115,33.77222222222221,0
2023-09-06 18:00:00,3,17.58888888888889,71.20833333333333,1016.0638888888888,21.06,-0.0198315538533444,0.5790684996880553,5.0641342592592595,1.132934847579199,0,0.0,5.616666666666668,0.84,3.8333333333333335,-0.7071067811865477,0.7071067811865474,0.9749279121818236,-0.22252093395631434,A,21.02527777777778,33.77222222222221,32.52777777777778,0.03472222222221788,-16.183333333333323,38.68055555555555,21.051464646464648,21.1269696969697,20.993611111111115,33.77222222222221,0
2023-09-07 00:00:00,3,15.845714285714283,76.25714285714285,1017.3142857142855,20.939428571428568,-0.017878996399241707,0.42747711211889894,3.7622253061224487,1.243012211668928,0,0.0,2.9200000000000004,0.0,0.17142857142857143,0.7071067811865475,0.7071067811865476,0.43388373911755823,-0.900968867902419,A,21.06,17.58888888888889,71.20833333333333,-0.12057142857143077,-1.7431746031746052,5.048809523809524,21.004579365079366,21.06,20.939428571428568,33.77222222222221,0
2023-09-07 06:00:00,3,30.534374999999997,42.015625,1016.834375,20.865,-0.004038218665504791,2.5367372023400714,17.70516650390625,0.6616589039738381,0,0.0,6.0375,9.620000000000001,435.5,0.7071067811865476,-0.7071067811865475,0.43388373911755823,-0.900968867902419,A,20.939428571428568,15.845714285714283,76.25714285714285,-0.07442857142856951,14.688660714285714,-34.24151785714285,20.972426587301584,21.06,20.865,33.77222222222221,0
2023-09-07 12:00:00,3,34.05999999999999,33.01428571428571,1014.1114285714286,20.883999999999997,0.00841091106562192,3.5750652243607868,22.81533428571428,0.5956645750142614,0,0.0,13.554285714285713,14.929999999999998,504.34285714285716,-0.7071067811865471,-0.7071067811865479,0.43388373911755823,-0.900968867902419,A,20.865,30.534374999999997,42.015625,0.01899999999999835,3.525624999999991,-9.001339285714288,20.93710714285714,21.06,20.865,34.05999999999999,0
2023-09-07 18:00:00,3,19.045454545454543,63.57575757575758,1015.8696969696971,20.88909090909091,-0.0074385007614698575,0.8026563891970411,6.937162534435261,1.0420861678004536,0,0.0,7.254545454545454,1.48,3.8181818181818183,-0.7071067811865477,0.7071067811865474,0.43388373911755823,-0.900968867902419,A,20.883999999999997,34.05999999999999,33.01428571428571,0.005090909090913698,-15.014545454545445,30.561471861471865,20.894379870129868,20.939428571428568,20.865,34.05999999999999,0
2023-09-08 00:00:00,3,15.125,78.86111111111111,1016.8805555555555,20.80944444444445,-0.02359137967637029,0.3634025857431371,3.197256944444444,1.2905081826012061,0,0.0,2.2999999999999994,0.12000000000000001,0.0,0.7071067811865475,0.7071067811865476,-0.433883739117558,-0.9009688679024191,A,20.88909090909091,19.045454545454543,63.57575757575758,-0.07964646464646208,-3.920454545454543,15.285353535353536,20.86188383838384,20.88909090909091,20.80944444444445,34.05999999999999,0
2023-09-08 06:00:00,3,31.083333333333332,40.125,1016.0138888888887,20.688888888888894,0.00021572752275941584,2.702727692946283,18.61114583333333,0.6448484848484851,0,0.0,4.9,10.799999999999997,435.8333333333333,0.7071067811865476,-0.7071067811865475,-0.433883739117558,-0.9009688679024191,A,20.80944444444445,15.125,78.86111111111111,-0.12055555555555486,15.958333333333332,-38.736111111111114,20.81785606060606,20.88909090909091,20.688888888888894,34.05999999999999,0
2023-09-08 12:00:00,3,34.409375000000004,33.34375,1013.184375,20.767500000000002,0.022549094958107342,3.627240129533707,22.9359990234375,0.5864972200158856,0,0.0,8.109375,12.440000000000001,499.09375,-0.7071067811865471,-0.7071067811865479,-0.433883739117558,-0.9009688679024191,A,20.688888888888894,31.083333333333332,40.125,0.0786111111111083,3.326041666666672,-6.78125,20.78873106060606,20.88909090909091,20.688888888888894,34.409375000000004,0
2023-09-08 18:00:00,3,17.74411764705882,72.05882352941177,1014.4823529411765,20.783823529411766,-0.012111247161228912,0.567489381087458,4.957915224913495,1.1088184528479526,0,0.0,7.1352941176470575,1.26,3.176470588235294,-0.7071067811865477,0.7071067811865474,-0.433883739117558,-0.9009688679024191,A,20.767500000000002,34.409375000000004,33.34375,0.01632352941176407,-16.665257352941182,38.71507352941177,20.762414215686277,20.80944444444445,20.688888888888894,34.409375000000004,0
2023-09-09 00:00:00,3,15.911764705882353,77.32352941176471,1015.2176470588236,20.671176470588232,-0.008899779895834115,0.4100051692514328,3.608226643598615,1.2222956521739128,0,0.0,2.344117647058824,0.1,0.0,0.7071067811865475,0.7071067811865476,-0.9749279121818236,-0.2225209339563146,A,20.783823529411766,17.74411764705882,72.05882352941177,-0.11264705882353354,-1.8323529411764685,5.264705882352942,20.727847222222223,20.783823529411766,20.671176470588232,34.409375000000004,0
2023-09-09 06:00:00,3,31.040000000000003,41.7,1014.7085714285715,20.615714285714283,-0.004813253992859332,2.6251516909974857,18.096320000000002,0.6434367754592472,0,0.0,4.1485714285714295,10.209999999999997,421.9428571428571,0.7071067811865476,-0.7071067811865475,-0.9749279121818236,-0.2225209339563146,A,20.671176470588232,15.911764705882353,77.32352941176471,-0.05546218487394938,15.12823529411765,-35.62352941176471,20.70955357142857,20.783823529411766,20.615714285714283,34.409375000000004,0
2023-09-09 12:00:00,3,34.987878787878785,33.36363636363637,1012.5454545454545,20.669393939393938,0.008979201311105944,3.744240918736797,23.31465013774104,0.5743432132030987,0,0.0,9.857575757575757,13.360000000000001,493.75757575757575,-0.7071067811865471,-0.7071067811865479,-0.9749279121818236,-0.2225209339563146,A,20.615714285714283,31.040000000000003,41.7,0.053679653679655104,3.947878787878782,-8.336363636363636,20.685027056277054,20.783823529411766,20.615714285714283,34.987878787878785,0
2023-09-09 18:00:00,3,17.891666666666666,73.80555555555556,1014.5888888888888,20.69388888888889,-0.005239100043798775,0.53697875946185,4.686622685185185,1.0953977356271136,0,0.0,7.416666666666668,1.5,2.6666666666666665,-0.7071067811865477,0.7071067811865474,-0.9749279121818236,-0.2225209339563146,A,20.669393939393938,34.987878787878785,33.36363636363637,0.0244949494949509,-17.09621212121212,40.44191919191919,20.662543396146337,20.69388888888889,20.615714285714283,34.987878787878785,0
2023-09-10 00:00:00,3,16.317647058823532,77.08823529411765,1015.1911764705883,20.630000000000003,-0.015194653960430855,0.4251295976036149,3.7386608996539783,1.1912703804347826,0,0.0,4.261764705882353,0.21,0.0,0.7071067811865475,0.7071067811865476,-0.7818314824680299,0.6234898018587334,A,20.69388888888889,17.891666666666666,73.80555555555556,-0.06388888888888644,-1.5740196078431339,3.282679738562095,20.652249278499276,20.69388888888889,20.615714285714283,34.987878787878785,0
2023-09-10 06:00:00,3,31.53055555555555,40.486111111111114,1014.7388888888888,20.578888888888894,-0.002403793623454048,2.755543885870476,18.765059799382712,0.6326018273418156,0,0.0,4.3500000000000005,10.859999999999996,430.1666666666667,0.7071067811865476,-0.7071067811865475,-0.7818314824680299,0.6234898018587334,A,20.630000000000003,16.317647058823532,77.08823529411765,-0.05111111111110844,15.21290849673202,-36.60212418300654,20.643042929292932,20.69388888888889,20.578888888888894,34.987878787878785,0
2023-09-10 12:00:00,3,35.92500000000001,30.875,1012.1277777777777,20.620555555555555,0.01212672243396593,4.089845546311068,24.833156250000005,0.5584442939893175,0,0.0,7.7666666666666675,14.220000000000002,492.0,-0.7071067811865471,-0.7071067811865479,-0.7818314824680299,0.6234898018587334,A,20.578888888888894,31.53055555555555,40.486111111111114,0.041666666666660745,4.39444444444446,-9.611111111111114,20.630833333333335,20.69388888888889,20.578888888888894,35.92500000000001,0
2023-09-10 18:00:00,3,19.434285714285714,64.3,1013.0400000000001,20.643142857142852,-0.004066237315450256,0.8059772057223082,6.93804,1.0102209172259506,0,0.0,6.728571428571427,1.28,2.5714285714285716,-0.7071067811865477,0.7071067811865474,-0.7818314824680299,0.6234898018587334,A,20.620555555555555,35.92500000000001,30.875,0.02258730158729705,-16.490714285714297,33.425,20.618146825396828,20.643142857142852,20.578888888888894,35.92500000000001,0
2023-09-11 00:00:00,3,18.08,65.77142857142857,1012.5628571428568,20.584857142857135,-0.011207126291137327,0.710035502139764,6.188525714285714,1.0788709194369568,0,0.0,5.637142857142858,0.6500000000000001,0.0,0.7071067811865475,0.7071067811865476,0.0,1.0,A,20.643142857142852,19.434285714285714,64.3,-0.058285714285716494,-1.3542857142857159,1.471428571428575,20.606861111111108,20.643142857142852,20.578888888888894,35.92500000000001,0
2023-09-11 06:00:00,3,32.25277777777778,38.25,1011.5000000000002,20.524999999999995,-0.0028506528816339832,2.978274377925966,19.916090277777776,0.6172416673627932,0,0.0,2.8833333333333346,10.679999999999996,430.3333333333333,0.7071067811865476,-0.7071067811865475,0.0,1.0,A,20.584857142857135,18.08,65.77142857142857,-0.05985714285714039,14.172777777777782,-27.521428571428572,20.59338888888888,20.643142857142852,20.524999999999995,35.92500000000001,0
2023-09-11 12:00:00,3,36.13636363636363,29.454545454545453,1008.3363636363638,20.582727272727276,0.013615768662513012,4.222562914383779,25.49256198347107,0.5542472460220319,0,0.0,6.366666666666666,13.01,494.45454545454544,-0.7071067811865471,-0.7071067811865479,0.0,1.0,A,20.524999999999995,32.25277777777778,38.25,0.05772727272728062,3.883585858585853,-8.795454545454547,20.583931818181814,20.643142857142852,20.524999999999995,36.13636363636363,0
2023-09-11 18:00:00,3,19.359375,67.734375,1009.75,20.603125,-0.006941885699459752,0.725055491112601,6.24642333984375,1.0119723714504987,0,0.0,5.696875,1.19,2.03125,-0.7071067811865477,0.7071067811865474,0.0,1.0,A,20.582727272727276,36.13636363636363,29.454545454545453,0.020397727272722932,-16.776988636363633,38.27982954545455,20.573927353896103,20.603125,20.524999999999995,36.13636363636363,0
2023-09-12 00:00:00,3,19.130555555555556,71.22222222222223,1010.2888888888889,20.571111111111104,-0.00952283612397631,0.6375299025246075,5.505348765432097,1.0218849178970604,0,0.0,6.15,0.6600000000000001,0.0,0.7071067811865475,0.7071067811865476,0.7818314824680298,0.6234898018587336,A,20.603125,19.359375,67.734375,-0.032013888888894115,-0.22881944444444358,3.4878472222222285,20.570490845959593,20.603125,20.524999999999995,36.13636363636363,0
2023-09-12 06:00:00,3,31.442424242424238,43.71212121212121,1010.6393939393942,20.522727272727273,-0.0028895868549204916,2.5931804284832065,17.69827364554637,0.6325892023164582,0,0.0,3.2454545454545456,9.059999999999999,387.3030303030303,0.7071067811865476,-0.7071067811865475,0.7818314824680298,0.6234898018587336,A,20.571111111111104,19.130555555555556,71.22222222222223,-0.04838383838383109,12.311868686868682,-27.510101010101017,20.569922664141412,20.603125,20.522727272727273,36.13636363636363,0
2023-09-12 12:00:00,3,36.46176470588235,33.029411764705884,1008.2529411764704,20.579411764705885,0.0120989831312151,4.080637899183262,24.41865830449827,0.549344429614509,0,0.0,4.3235294117647065,12.429999999999998,474.7647058823529,-0.7071067811865471,-0.7071067811865479,0.7818314824680298,0.6234898018587336,A,20.522727272727273,31.442424242424238,43.71212121212121,0.05668449197861136,5.019340463458114,-10.682709447415327,20.569093787136065,20.603125,20.522727272727273,36.46176470588235,0
2023-09-12 18:00:00,3,24.147058823529413,58.60294117647059,1010.1647058823529,20.618235294117646,-0.0019479779980263413,1.246199465485934,9.99617214532872,0.8199064327485379,0,0.0,8.273529411764708,1.7700000000000002,1.9411764705882353,-0.7071067811865477,0.7071067811865474,0.7818314824680298,0.6234898018587336,A,20.579411764705885,36.46176470588235,33.029411764705884,0.03882352941176137,-12.31470588235294,25.573529411764703,20.572871360665477,20.618235294117646,20.522727272727273,36.46176470588235,0
2023-09-13 00:00:00,3,18.164705882352944,73.95588235294117,1011.1,20.580588235294115,-0.00670271627635326,0.5431399907275103,4.730837370242217,1.0738796807857578,0,0.0,9.7,1.35,0.0,0.7071067811865475,0.7071067811865476,0.9749279121818236,-0.22252093395631434,A,20.618235294117646,24.147058823529413,58.60294117647059,-0.0376470588235307,-5.982352941176469,15.352941176470587,20.57524064171123,20.618235294117646,20.522727272727273,36.46176470588235,0
2023-09-13 06:00:00,3,25.344117647058823,59.55882352941177,1012.2029411764704,20.538235294117648,-0.005695752475382026,1.3075814750738077,10.249459342560554,0.7796137099475271,0,0.6000000000000001,5.164705882352941,7.550000000000001,294.38235294117646,0.7071067811865476,-0.7071067811865475,0.9749279121818236,-0.22252093395631434,A,20.580588235294115,18.164705882352944,73.95588235294117,-0.042352941176467596,7.179411764705879,-14.397058823529406,20.579117647058823,20.618235294117646,20.538235294117648,36.46176470588235,0
2023-09-13 12:00:00,3,31.55428571428571,40.3,1010.477142857143,20.527142857142852,0.016412028641282345,2.7678827690429797,18.83790857142857,0.630551167281025,0,0.6000000000000001,10.862857142857141,11.44,403.42857142857144,-0.7071067811865471,-0.7071067811865479,0.9749279121818236,-0.22252093395631434,A,20.538235294117648,25.344117647058823,59.55882352941177,-0.011092436974795561,6.210168067226888,-19.25882352941177,20.566050420168065,20.618235294117646,20.527142857142852,31.55428571428571,0
2023-09-13 18:00:00,3,22.16521739130435,66.95652173913044,1012.7869565217392,20.555217391304353,-0.003461091404056457,0.8824834704667037,7.324158790170133,0.8873310810810813,0,0.0,6.83478260869565,0.30000000000000004,2.347826086956522,-0.7071067811865477,0.7071067811865474,0.9749279121818236,-0.22252093395631434,A,20.527142857142852,31.55428571428571,40.3,0.028074534161500964,-9.389068322981363,26.65652173913044,20.550295944464743,20.580588235294115,20.527142857142852,31.55428571428571,0
