ts,line,air_temp,humidity,pressure,soil_moisture,soil_moisture_trend,volume_increase,rain_6h,wind_speed,et0,solar_radiation,hour_sin,hour_cos,weekday_sin,weekday_cos,mode,class
2023-06-29 12:00:00,1,34.90322580645162,36.435483870967744,1009.5516129032259,22.92838709677419,0.38075491467679284,154,0.0,9.509677419354835,13.449999999999996,522.3870967741935,-0.7071067811865471,-0.7071067811865479,0.43388373911755823,-0.900968867902419,A,1
2023-06-29 18:00:00,1,24.426470588235293,54.161764705882355,1009.6029411764706,23.13970588235294,-0.04695196681877172,0,0.0,7.3352941176470585,2.6699999999999995,34.411764705882355,-0.7071067811865477,0.7071067811865474,0.43388373911755823,-0.900968867902419,A,0
2023-06-30 00:00:00,1,20.397058823529413,84.22058823529412,1009.364705882353,23.053529411764703,-0.0108925075107174,0,1.2000000000000002,7.4,0.41000000000000003,9.647058823529411,0.7071067811865475,0.7071067811865476,-0.433883739117558,-0.9009688679024191,A,0
2023-06-30 06:00:00,1,24.76111111111111,68.80555555555556,1008.4833333333333,22.99,-0.0017566181661328565,0,3.000000000000001,3.2666666666666666,7.259999999999999,295.0,0.7071067811865476,-0.7071067811865475,-0.433883739117558,-0.9009688679024191,A,0
2023-06-30 12:00:00,1,20.261111111111106,87.625,1007.8944444444444,27.275555555555556,2.06010104993332,0,16.2,5.616666666666668,7.739999999999998,289.8333333333333,-0.7071067811865471,-0.7071067811865479,-0.433883739117558,-0.9009688679024191,A,0
2023-06-30 18:00:00,1,18.508333333333333,94.79166666666667,1007.5305555555557,28.675277777777776,-0.3768030913742519,0,44.99999999999999,7.533333333333333,0.54,15.166666666666666,-0.7071067811865477,0.7071067811865474,-0.433883739117558,-0.9009688679024191,A,0
2023-07-01 00:00:00,1,17.885714285714286,95.6,1006.7257142857143,27.422571428571427,-0.14015927259026903,0,0.0,6.300000000000001,0.18,10.457142857142857,0.7071067811865475,0.7071067811865476,-0.9749279121818236,-0.2225209339563146,A,0
2023-07-01 06:00:00,1,23.669444444444448,77.30555555555556,1006.3055555555553,26.700833333333335,-0.11971975181194075,0,0.0,4.583333333333333,11.4,484.1666666666667,0.7071067811865476,-0.7071067811865475,-0.9749279121818236,-0.2225209339563146,A,0
2023-07-01 12:00:00,1,31.702857142857148,47.47142857142857,1003.0457142857144,25.900571428571425,-0.11617354132942294,0,0.0,5.151428571428572,14.770000000000003,611.3714285714286,-0.7071067811865471,-0.7071067811865479,-0.9749279121818236,-0.2225209339563146,A,0
2023-07-01 18:00:00,1,21.16111111111111,83.48611111111111,1004.4499999999999,25.113888888888894,-0.15343548025897238,0,0.0,6.7333333333333325,1.5599999999999998,34.333333333333336,-0.7071067811865477,0.7071067811865474,-0.9749279121818236,-0.2225209339563146,A,0
2023-07-02 00:00:00,1,19.611111111111114,85.23611111111111,1005.6749999999998,24.44888888888889,-0.07243785906569863,0,0.0,7.066666666666666,0.48,11.0,0.7071067811865475,0.7071067811865476,-0.7818314824680299,0.6234898018587334,A,0
2023-07-02 06:00:00,1,32.141666666666666,48.611111111111114,1005.8250000000003,24.143611111111113,-0.04242846079417184,0,0.0,3.249999999999999,13.740000000000002,555.8333333333334,0.7071067811865476,-0.7071067811865475,-0.7818314824680299,0.6234898018587334,A,0
2023-07-02 12:00:00,1,34.025000000000006,44.416666666666664,1004.4833333333333,23.88555555555556,-0.024423115342146588,0,4.199999999999999,3.783333333333333,15.420000000000002,576.0,-0.7071067811865471,-0.7071067811865479,-0.7818314824680299,0.6234898018587334,A,0
2023-07-02 18:00:00,1,25.07714285714286,64.87142857142857,1005.8971428571427,23.575714285714287,-0.08808507603997691,0,0.0,7.9228571428571435,1.83,33.42857142857143,-0.7071067811865477,0.7071067811865474,-0.7818314824680299,0.6234898018587334,A,0
2023-07-03 00:00:00,1,20.616666666666667,77.66666666666667,1007.4416666666667,23.197499999999998,-0.03575649580797844,0,0.0,5.866666666666668,0.6000000000000001,10.833333333333334,0.7071067811865475,0.7071067811865476,0.0,1.0,A,0
2023-07-03 06:00:00,1,32.42222222222222,50.84722222222222,1007.688888888889,23.005833333333335,-0.038791884677234434,0,0.0,4.466666666666668,13.200000000000003,532.8333333333334,0.7071067811865476,-0.7071067811865475,0.0,1.0,A,0
2023-07-03 12:00:00,1,31.56944444444444,51.333333333333336,1006.5527777777778,22.727222222222224,-0.037366441925736966,0,52.19999999999999,5.833333333333333,13.080000000000002,502.6666666666667,-0.7071067811865471,-0.7071067811865479,0.0,1.0,A,0
2023-07-03 18:00:00,1,21.76388888888889,76.0,1008.9111111111114,22.44861111111111,-0.04603424595250343,0,26.400000000000002,5.216666666666667,0.78,26.833333333333332,-0.7071067811865477,0.7071067811865474,0.0,1.0,A,0
2023-07-04 00:00:00,1,20.3,79.32352941176471,1011.1411764705881,22.191764705882356,-0.03283403791635088,0,28.799999999999997,13.367647058823529,0.15,3.8823529411764706,0.7071067811865475,0.7071067811865476,0.7818314824680298,0.6234898018587336,A,0
2023-07-04 06:00:00,1,30.54571428571429,50.285714285714285,1010.8942857142856,21.982,-0.048510924570787775,228,1.7000000000000002,3.6599999999999997,7.8999999999999995,341.48571428571427,0.7071067811865476,-0.7071067811865475,0.7818314824680298,0.6234898018587336,A,1
2023-07-04 12:00:00,1,32.5,43.263888888888886,1008.5944444444443,23.41722222222222,1.0247683868008581,1354,13.200000000000003,6.550000000000001,11.999999999999996,453.5,-0.7071067811865471,-0.7071067811865479,0.7818314824680298,0.6234898018587336,A,2
2023-07-04 18:00:00,1,22.98611111111111,68.08333333333333,1008.9777777777776,26.646388888888886,-0.4071746195272262,0,32.4,8.08333333333333,1.08,28.833333333333332,-0.7071067811865477,0.7071067811865474,0.7818314824680298,0.6234898018587336,A,0
2023-07-05 00:00:00,1,20.980555555555554,76.73611111111111,1010.7111111111109,25.262222222222228,-0.13173152957222625,0,3.5999999999999996,8.950000000000003,0.42000000000000015,10.5,0.7071067811865475,0.7071067811865476,0.9749279121818236,-0.22252093395631434,A,0
2023-07-05 06:00:00,1,30.77499999999999,49.333333333333336,1010.5861111111114,24.408888888888885,-0.19134824380235171,0,0.0,2.0833333333333335,13.02,543.8333333333334,0.7071067811865476,-0.7071067811865475,0.9749279121818236,-0.22252093395631434,A,0
2023-07-05 12:00:00,1,32.08,46.114285714285714,1007.6514285714287,25.086,0.9057818630005556,816,0.0,5.114285714285714,14.759999999999998,569.9428571428572,-0.7071067811865471,-0.7071067811865479,0.9749279121818236,-0.22252093395631434,A,1
2023-07-05 18:00:00,1,23.43428571428571,66.07142857142857,1008.8199999999999,26.682,-0.3972810816649282,0,0.0,6.937142857142857,1.25,22.457142857142856,-0.7071067811865477,0.7071067811865474,0.9749279121818236,-0.22252093395631434,A,0
2023-07-06 00:00:00,1,20.716666666666665,78.15277777777777,1010.697222222222,25.347499999999993,-0.12743992787416275,0,0.0,8.316666666666663,0.6600000000000001,6.666666666666667,0.7071067811865475,0.7071067811865476,0.43388373911755823,-0.900968867902419,A,0
2023-07-06 06:00:00,1,25.12777777777778,61.52777777777778,1012.6027777777779,24.660555555555554,-0.1401442628543826,0,2.4000000000000004,6.550000000000001,7.979999999999999,326.3333333333333,0.7071067811865476,-0.7071067811865475,0.43388373911755823,-0.900968867902419,A,0
2023-07-06 12:00:00,1,27.033333333333335,53.736111111111114,1012.5166666666669,23.879722222222217,-0.10204571503173553,0,6.0,7.550000000000001,10.559999999999999,410.3333333333333,-0.7071067811865471,-0.7071067811865479,0.43388373911755823,-0.900968867902419,A,0
2023-07-06 18:00:00,1,19.383333333333336,78.72222222222223,1014.6805555555558,23.384444444444444,-0.07690406416813932,0,0.0,3.4000000000000004,0.9000000000000001,26.333333333333332,-0.7071067811865477,0.7071067811865474,0.43388373911755823,-0.900968867902419,A,0
2023-07-07 00:00:00,1,17.41428571428571,88.12857142857143,1016.6942857142858,23.101999999999997,-0.037712614909635594,0,0.0,5.217142857142857,0.18,9.942857142857143,0.7071067811865475,0.7071067811865476,-0.433883739117558,-0.9009688679024191,A,0
2023-07-07 06:00:00,1,30.927777777777774,48.583333333333336,1016.9916666666668,22.95916666666666,-0.01860622203453917,0,0.0,5.833333333333335,13.859999999999996,570.0,0.7071067811865476,-0.7071067811865475,-0.433883739117558,-0.9009688679024191,A,0
2023-07-07 12:00:00,1,33.26111111111111,39.236111111111114,1015.4055555555553,22.72416666666667,-0.048514900862441084,0,0.0,10.850000000000001,18.060000000000002,646.8333333333334,-0.7071067811865471,-0.7071067811865479,-0.433883739117558,-0.9009688679024191,A,0
2023-07-07 18:00:00,1,24.26285714285714,59.74285714285714,1016.1028571428571,22.480571428571423,-0.036949299409824984,0,0.0,8.485714285714286,2.31,28.885714285714286,-0.7071067811865477,0.7071067811865474,-0.433883739117558,-0.9009688679024191,A,0
2023-07-08 00:00:00,1,17.941666666666663,85.0,1017.4222222222223,22.278333333333336,-0.029985921497048772,0,0.0,6.699999999999998,0.36,10.0,0.7071067811865475,0.7071067811865476,-0.9749279121818236,-0.2225209339563146,A,0
2023-07-08 06:00:00,1,31.64411764705882,44.970588235294116,1016.6117647058823,22.07117647058823,-0.07553906518478945,330,0.0,5.502941176470589,11.829999999999998,490.5,0.7071067811865476,-0.7071067811865475,-0.9749279121818236,-0.2225209339563146,A,1
2023-07-08 12:00:00,1,35.81428571428571,34.871428571428574,1014.5542857142858,21.69514285714286,-0.027155618282612853,6,0.0,5.97142857142857,17.15,641.1142857142858,-0.7071067811865471,-0.7071067811865479,-0.9749279121818236,-0.2225209339563146,A,1
2023-07-08 18:00:00,1,23.222222222222225,68.68055555555556,1015.6333333333332,21.586666666666666,-0.02844496767463574,0,0.0,5.083333333333335,1.8,32.5,-0.7071067811865477,0.7071067811865474,-0.9749279121818236,-0.2225209339563146,A,0
2023-07-09 00:00:00,1,21.180000000000003,74.3,1017.1114285714284,21.458571428571435,-0.012777674957624567,0,0.0,4.905714285714286,0.3499999999999999,10.285714285714286,0.7071067811865475,0.7071067811865476,-0.7818314824680299,0.6234898018587334,A,0
2023-07-09 06:00:00,1,34.37499999999999,42.736111111111114,1016.7333333333333,21.38111111111111,-0.03627249401595416,0,0.0,4.8,14.760000000000002,566.8333333333334,0.7071067811865476,-0.7071067811865475,-0.7818314824680299,0.6234898018587334,A,0
2023-07-09 12:00:00,1,37.59714285714286,37.47142857142857,1014.3742857142859,21.046857142857146,-0.05211389339135951,0,0.0,6.434285714285715,18.06,639.6857142857143,-0.7071067811865471,-0.7071067811865479,-0.7818314824680299,0.6234898018587334,A,0
2023-07-09 18:00:00,1,25.649999999999995,68.04166666666667,1015.3111111111112,20.845833333333335,-0.0309026877379273,0,0.0,6.7333333333333325,2.2199999999999998,31.833333333333332,-0.7071067811865477,0.7071067811865474,-0.7818314824680299,0.6234898018587334,A,0
2023-07-10 00:00:00,1,23.04722222222222,72.29166666666667,1016.6416666666667,20.67722222222222,-0.01653383850099097,0,0.0,3.9833333333333325,0.3,9.833333333333334,0.7071067811865475,0.7071067811865476,0.0,1.0,A,0
2023-07-10 06:00:00,1,35.23428571428571,46.82857142857143,1016.1371428571427,20.49457142857143,-0.03797089144405583,985,0.0,3.4942857142857147,14.280000000000001,553.4,0.7071067811865476,-0.7071067811865475,0.0,1.0,A,2
2023-07-10 12:00:00,1,39.136111111111106,38.72222222222222,1012.7833333333333,21.07444444444444,0.3349712700095865,915,0.0,3.5166666666666675,17.339999999999993,598.3333333333334,-0.7071067811865471,-0.7071067811865479,0.0,1.0,A,2
2023-07-10 18:00:00,1,28.64,53.357142857142854,1012.7800000000001,21.74657142857143,-0.04809489028533807,0,0.0,6.3028571428571425,2.0299999999999994,32.57142857142857,-0.7071067811865477,0.7071067811865474,0.0,1.0,A,0
2023-07-11 00:00:00,1,24.27777777777778,61.763888888888886,1013.5166666666664,21.50166666666667,-0.03299058042707949,0,0.0,5.849999999999999,1.0800000000000003,9.666666666666666,0.7071067811865475,0.7071067811865476,0.7818314824680298,0.6234898018587336,A,0
2023-07-11 06:00:00,1,35.69722222222222,46.09722222222222,1012.9055555555557,17.218611111111116,-1.8341798585379392,0,0.0,4.316666666666668,15.299999999999999,562.6666666666666,0.7071067811865476,-0.7071067811865475,0.7818314824680298,0.6234898018587336,A,0
2023-07-11 12:00:00,1,39.45277777777778,36.52777777777778,1010.0555555555555,14.202499999999999,0.013829342767567965,0,0.0,3.133333333333333,17.399999999999995,610.8333333333334,-0.7071067811865471,-0.7071067811865479,0.7818314824680298,0.6234898018587336,A,0
2023-07-11 18:00:00,1,27.877142857142857,52.67142857142857,1009.3057142857142,14.145428571428571,-0.006050689465611314,0,0.0,4.511428571428571,1.6700000000000002,32.91428571428571,-0.7071067811865477,0.7071067811865474,0.7818314824680298,0.6234898018587336,A,0
2023-07-12 00:00:00,1,23.534285714285716,75.04285714285714,1010.7914285714285,14.098571428571427,-0.006958946950649676,0,0.0,10.311428571428571,1.11,7.2,0.7071067811865475,0.7071067811865476,0.9749279121818236,-0.22252093395631434,A,0
2023-07-12 06:00:00,1,33.24,56.01428571428571,1011.6114285714289,14.153428571428572,0.017834239013520627,0,0.0,3.8628571428571434,12.559999999999999,482.51428571428573,0.7071067811865476,-0.7071067811865475,0.9749279121818236,-0.22252093395631434,A,0
2023-07-12 12:00:00,1,36.888888888888886,43.43055555555556,1008.686111111111,28.725833333333338,5.229555513670215,1370,0.0,8.883333333333335,17.219999999999995,560.0,-0.7071067811865471,-0.7071067811865479,0.9749279121818236,-0.22252093395631434,A,2
2023-07-12 18:00:00,1,27.711111111111112,67.88888888888889,1008.5083333333332,34.36916666666668,-1.0926855469045489,290,0.0,10.850000000000001,1.7400000000000002,29.166666666666668,-0.7071067811865477,0.7071067811865474,0.9749279121818236,-0.22252093395631434,A,1
2023-07-13 00:00:00,1,21.416666666666664,76.16666666666667,1009.8611111111111,31.45444444444444,-0.21466226133277574,0,10.2,7.650000000000001,0.6000000000000001,4.333333333333333,0.7071067811865475,0.7071067811865476,0.43388373911755823,-0.900968867902419,A,0
2023-07-13 06:00:00,1,25.602857142857143,69.52857142857142,1010.7399999999998,30.365142857142857,-0.1922930744217189,0,264.6,5.714285714285714,7.73,317.74285714285713,0.7071067811865476,-0.7071067811865475,0.43388373911755823,-0.900968867902419,A,0
2023-07-13 12:00:00,1,33.9388888888889,47.763888888888886,1008.8666666666666,28.786666666666665,-0.2652644425055831,0,1.2000000000000002,6.2,12.180000000000003,442.1666666666667,-0.7071067811865471,-0.7071067811865479,0.43388373911755823,-0.900968867902419,A,0
2023-07-13 18:00:00,1,24.385714285714286,71.85714285714286,1011.1942857142858,27.719714285714286,-0.10798839270244512,0,0.0,8.088571428571427,1.37,33.08571428571429,-0.7071067811865477,0.7071067811865474,0.43388373911755823,-0.900968867902419,A,0
2023-07-14 00:00:00,1,21.958333333333332,80.48611111111111,1013.1083333333331,27.235833333333336,-0.06862396980893205,0,0.0,12.116666666666665,0.5399999999999999,6.0,0.7071067811865475,0.7071067811865476,-0.433883739117558,-0.9009688679024191,A,0
2023-07-14 06:00:00,1,29.291428571428572,64.17142857142858,1013.2285714285714,30.602571428571434,2.1126270600398076,734,2.2,12.788571428571426,10.219999999999999,395.1714285714286,0.7071067811865476,-0.7071067811865475,-0.433883739117558,-0.9009688679024191,A,1
2023-07-14 12:00:00,1,34.43611111111112,44.06944444444444,1010.4277777777778,35.02111111111111,-0.9209061977456323,717,0.6000000000000001,6.733333333333333,16.14,582.6666666666666,-0.7071067811865471,-0.7071067811865479,-0.433883739117558,-0.9009688679024191,A,1
2023-07-14 18:00:00,1,25.50857142857143,64.95714285714286,1011.5400000000001,31.611142857142852,-0.20096958272575363,0,0.0,5.09142857142857,1.31,31.714285714285715,-0.7071067811865477,0.7071067811865474,-0.433883739117558,-0.9009688679024191,A,0
2023-07-15 00:00:00,1,21.893939393939394,72.28787878787878,1012.3727272727272,30.654545454545453,-0.14036275003169993,0,0.0,4.578787878787878,0.3,7.878787878787879,0.7071067811865475,0.7071067811865476,-0.9749279121818236,-0.2225209339563146,A,0
2023-07-15 06:00:00,1,34.48857142857143,48.614285714285714,1012.0514285714287,29.59771428571429,-0.22712335499438552,0,0.0,3.7371428571428584,14.110000000000001,564.9428571428572,0.7071067811865476,-0.7071067811865475,-0.9749279121818236,-0.2225209339563146,A,0
2023-07-15 12:00:00,1,38.02777777777778,39.166666666666664,1009.4916666666666,28.216388888888886,-0.23124714809352287,0,0.0,4.633333333333334,17.4,620.0,-0.7071067811865471,-0.7071067811865479,-0.9749279121818236,-0.2225209339563146,A,0
2023-07-15 18:00:00,1,25.48857142857143,54.52857142857143,1010.0657142857142,27.162285714285716,-0.10821674277059642,0,0.0,6.365714285714286,1.9800000000000002,33.08571428571429,-0.7071067811865477,0.7071067811865474,-0.9749279121818236,-0.2225209339563146,A,0
2023-07-16 00:00:00,1,20.69722222222222,70.75,1010.613888888889,26.680555555555554,-0.0659655924948082,0,0.0,6.766666666666666,1.2600000000000002,8.666666666666666,0.7071067811865475,0.7071067811865476,-0.7818314824680299,0.6234898018587334,A,0
2023-07-16 06:00:00,1,36.297222222222224,38.638888888888886,1010.7333333333333,26.278333333333336,-0.07494825850560902,0,0.0,7.199999999999999,15.240000000000002,565.1666666666666,0.7071067811865476,-0.7071067811865475,-0.7818314824680299,0.6234898018587334,A,0
2023-07-16 12:00:00,1,39.06764705882353,32.75,1009.0941176470587,25.467058823529413,-0.17312039254386188,0,0.0,6.197058823529411,18.18,645.3235294117648,-0.7071067811865471,-0.7071067811865479,-0.7818314824680299,0.6234898018587334,A,0
2023-07-16 18:00:00,1,28.03888888888889,46.56944444444444,1010.5722222222224,24.75277777777778,-0.0795101244948339,0,0.0,12.116666666666667,4.380000000000001,31.833333333333332,-0.7071067811865477,0.7071067811865474,-0.7818314824680299,0.6234898018587334,A,0
2023-07-17 00:00:00,1,23.127777777777776,56.65277777777778,1011.9416666666663,24.421944444444442,-0.03749778651844632,0,0.0,11.499999999999996,2.5799999999999996,8.5,0.7071067811865475,0.7071067811865476,0.0,1.0,A,0
2023-07-17 06:00:00,1,37.357142857142854,36.81428571428572,1012.3542857142855,28.821142857142853,2.5681258644197245,952,0.0,5.054285714285713,15.1,574.2571428571429,0.7071067811865476,-0.7071067811865475,0.0,1.0,A,2
2023-07-17 12:00:00,1,39.22777777777778,33.15277777777778,1009.9305555555553,34.55694444444444,-0.8141445991522716,666,0.0,6.633333333333335,19.140000000000008,626.0,-0.7071067811865471,-0.7071067811865479,0.0,1.0,A,1
2023-07-17 18:00:00,1,28.394444444444442,45.30555555555556,1011.2361111111109,30.78166666666667,-0.24979326967053825,0,0.0,19.216666666666665,6.3,30.5,-0.7071067811865477,0.7071067811865474,0.0,1.0,A,0
2023-07-18 00:00:00,1,21.634285714285713,75.8,1013.1999999999998,29.706285714285716,-0.12547622801541328,0,0.0,7.685714285714288,1.7800000000000002,8.228571428571428,0.7071067811865475,0.7071067811865476,0.7818314824680298,0.6234898018587336,A,0
2023-07-18 06:00:00,1,36.51428571428571,46.72857142857143,1013.4028571428571,28.568571428571428,-0.28180929907615504,0,0.0,4.105714285714285,14.389999999999999,543.5714285714286,0.7071067811865476,-0.7071067811865475,0.7818314824680298,0.6234898018587336,A,0
2023-07-18 12:00:00,1,39.23333333333333,41.30555555555556,1009.122222222222,26.85611111111111,-0.26469049234787,0,0.0,6.9333333333333345,19.799999999999997,645.3333333333334,-0.7071067811865471,-0.7071067811865479,0.7818314824680298,0.6234898018587336,A,0
2023-07-18 18:00:00,1,29.511428571428574,60.885714285714286,1010.1742857142859,25.83971428571429,-0.09314405497253467,0,0.0,5.742857142857141,2.1099999999999994,30.142857142857142,-0.7071067811865477,0.7071067811865474,0.7818314824680298,0.6234898018587336,A,0
2023-07-19 00:00:00,1,24.122222222222224,78.05555555555556,1009.7361111111111,25.466388888888886,-0.03943926171773312,0,0.0,9.533333333333333,1.1400000000000001,7.666666666666667,0.7071067811865475,0.7071067811865476,0.9749279121818236,-0.22252093395631434,A,0
2023-07-19 06:00:00,1,35.12285714285715,53.77142857142857,1008.122857142857,32.15971428571428,2.2716737832645695,1677,0.0,10.168571428571425,13.9,493.8857142857143,0.7071067811865476,-0.7071067811865475,0.9749279121818236,-0.22252093395631434,A,2
2023-07-19 12:00:00,1,37.18333333333334,38.27777777777778,1003.375,34.05888888888889,-1.0808664476640557,716,15.0,10.266666666666671,13.559999999999997,465.0,-0.7071067811865471,-0.7071067811865479,0.9749279121818236,-0.22252093395631434,A,1
2023-07-19 18:00:00,1,28.428571428571427,49.77142857142857,1003.5828571428572,30.599714285714292,-0.1956965169133525,0,0.0,7.368571428571429,1.24,17.142857142857142,-0.7071067811865477,0.7071067811865474,0.9749279121818236,-0.22252093395631434,A,0
2023-07-20 00:00:00,1,22.525,74.09722222222223,1006.2194444444447,29.679999999999993,-0.10484252722975411,0,32.400000000000006,10.616666666666667,0.6000000000000001,7.166666666666667,0.7071067811865475,0.7071067811865476,0.43388373911755823,-0.900968867902419,A,0
2023-07-20 06:00:00,1,34.727777777777774,44.25,1005.9083333333333,28.234166666666667,-0.47168764641080624,0,0.0,5.499999999999998,13.620000000000005,532.5,0.7071067811865476,-0.7071067811865475,0.43388373911755823,-0.900968867902419,A,0
2023-07-20 12:00:00,1,37.0029411764706,40.279411764705884,1003.0764705882352,26.37676470588235,-0.199793681723771,0,0.0,7.155882352941177,16.599999999999994,605.0882352941177,-0.7071067811865471,-0.7071067811865479,0.43388373911755823,-0.900968867902419,A,0
2023-07-20 18:00:00,1,26.28611111111111,66.11111111111111,1003.4555555555556,25.55388888888889,-0.060171852744817664,0,0.0,9.899999999999999,3.1200000000000006,25.166666666666668,-0.7071067811865477,0.7071067811865474,0.43388373911755823,-0.900968867902419,A,0
2023-07-21 00:00:00,1,23.923529411764704,74.20588235294117,1004.4617647058823,25.24264705882353,-0.04495029402371747,0,3.5999999999999996,6.261764705882353,0.6700000000000002,6.470588235294118,0.7071067811865475,0.7071067811865476,-0.433883739117558,-0.9009688679024191,A,0
2023-07-21 06:00:00,1,33.577777777777776,47.916666666666664,1003.5388888888889,26.258333333333333,0.976531943207301,603,0.6,11.08333333333333,11.879999999999999,429.1666666666667,0.7071067811865476,-0.7071067811865475,-0.433883739117558,-0.9009688679024191,A,1
2023-07-21 12:00:00,1,32.32222222222222,47.791666666666664,1002.9416666666667,34.89944444444445,0.3519079743341175,1849,0.0,12.483333333333334,13.860000000000003,511.0,-0.7071067811865471,-0.7071067811865479,-0.433883739117558,-0.9009688679024191,A,2
2023-07-21 18:00:00,1,24.58857142857143,69.57142857142857,1005.7971428571427,35.28685714285714,-0.2555995349936653,1309,1.2000000000000002,5.948571428571429,1.24,28.8,-0.7071067811865477,0.7071067811865474,-0.433883739117558,-0.9009688679024191,A,2
2023-07-22 00:00:00,1,19.57777777777778,87.23611111111111,1008.4833333333331,34.36194444444445,0.03440044700900201,519,0.0,6.666666666666668,0.23999999999999996,6.666666666666667,0.7071067811865475,0.7071067811865476,-0.9749279121818236,-0.2225209339563146,A,1
2023-07-22 06:00:00,1,31.283333333333335,54.583333333333336,1009.1999999999999,33.03805555555555,-0.5858347880390515,76,14.4,5.716666666666669,8.099999999999998,321.5,0.7071067811865476,-0.7071067811865475,-0.9749279121818236,-0.2225209339563146,A,1
2023-07-22 12:00:00,1,30.388888888888882,56.486111111111114,1008.6972222222224,30.84416666666667,-0.257196924338922,0,15.600000000000001,8.550000000000002,12.24,453.1666666666667,-0.7071067811865471,-0.7071067811865479,-0.9749279121818236,-0.2225209339563146,A,0
2023-07-22 18:00:00,1,21.091666666666665,79.76388888888889,1010.1194444444443,29.85111111111111,-0.09961879392413008,0,0.0,6.533333333333333,1.44,28.166666666666668,-0.7071067811865477,0.7071067811865474,-0.9749279121818236,-0.2225209339563146,A,0
2023-07-23 00:00:00,1,19.147222222222226,87.83333333333333,1011.9638888888888,29.357222222222227,-0.07790750422229553,0,0.0,12.683333333333334,1.02,5.666666666666667,0.7071067811865475,0.7071067811865476,-0.7818314824680299,0.6234898018587334,A,0
2023-07-23 06:00:00,1,32.386111111111106,51.80555555555556,1011.9749999999999,28.618333333333332,-0.2141991854117249,0,0.0,5.950000000000001,13.079999999999998,510.1666666666667,0.7071067811865476,-0.7071067811865475,-0.7818314824680299,0.6234898018587334,A,0
2023-07-23 12:00:00,1,36.0,40.57142857142857,1009.1971428571429,27.310285714285712,-0.17468580896679556,0,0.0,6.248571428571428,16.930000000000003,590.3142857142857,-0.7071067811865471,-0.7071067811865479,-0.7818314824680299,0.6234898018587334,A,0
2023-07-23 18:00:00,1,23.75277777777778,60.31944444444444,1009.4444444444445,26.650277777777774,-0.08076615945069847,0,0.0,11.1,4.2,28.166666666666668,-0.7071067811865477,0.7071067811865474,-0.7818314824680299,0.6234898018587334,A,0
2023-07-24 00:00:00,1,17.924999999999997,78.75,1009.2027777777777,26.311666666666667,-0.034670177008899836,0,0.0,6.85,1.3800000000000001,6.333333333333333,0.7071067811865475,0.7071067811865476,0.0,1.0,A,0
2023-07-24 06:00:00,1,27.685714285714283,63.24285714285714,1007.5371428571427,16.021714285714285,-1.8046070038571298,0,3.500000000000001,5.114285714285714,11.089999999999998,421.8857142857143,0.7071067811865476,-0.7071067811865475,0.0,1.0,A,0
2023-07-24 12:00:00,1,33.33333333333334,51.541666666666664,1003.1027777777776,28.054166666666667,2.853420669234009,1830,0.0,12.666666666666666,16.32,519.0,-0.7071067811865471,-0.7071067811865479,0.0,1.0,A,2
2023-07-24 18:00:00,1,26.063888888888886,71.66666666666667,1001.3027777777778,27.77722222222222,-0.9555081913615524,153,0.0,12.499999999999996,2.6399999999999992,20.5,-0.7071067811865477,0.7071067811865474,0.0,1.0,A,1
2023-07-25 00:00:00,1,21.858333333333334,79.5,999.7694444444446,25.713333333333335,-0.10809392580378231,0,0.0,7.233333333333334,0.6000000000000001,1.5,0.7071067811865475,0.7071067811865476,0.7818314824680298,0.6234898018587336,A,0
2023-07-25 06:00:00,1,25.355555555555554,72.77777777777777,999.0777777777777,28.09027777777778,-0.2640105285227252,0,0.0,6.200000000000001,8.040000000000001,297.8333333333333,0.7071067811865476,-0.7071067811865475,0.7818314824680298,0.6234898018587336,A,0
2023-07-25 12:00:00,1,30.491666666666667,51.333333333333336,996.2583333333334,25.749166666666667,-0.18845870240630344,0,1.7999999999999998,8.116666666666667,13.260000000000002,444.3333333333333,-0.7071067811865471,-0.7071067811865479,0.7818314824680298,0.6234898018587336,A,0
2023-07-25 18:00:00,1,22.680555555555557,62.541666666666664,997.2944444444444,25.020555555555557,-0.032882668486716865,0,42.6,10.866666666666665,2.7600000000000007,25.0,-0.7071067811865477,0.7071067811865474,0.7818314824680298,0.6234898018587336,A,0
2023-07-26 00:00:00,1,19.12941176470588,76.69117647058823,1001.5235294117646,24.79176470588235,-0.02719188931117584,0,2.4000000000000004,6.1000000000000005,0.6100000000000001,5.4411764705882355,0.7071067811865475,0.7071067811865476,0.9749279121818236,-0.22252093395631434,A,0
2023-07-26 06:00:00,1,30.45555555555556,38.25,1004.4444444444445,24.78055555555556,0.0021726450146323127,0,0.0,5.916666666666667,13.26,530.8333333333334,0.7071067811865476,-0.7071067811865475,0.9749279121818236,-0.22252093395631434,A,0
2023-07-26 12:00:00,1,33.06111111111111,27.666666666666668,1004.1361111111112,24.265277777777776,-0.11714629978926848,0,0.6000000000000001,8.616666666666669,17.940000000000005,623.5,-0.7071067811865471,-0.7071067811865479,0.9749279121818236,-0.22252093395631434,A,0
2023-07-26 18:00:00,1,19.208823529411767,64.20588235294117,1007.670588235294,23.790882352941175,-0.04150998811271362,0,0.0,8.735294117647058,2.5799999999999996,29.11764705882353,-0.7071067811865477,0.7071067811865474,0.9749279121818236,-0.22252093395631434,A,0
2023-07-27 00:00:00,1,16.441666666666666,83.16666666666667,1011.3444444444443,23.52722222222222,-0.05151211749740728,0,0.0,10.366666666666667,0.7200000000000001,6.0,0.7071067811865475,0.7071067811865476,0.43388373911755823,-0.900968867902419,A,0
2023-07-27 06:00:00,1,27.151428571428575,54.1,1011.9171428571428,23.165142857142854,-0.08414462518007322,0,0.0,8.685714285714287,12.879999999999999,546.1142857142858,0.7071067811865476,-0.7071067811865475,0.43388373911755823,-0.900968867902419,A,0
2023-07-27 12:00:00,1,32.71714285714285,37.92857142857143,1008.7228571428574,22.522,-0.09651947648852785,0,0.0,6.708571428571428,14.29,541.9142857142857,-0.7071067811865471,-0.7071067811865479,0.43388373911755823,-0.900968867902419,A,0
2023-07-27 18:00:00,1,20.702777777777776,69.22222222222223,1009.5250000000002,22.127777777777776,-0.04135758881797151,0,0.0,5.883333333333334,1.5,26.333333333333332,-0.7071067811865477,0.7071067811865474,0.43388373911755823,-0.900968867902419,A,0
2023-07-28 00:00:00,1,17.66285714285715,69.85714285714286,1009.4599999999999,21.905714285714282,-0.038597592825117856,0,0.0,6.508571428571429,0.6300000000000001,4.9714285714285715,0.7071067811865475,0.7071067811865476,-0.433883739117558,-0.9009688679024191,A,0
2023-07-28 06:00:00,1,29.69428571428572,47.25714285714286,1009.6571428571426,22.14914285714286,0.5532793527693814,349,0.0,7.022857142857143,13.300000000000002,526.6285714285714,0.7071067811865476,-0.7071067811865475,-0.433883739117558,-0.9009688679024191,A,1
2023-07-28 12:00:00,1,32.202777777777776,43.40277777777778,1007.6111111111111,29.585277777777776,-0.6670262203279604,709,0.0,12.299999999999999,17.28,561.3333333333334,-0.7071067811865471,-0.7071067811865479,-0.433883739117558,-0.9009688679024191,A,1
2023-07-28 18:00:00,1,23.783333333333335,64.55555555555556,1008.8694444444443,26.480833333333333,-0.15052262706743982,0,0.0,16.533333333333328,3.7799999999999994,24.333333333333332,-0.7071067811865477,0.7071067811865474,-0.433883739117558,-0.9009688679024191,A,0
2023-07-29 00:00:00,1,20.094117647058823,81.44117647058823,1010.0088235294119,25.87323529411764,-0.0767348805652889,0,0.0,8.53529411764706,0.81,5.647058823529412,0.7071067811865475,0.7071067811865476,-0.9749279121818236,-0.2225209339563146,A,0
2023-07-29 06:00:00,1,32.88823529411764,49.36764705882353,1009.6882352941177,28.301764705882352,1.4474860563640195,871,0.0,2.4499999999999997,11.91,496.8235294117647,0.7071067811865476,-0.7071067811865475,-0.9749279121818236,-0.2225209339563146,A,2
2023-07-29 12:00:00,1,34.858333333333334,43.06944444444444,1006.6472222222224,29.973055555555554,-0.4644766872016382,700,0.0,11.916666666666664,17.939999999999998,565.6666666666666,-0.7071067811865471,-0.7071067811865479,-0.9749279121818236,-0.2225209339563146,A,1
2023-07-29 18:00:00,1,25.66176470588235,59.19117647058823,1007.3117647058823,26.736764705882354,-0.21015108940294236,0,0.0,18.811764705882354,4.73,20.0,-0.7071067811865477,0.7071067811865474,-0.9749279121818236,-0.2225209339563146,A,0
2023-07-30 00:00:00,1,20.869444444444447,76.68055555555556,1008.9611111111111,25.92083333333333,-0.08377081857783046,0,0.0,9.116666666666665,1.08,5.166666666666667,0.7071067811865475,0.7071067811865476,-0.7818314824680299,0.6234898018587334,A,0
2023-07-30 06:00:00,1,32.3735294117647,48.720588235294116,1008.5617647058821,25.37529411764706,-0.1281008515179481,0,0.0,4.479411764705882,12.7,523.6176470588235,0.7071067811865476,-0.7071067811865475,-0.7818314824680299,0.6234898018587334,A,0
2023-07-30 12:00:00,1,35.87142857142858,41.94285714285714,1006.1657142857143,24.67628571428571,-0.1092599199323578,0,0.0,2.7742857142857145,15.04,571.4857142857143,-0.7071067811865471,-0.7071067811865479,-0.7818314824680299,0.6234898018587334,A,0
2023-07-30 18:00:00,1,26.15142857142857,67.07142857142857,1007.4914285714287,24.25057142857143,-0.04070784123360821,0,0.0,5.742857142857142,1.54,23.142857142857142,-0.7071067811865477,0.7071067811865474,-0.7818314824680299,0.6234898018587334,A,0
2023-07-31 00:00:00,1,20.82571428571428,87.31428571428572,1009.0771428571428,23.966285714285714,-0.03929984816423045,0,0.0,7.665714285714286,0.6900000000000001,4.142857142857143,0.7071067811865475,0.7071067811865476,0.0,1.0,A,0
2023-07-31 06:00:00,1,30.961764705882356,57.088235294117645,1009.1823529411766,25.026176470588236,1.0491444144229476,574,0.0,10.16764705882353,11.669999999999998,447.1764705882353,0.7071067811865476,-0.7071067811865475,0.0,1.0,A,1
2023-07-31 12:00:00,1,34.28823529411765,46.36764705882353,1006.0235294117648,31.754117647058827,0.1795502493357251,1724,0.0,5.932352941176471,14.98,558.2941176470588,-0.7071067811865471,-0.7071067811865479,0.0,1.0,A,2
2023-07-31 18:00:00,1,23.482857142857142,73.28571428571429,1005.9485714285713,28.330000000000002,-0.5288002667277965,0,0.0,4.6714285714285735,1.3800000000000001,21.6,-0.7071067811865477,0.7071067811865474,0.0,1.0,A,0
2023-08-01 00:00:00,1,19.774999999999995,73.0,1003.7111111111111,27.510000000000005,-0.11971231800494246,0,0.0,5.933333333333334,1.0800000000000003,4.166666666666667,0.7071067811865475,0.7071067811865476,0.7818314824680298,0.6234898018587336,A,0
2023-08-01 06:00:00,1,29.838235294117652,49.64705882352941,1001.2088235294117,27.138823529411766,-0.11174826176999941,0,0.0,12.555882352941174,13.319999999999999,465.94117647058823,0.7071067811865476,-0.7071067811865475,0.7818314824680298,0.6234898018587336,A,0
2023-08-01 12:00:00,1,31.43142857142857,43.642857142857146,998.2142857142857,26.388857142857148,-0.04014796673160799,0,0.0,19.56285714285714,17.949999999999996,536.9714285714285,-0.7071067811865471,-0.7071067811865479,0.7818314824680298,0.6234898018587336,A,0
2023-08-01 18:00:00,1,24.33888888888889,56.69444444444444,999.625,26.1,-0.04497872693030467,0,0.0,9.383333333333331,2.6999999999999993,19.5,-0.7071067811865477,0.7071067811865474,0.7818314824680298,0.6234898018587336,A,0
2023-08-02 00:00:00,1,20.413888888888888,76.56944444444444,1002.5305555555556,25.69555555555556,-0.041234372213891264,0,0.0,9.75,0.7200000000000002,4.333333333333333,0.7071067811865475,0.7071067811865476,0.9749279121818236,-0.22252093395631434,A,0
2023-08-02 06:00:00,1,30.262857142857136,55.2,1003.2342857142859,28.38314285714286,1.7742619955549872,838,0.0,10.542857142857144,12.77,504.0571428571429,0.7071067811865476,-0.7071067811865475,0.9749279121818236,-0.22252093395631434,A,2
2023-08-02 12:00:00,1,34.34571428571428,39.885714285714286,1000.3085714285716,33.07342857142857,-0.2422299276431802,1274,0.0,10.962857142857144,17.06,571.8285714285714,-0.7071067811865471,-0.7071067811865479,0.9749279121818236,-0.22252093395631434,A,2
2023-08-02 18:00:00,1,25.352777777777778,55.65277777777778,1000.7888888888888,29.5175,-0.2465982421633566,0,0.0,6.866666666666665,2.04,23.166666666666668,-0.7071067811865477,0.7071067811865474,0.9749279121818236,-0.22252093395631434,A,0
2023-08-03 00:00:00,1,23.297222222222224,68.83333333333333,1000.9388888888888,28.651111111111113,-0.0006933547716790298,0,0.0,6.416666666666667,0.9000000000000001,4.0,0.7071067811865475,0.7071067811865476,0.43388373911755823,-0.900968867902419,A,0
2023-08-03 06:00:00,1,33.308571428571426,47.15714285714286,1000.7342857142859,28.162571428571425,-0.17453174848881714,0,0.0,10.408571428571431,12.68,446.25714285714287,0.7071067811865476,-0.7071067811865475,0.43388373911755823,-0.900968867902419,A,0
2023-08-03 12:00:00,1,32.322580645161295,44.645161290322584,1000.1935483870968,27.247096774193558,-0.06528864489409404,0,0.0,24.164516129032254,14.309999999999997,454.61290322580646,-0.7071067811865471,-0.7071067811865479,0.43388373911755823,-0.900968867902419,A,0
2023-08-03 18:00:00,1,26.033333333333335,48.43939393939394,1000.6030303030303,26.70636363636363,-0.10357077684852237,0,0.0,12.93939393939394,3.6999999999999997,21.484848484848484,-0.7071067811865477,0.7071067811865474,0.43388373911755823,-0.900968867902419,A,0
2023-08-04 00:00:00,1,21.757142857142856,57.6,1001.3285714285714,26.388571428571428,-0.023103174493409984,0,0.0,5.885714285714286,1.0000000000000002,4.285714285714286,0.7071067811865475,0.7071067811865476,-0.433883739117558,-0.9009688679024191,A,0
2023-08-04 06:00:00,1,26.457142857142856,49.9,1002.3257142857141,25.96028571428571,-0.0803885355474534,0,0.0,4.4799999999999995,9.76,355.4,0.7071067811865476,-0.7071067811865475,-0.433883739117558,-0.9009688679024191,A,0
2023-08-04 12:00:00,1,26.46388888888889,43.97222222222222,1001.5194444444444,25.604166666666668,-0.011179129589647879,0,0.0,10.449999999999996,11.400000000000002,296.0,-0.7071067811865471,-0.7071067811865479,-0.433883739117558,-0.9009688679024191,A,0
2023-08-04 18:00:00,1,19.805555555555554,73.38888888888889,1003.9722222222222,25.26361111111111,-0.10324790310715534,0,46.19999999999999,8.799999999999999,0.66,5.666666666666667,-0.7071067811865477,0.7071067811865474,-0.433883739117558,-0.9009688679024191,A,0
2023-08-05 00:00:00,1,16.61470588235294,93.01470588235294,1003.364705882353,28.308529411764706,1.7518022115782976,0,59.4,9.373529411764705,0.18,0.7058823529411765,0.7071067811865475,0.7071067811865476,-0.9749279121818236,-0.2225209339563146,A,0
2023-08-05 06:00:00,1,23.444117647058825,70.23529411764706,1003.7529411764706,31.136764705882356,-0.35747608936844694,0,5.9,9.820588235294117,7.289999999999999,302.5882352941176,0.7071067811865476,-0.7071067811865475,-0.9749279121818236,-0.2225209339563146,A,0
2023-08-05 12:00:00,1,28.406060606060606,45.57575757575758,1002.1818181818181,29.433636363636364,-0.15842630775396094,0,0.0,10.796969696969695,12.3,501.4848484848485,-0.7071067811865471,-0.7071067811865479,-0.9749279121818236,-0.2225209339563146,A,0
2023-08-05 18:00:00,1,19.225714285714286,70.17142857142858,1002.2514285714286,28.86285714285714,-0.010136432204811764,0,0.0,8.69142857142857,1.7,20.914285714285715,-0.7071067811865477,0.7071067811865474,-0.9749279121818236,-0.2225209339563146,A,0
2023-08-06 00:00:00,1,16.133333333333336,85.25,1001.5694444444445,28.468611111111116,-0.05131958581322439,0,0.0,9.149999999999999,1.1400000000000001,3.5,0.7071067811865475,0.7071067811865476,-0.7818314824680299,0.6234898018587334,A,0
2023-08-06 06:00:00,1,30.327272727272724,38.56060606060606,1000.7272727272727,27.9430303030303,-0.1398490849012679,0,0.0,9.845454545454546,11.74,497.3333333333333,0.7071067811865476,-0.7071067811865475,-0.7818314824680299,0.6234898018587334,A,0
2023-08-06 12:00:00,1,33.12333333333333,21.75,999.7533333333333,26.831666666666667,-0.16290127827172862,0,0.0,20.113333333333337,17.41,633.7333333333333,-0.7071067811865471,-0.7071067811865479,-0.7818314824680299,0.6234898018587334,A,0
2023-08-06 18:00:00,1,19.08529411764706,49.36764705882353,1003.65,26.0764705882353,-0.1031088000209734,0,0.0,14.158823529411764,4.91,23.294117647058822,-0.7071067811865477,0.7071067811865474,-0.7818314824680299,0.6234898018587334,A,0
2023-08-07 00:00:00,1,11.894117647058822,81.08823529411765,1007.0058823529413,26.085882352941177,0.053730113883347815,0,0.0,8.71176470588235,1.3000000000000003,2.588235294117647,0.7071067811865475,0.7071067811865476,0.0,1.0,A,0
2023-08-07 06:00:00,1,28.452777777777776,29.84722222222222,1007.6222222222225,25.700555555555553,-0.1815481446395443,0,0.0,16.41666666666666,15.480000000000002,547.1666666666666,0.7071067811865476,-0.7071067811865475,0.0,1.0,A,0
2023-08-07 12:00:00,1,31.65294117647059,20.86764705882353,1007.4058823529413,25.032647058823528,-0.06333191338332723,0,0.0,15.302941176470586,18.250000000000004,638.7058823529412,-0.7071067811865471,-0.7071067811865479,0.0,1.0,A,0
2023-08-07 18:00:00,1,17.291666666666668,48.125,1010.3611111111109,24.410555555555547,-0.04816829692869203,0,0.0,9.449999999999996,3.3600000000000003,21.833333333333332,-0.7071067811865477,0.7071067811865474,0.0,1.0,A,0
2023-08-08 00:00:00,1,13.882857142857143,60.34285714285714,1012.0914285714285,24.177428571428575,-0.032055179564606184,0,0.0,5.577142857142858,0.8800000000000001,3.4285714285714284,0.7071067811865475,0.7071067811865476,0.7818314824680298,0.6234898018587336,A,0
2023-08-08 06:00:00,1,27.26111111111111,39.166666666666664,1012.5750000000002,27.59611111111111,1.9624808816297614,720,0.0,3.1,12.18,530.3333333333334,0.7071067811865476,-0.7071067811865475,0.7818314824680298,0.6234898018587336,A,1
2023-08-08 12:00:00,1,32.72941176470588,29.647058823529413,1010.2,34.323235294117644,-0.2563088282314755,956,0.0,5.91764705882353,15.38,607.4411764705883,-0.7071067811865471,-0.7071067811865479,0.7818314824680298,0.6234898018587336,A,2
2023-08-08 18:00:00,1,18.514705882352946,59.470588235294116,1011.3676470588235,31.131470588235295,-0.13020802786504876,0,0.0,7.000000000000001,2.0500000000000003,19.5,-0.7071067811865477,0.7071067811865474,0.7818314824680298,0.6234898018587336,A,0
2023-08-09 00:00:00,1,16.794285714285717,58.58571428571429,1011.9028571428571,30.380571428571425,-0.10864568806614623,0,0.0,4.557142857142858,0.6000000000000001,3.257142857142857,0.7071067811865475,0.7071067811865476,0.9749279121818236,-0.22252093395631434,A,0
2023-08-09 06:00:00,1,28.860714285714288,39.089285714285715,1011.9857142857144,29.479999999999993,-0.206956850068072,0,0.0,3.9714285714285715,8.940000000000001,470.85714285714283,0.7071067811865476,-0.7071067811865475,0.9749279121818236,-0.22252093395631434,A,0
2023-08-09 12:00:00,1,34.333333333333336,30.65277777777778,1009.4027777777778,27.895555555555553,-0.22960832659580402,0,0.0,4.249999999999998,15.599999999999998,590.1666666666666,-0.7071067811865471,-0.7071067811865479,0.9749279121818236,-0.22252093395631434,A,0
2023-08-09 18:00:00,1,21.26,62.47142857142857,1011.4342857142856,27.39,-0.015248854296668177,0,0.0,5.594285714285713,1.4900000000000002,18.6,-0.7071067811865477,0.7071067811865474,0.9749279121818236,-0.22252093395631434,A,0
2023-08-10 00:00:00,1,16.245714285714286,81.17142857142858,1013.6571428571428,27.24771428571429,-0.044476864124445736,0,0.0,6.865714285714286,0.23000000000000004,2.914285714285714,0.7071067811865475,0.7071067811865476,0.43388373911755823,-0.900968867902419,A,0
2023-08-10 06:00:00,1,30.8,47.220588235294116,1014.1529411764707,26.529705882352943,-0.23712020967216088,0,0.0,8.438235294117646,12.34,518.9411764705883,0.7071067811865476,-0.7071067811865475,0.43388373911755823,-0.900968867902419,A,0
2023-08-10 12:00:00,1,33.80571428571429,38.47142857142857,1012.4799999999999,24.98828571428572,-0.1950919911648731,0,0.0,8.48857142857143,16.78,595.2285714285714,-0.7071067811865471,-0.7071067811865479,0.43388373911755823,-0.900968867902419,A,0
2023-08-10 18:00:00,1,24.46363636363636,60.15151515151515,1014.8878787878789,24.56757575757576,-0.0022633921878923145,0,0.0,11.700000000000001,3.18,14.0,-0.7071067811865477,0.7071067811865474,0.43388373911755823,-0.900968867902419,A,0
2023-08-11 00:00:00,1,19.49375,78.21875,1016.8062500000001,24.526875,-0.004414432719627238,0,0.0,6.85,0.76,2.5,0.7071067811865475,0.7071067811865476,-0.433883739117558,-0.9009688679024191,A,0
2023-08-11 06:00:00,1,32.02857142857143,44.97142857142857,1017.5514285714287,23.96457142857143,-0.2398642204197553,0,0.0,7.862857142857144,12.939999999999998,512.4285714285714,0.7071067811865476,-0.7071067811865475,-0.433883739117558,-0.9009688679024191,A,0
2023-08-11 12:00:00,1,35.19375,38.984375,1015.7906250000001,30.1028125,2.9619382746608265,1036,0.0,10.01875,15.499999999999998,588.8125,-0.7071067811865471,-0.7071067811865479,-0.433883739117558,-0.9009688679024191,A,2
2023-08-11 18:00:00,1,24.56285714285714,61.57142857142857,1016.9542857142858,31.877428571428574,-0.4222688115814996,0,0.0,10.297142857142857,3.0099999999999993,18.0,-0.7071067811865477,0.7071067811865474,-0.433883739117558,-0.9009688679024191,A,0
2023-08-12 00:00:00,1,17.755882352941175,82.75,1017.8676470588235,30.619411764705887,-0.08568858240831302,0,0.0,5.961764705882352,0.4600000000000001,2.2058823529411766,0.7071067811865475,0.7071067811865476,-0.9749279121818236,-0.2225209339563146,A,0
2023-08-12 06:00:00,1,31.830555555555552,47.0,1016.9416666666667,33.676944444444445,1.75611581001076,1183,0.0,3.3166666666666664,12.539999999999997,499.5,0.7071067811865476,-0.7071067811865475,-0.9749279121818236,-0.2225209339563146,A,2
2023-08-12 12:00:00,1,35.73235294117647,39.26470588235294,1013.4352941176471,34.41911764705883,-0.7779134006894081,406,0.0,5.888235294117648,15.500000000000002,575.2647058823529,-0.7071067811865471,-0.7071067811865479,-0.9749279121818236,-0.2225209339563146,A,1
2023-08-12 18:00:00,1,25.014285714285716,64.85714285714286,1014.4914285714287,31.770857142857142,-0.13952120604884757,0,0.0,8.780000000000001,2.69,13.6,-0.7071067811865477,0.7071067811865474,-0.9749279121818236,-0.2225209339563146,A,0
2023-08-13 00:00:00,1,19.83939393939394,82.5909090909091,1015.3848484848484,31.205454545454543,-0.07475651812061461,0,0.0,5.269696969696969,0.6000000000000001,2.5454545454545454,0.7071067811865475,0.7071067811865476,-0.7818314824680299,0.6234898018587334,A,0
2023-08-13 06:00:00,1,33.627272727272725,46.04545454545455,1014.6424242424243,29.36515151515151,-0.6234678147377647,0,0.0,5.142424242424243,12.11,492.06060606060606,0.7071067811865476,-0.7071067811865475,-0.7818314824680299,0.6234898018587334,A,0
2023-08-13 12:00:00,1,36.69722222222222,39.458333333333336,1011.8638888888888,26.033888888888892,-0.2863733712194715,0,0.0,6.599999999999999,16.86,576.6666666666666,-0.7071067811865471,-0.7071067811865479,-0.7818314824680299,0.6234898018587334,A,0
2023-08-13 18:00:00,1,26.283333333333335,64.23611111111111,1012.8194444444445,25.589999999999993,-0.06840045329585813,0,0.0,8.516666666666664,2.880000000000001,15.166666666666666,-0.7071067811865477,0.7071067811865474,-0.7818314824680299,0.6234898018587334,A,0
2023-08-14 00:00:00,1,20.76111111111111,83.73611111111111,1013.9916666666666,25.403055555555554,-0.006417833746147466,0,0.0,5.133333333333334,0.42000000000000004,2.1666666666666665,0.7071067811865475,0.7071067811865476,0.0,1.0,A,0
2023-08-14 06:00:00,1,34.173529411764704,46.720588235294116,1013.8882352941175,24.67823529411765,-0.28979835732934023,0,0.0,5.347058823529411,12.580000000000002,500.94117647058823,0.7071067811865476,-0.7071067811865475,0.0,1.0,A,0
2023-08-14 12:00:00,1,33.56470588235294,42.529411764705884,1011.8941176470589,32.546176470588236,1.8947997747451695,1117,0.0,7.538235294117648,14.370000000000001,491.3529411764706,-0.7071067811865471,-0.7071067811865479,0.0,1.0,A,2
2023-08-14 18:00:00,1,24.208333333333332,69.58333333333333,1013.2361111111111,31.782222222222224,-0.26984210723480834,0,0.0,8.133333333333335,2.9399999999999995,14.0,-0.7071067811865477,0.7071067811865474,0.0,1.0,A,0
2023-08-15 00:00:00,1,20.861111111111107,81.94444444444444,1014.0638888888888,30.87166666666667,-0.0923148844565845,0,0.0,5.566666666666666,1.02,2.0,0.7071067811865475,0.7071067811865476,0.7818314824680298,0.6234898018587336,A,0
2023-08-15 06:00:00,1,33.188571428571436,47.214285714285715,1013.4371428571429,29.018285714285717,-0.6437624166576105,0,0.0,3.76,12.41,490.6857142857143,0.7071067811865476,-0.7071067811865475,0.7818314824680298,0.6234898018587336,A,0
2023-08-15 12:00:00,1,36.849999999999994,36.5735294117647,1010.2029411764706,25.834117647058825,-0.26954315273053087,0,0.0,3.197058823529412,13.969999999999999,523.7352941176471,-0.7071067811865471,-0.7071067811865479,0.7818314824680298,0.6234898018587336,A,0
2023-08-15 18:00:00,1,25.314285714285713,63.98571428571429,1012.06,24.944285714285712,-0.004525805039103995,0,0.0,6.208571428571431,1.58,12.571428571428571,-0.7071067811865477,0.7071067811865474,0.7818314824680298,0.6234898018587336,A,0
2023-08-16 00:00:00,1,20.497222222222224,82.88888888888889,1013.6666666666669,24.913888888888884,-0.006779931321908233,0,5.4,3.6499999999999995,0.0,1.8333333333333333,0.7071067811865475,0.7071067811865476,0.9749279121818236,-0.22252093395631434,A,0
2023-08-16 06:00:00,1,32.294117647058826,51.544117647058826,1013.7117647058823,24.48,-0.2300031470472812,0,0.0,5.352941176470587,10.76,435.94117647058823,0.7071067811865476,-0.7071067811865475,0.9749279121818236,-0.22252093395631434,A,0
2023-08-16 12:00:00,1,36.94,34.1,1010.6685714285712,23.082857142857147,-0.12714485097071013,6,0.0,4.765714285714286,14.879999999999999,528.9142857142857,-0.7071067811865471,-0.7071067811865479,0.9749279121818236,-0.22252093395631434,A,1
2023-08-16 18:00:00,1,24.383333333333336,64.22222222222223,1011.9249999999998,22.83166666666667,-0.0013405839300109112,0,0.0,4.549999999999999,1.1400000000000001,12.0,-0.7071067811865477,0.7071067811865474,0.9749279121818236,-0.22252093395631434,A,0
2023-08-17 00:00:00,1,21.17058823529412,77.83823529411765,1012.9617647058825,22.802941176470586,-0.013424795738711448,0,7.0,11.66470588235294,0.9400000000000001,1.588235294117647,0.7071067811865475,0.7071067811865476,0.43388373911755823,-0.900968867902419,A,0
2023-08-17 06:00:00,1,34.32285714285714,43.614285714285714,1012.0028571428574,22.525428571428574,-0.11571044101563502,0,0.0,4.059999999999999,11.409999999999998,457.51428571428573,0.7071067811865476,-0.7071067811865475,0.43388373911755823,-0.900968867902419,A,0
2023-08-17 12:00:00,1,30.23030303030303,56.28787878787879,1010.1151515151514,22.096363636363634,0.006373358162612808,0,4.8,9.315151515151515,9.760000000000002,387.8787878787879,-0.7071067811865471,-0.7071067811865479,0.43388373911755823,-0.900968867902419,A,0
2023-08-17 18:00:00,1,23.89142857142857,69.07142857142857,1011.5714285714286,22.11371428571429,-0.0018818949320287292,0,0.0,5.028571428571428,0.54,11.657142857142857,-0.7071067811865477,0.7071067811865474,0.43388373911755823,-0.900968867902419,A,0
2023-08-18 00:00:00,1,20.6735294117647,76.44117647058823,1012.2294117647058,22.098823529411767,-0.0010434576981683448,0,0.0,4.185294117647059,0.10999999999999999,1.4705882352941178,0.7071067811865475,0.7071067811865476,-0.433883739117558,-0.9009688679024191,A,0
2023-08-18 06:00:00,1,32.775757575757574,47.24242424242424,1012.0757575757576,22.013030303030305,0.007009500365391629,245,0.0,3.5212121212121215,11.25,469.0,0.7071067811865476,-0.7071067811865475,-0.433883739117558,-0.9009688679024191,A,1
2023-08-18 12:00:00,1,37.55294117647059,37.838235294117645,1009.7323529411765,33.739117647058826,0.6406962887939855,1252,0.0,6.735294117647059,15.280000000000001,549.1176470588235,-0.7071067811865471,-0.7071067811865479,-0.433883739117558,-0.9009688679024191,A,2
2023-08-18 18:00:00,1,26.358333333333334,64.63888888888889,1011.2527777777777,32.56055555555555,-0.8518399955458007,169,0.0,7.616666666666668,1.9200000000000002,12.833333333333334,-0.7071067811865477,0.7071067811865474,-0.433883739117558,-0.9009688679024191,A,1
2023-08-19 00:00:00,1,21.40909090909091,79.89393939393939,1012.5727272727273,30.569090909090907,-0.12038447370530357,0,0.0,3.5939393939393938,0.12,1.3636363636363635,0.7071067811865475,0.7071067811865476,-0.9749279121818236,-0.2225209339563146,A,0
2023-08-19 06:00:00,1,34.80294117647059,47.544117647058826,1012.6235294117648,28.53735294117647,-0.675011844402105,0,0.0,2.8176470588235296,12.48,505.5882352941176,0.7071067811865476,-0.7071067811865475,-0.9749279121818236,-0.2225209339563146,A,0
2023-08-19 12:00:00,1,38.68529411764706,36.911764705882355,1010.844117647059,25.023529411764713,-0.311510637704542,0,0.0,5.329411764705882,15.48,559.1764705882352,-0.7071067811865471,-0.7071067811865479,-0.9749279121818236,-0.2225209339563146,A,0
2023-08-19 18:00:00,1,24.80833333333333,67.70833333333333,1012.9861111111113,24.444999999999997,-0.004545623819698255,0,0.0,7.083333333333333,2.1599999999999993,12.5,-0.7071067811865477,0.7071067811865474,-0.9749279121818236,-0.2225209339563146,A,0
2023-08-20 00:00:00,1,20.497142857142855,84.04285714285714,1014.9628571428573,24.404571428571426,-0.006195936395324544,0,0.0,6.502857142857142,0.7000000000000002,1.3714285714285714,0.7071067811865475,0.7071067811865476,-0.7818314824680299,0.6234898018587334,A,0
2023-08-20 06:00:00,1,35.368571428571435,44.885714285714286,1015.0085714285715,23.82542857142857,-0.24711102778810276,0,0.0,6.108571428571429,12.750000000000002,470.42857142857144,0.7071067811865476,-0.7071067811865475,-0.7818314824680299,0.6234898018587334,A,0
2023-08-20 12:00:00,1,38.202777777777776,36.15277777777778,1012.9027777777776,22.55777777777778,-0.10510370280067965,0,0.0,12.283333333333331,18.480000000000004,553.1666666666666,-0.7071067811865471,-0.7071067811865479,-0.7818314824680299,0.6234898018587334,A,0
2023-08-20 18:00:00,1,27.18529411764706,59.5735294117647,1015.2264705882354,22.369117647058825,0.0017553658432561822,0,0.0,9.279411764705882,3.039999999999999,10.029411764705882,-0.7071067811865477,0.7071067811865474,-0.7818314824680299,0.6234898018587334,A,0
2023-08-21 00:00:00,1,22.791666666666664,72.34722222222223,1016.7083333333331,22.366944444444446,0.0007627448059241052,0,0.0,3.933333333333334,0.4800000000000001,1.3333333333333333,0.7071067811865475,0.7071067811865476,0.0,1.0,A,0
2023-08-21 06:00:00,1,36.35428571428572,41.22857142857143,1016.2657142857144,22.093714285714285,-0.10067749138105017,0,0.0,4.637142857142856,12.620000000000001,468.62857142857143,0.7071067811865476,-0.7071067811865475,0.0,1.0,A,0
2023-08-21 12:00:00,1,39.67714285714286,32.614285714285714,1013.4142857142855,21.540857142857146,-0.04247652665330036,0,0.0,8.882857142857144,17.16,561.0,-0.7071067811865471,-0.7071067811865479,0.0,1.0,A,0
2023-08-21 18:00:00,1,24.80625,64.9375,1014.1999999999999,21.45875,-0.0032707298798566723,0,0.0,7.15,1.9700000000000002,10.625,-0.7071067811865477,0.7071067811865474,0.0,1.0,A,0
2023-08-22 00:00:00,1,22.73235294117647,69.26470588235294,1014.4176470588235,21.448235294117648,-0.0018215367903957364,0,0.0,4.55,0.6000000000000001,1.0294117647058822,0.7071067811865475,0.7071067811865476,0.7818314824680298,0.6234898018587336,A,0
2023-08-22 06:00:00,1,36.95294117647058,39.69117647058823,1013.9441176470588,30.65,2.940769830732694,1599,0.0,2.7058823529411766,12.489999999999998,492.11764705882354,0.7071067811865476,-0.7071067811865475,0.7818314824680298,0.6234898018587336,A,2
2023-08-22 12:00:00,1,40.341176470588245,32.35294117647059,1010.9588235294117,34.03,-0.8041831409455609,886,0.0,8.467647058823529,16.29,535.7352941176471,-0.7071067811865471,-0.7071067811865479,0.7818314824680298,0.6234898018587336,A,2
2023-08-22 18:00:00,1,25.205714285714286,63.0,1011.7228571428573,30.460857142857147,-0.1965779825859308,0,0.0,5.5600000000000005,1.58,10.628571428571428,-0.7071067811865477,0.7071067811865474,0.7818314824680298,0.6234898018587336,A,0
2023-08-23 00:00:00,1,23.22222222222222,63.15277777777778,1011.9083333333334,29.603055555555557,-0.09674550180333695,0,0.0,3.6000000000000005,0.18000000000000005,1.0,0.7071067811865475,0.7071067811865476,0.9749279121818236,-0.22252093395631434,A,0
2023-08-23 06:00:00,1,36.772222222222226,38.458333333333336,1011.5138888888889,28.1625,-0.5264205052088767,0,0.0,3.5833333333333335,12.899999999999997,476.8333333333333,0.7071067811865476,-0.7071067811865475,0.9749279121818236,-0.22252093395631434,A,0
2023-08-23 12:00:00,1,41.3,25.333333333333332,1008.6151515151514,24.987272727272725,-0.3177761878909667,0,0.0,6.3545454545454545,15.610000000000001,535.7878787878788,-0.7071067811865471,-0.7071067811865479,0.9749279121818236,-0.22252093395631434,A,0
2023-08-23 18:00:00,1,26.232258064516127,55.225806451612904,1010.2967741935485,24.29032258064516,-0.012332844198859856,0,0.0,7.099999999999997,2.3299999999999987,11.35483870967742,-0.7071067811865477,0.7071067811865474,0.9749279121818236,-0.22252093395631434,A,0
2023-08-24 00:00:00,1,21.096875,73.203125,1011.7781249999999,24.281875,0.04164330188759969,0,0.0,2.8687500000000004,0.27,1.125,0.7071067811865475,0.7071067811865476,0.43388373911755823,-0.900968867902419,A,0
2023-08-24 06:00:00,1,36.573529411764696,37.48529411764706,1011.4235294117648,24.309411764705878,-0.21345862547753908,0,0.0,5.352941176470587,13.01,479.8235294117647,0.7071067811865476,-0.7071067811865475,0.43388373911755823,-0.900968867902419,A,0
2023-08-24 12:00:00,1,40.8125,24.921875,1008.09375,22.690312499999997,-0.1288908741650335,0,0.0,8.590625,16.23,558.25,-0.7071067811865471,-0.7071067811865479,0.43388373911755823,-0.900968867902419,A,0
2023-08-24 18:00:00,1,25.975757575757576,58.22727272727273,1009.0272727272728,22.439090909090908,-0.004775634444275933,0,0.0,6.363636363636363,2.19,8.636363636363637,-0.7071067811865477,0.7071067811865474,0.43388373911755823,-0.900968867902419,A,0
2023-08-25 00:00:00,1,21.95428571428571,68.41428571428571,1009.1628571428573,22.398571428571426,-0.005473259645995899,0,0.0,3.751428571428571,0.41000000000000003,0.8571428571428571,0.7071067811865475,0.7071067811865476,-0.433883739117558,-0.9009688679024191,A,0
2023-08-25 06:00:00,1,37.67142857142858,36.964285714285715,1008.4535714285714,28.04321428571428,3.203111705834504,1046,0.0,5.250000000000002,10.959999999999997,501.4642857142857,0.7071067811865476,-0.7071067811865475,-0.433883739117558,-0.9009688679024191,A,2
2023-08-25 12:00:00,1,39.791428571428575,27.957142857142856,1005.3885714285714,34.848285714285716,-0.5805673744868858,1309,0.0,12.345714285714285,19.37,549.2,-0.7071067811865471,-0.7071067811865479,-0.433883739117558,-0.9009688679024191,A,2
2023-08-25 18:00:00,1,26.86666666666667,42.09722222222222,1006.3249999999999,30.70500000000001,-0.23805279640841706,0,0.0,9.150000000000002,4.14,9.333333333333334,-0.7071067811865477,0.7071067811865474,-0.433883739117558,-0.9009688679024191,A,0
2023-08-26 00:00:00,1,20.015151515151516,64.8030303030303,1006.8757575757576,29.710909090909087,-0.09653451601204634,0,0.0,6.984848484848484,1.6400000000000001,0.9090909090909091,0.7071067811865475,0.7071067811865476,-0.9749279121818236,-0.2225209339563146,A,0
2023-08-26 06:00:00,1,35.1,36.724137931034484,1006.3172413793104,28.321379310344824,-0.42550916454462073,0,0.0,11.10344827586207,10.510000000000003,399.51724137931035,0.7071067811865476,-0.7071067811865475,-0.9749279121818236,-0.2225209339563146,A,0
2023-08-26 12:00:00,1,34.884375,37.3125,1004.3375,25.975,-0.2556436825344026,0,0.6000000000000001,12.68125,15.19,487.46875,-0.7071067811865471,-0.7071067811865479,-0.9749279121818236,-0.2225209339563146,A,0
2023-08-26 18:00:00,1,23.30588235294118,70.75,1005.8147058823529,25.509999999999998,-0.029488427948510778,0,0.0,12.13529411764706,2.3599999999999994,7.352941176470588,-0.7071067811865477,0.7071067811865474,-0.9749279121818236,-0.2225209339563146,A,0
2023-08-27 00:00:00,1,22.066666666666666,71.27272727272727,1004.3151515151516,25.37121212121212,-0.026549899729933674,0,1.2000000000000002,10.36969696969697,1.04,0.12121212121212122,0.7071067811865475,0.7071067811865476,-0.7818314824680299,0.6234898018587334,A,0
2023-08-27 06:00:00,1,25.211764705882356,67.51470588235294,1003.8235294117648,25.116176470588236,-0.04398888231022942,0,4.800000000000001,8.788235294117646,4.6,110.70588235294117,0.7071067811865476,-0.7071067811865475,-0.7818314824680299,0.6234898018587334,A,0
2023-08-27 12:00:00,1,26.30294117647059,70.92647058823529,1003.3705882352939,24.914117647058823,-0.01939952772978258,0,0.6000000000000001,8.270588235294117,6.28,201.38235294117646,-0.7071067811865471,-0.7071067811865479,-0.7818314824680299,0.6234898018587334,A,0
2023-08-27 18:00:00,1,22.436666666666667,80.05,1000.65,24.98700000000001,-0.03103332311235494,0,20.4,5.853333333333333,0.45999999999999996,6.0,-0.7071067811865477,0.7071067811865474,-0.7818314824680299,0.6234898018587334,A,0
2023-08-28 00:00:00,1,20.16969696969697,87.86363636363636,996.6454545454546,24.85818181818182,-0.012916382256133252,0,113.49999999999999,17.87575757575758,0.15,0.15151515151515152,0.7071067811865475,0.7071067811865476,0.0,1.0,A,0
2023-08-28 06:00:00,1,27.676470588235293,60.10294117647059,994.7647058823529,24.63588235294118,-0.07451886521539891,0,17.800000000000004,10.100000000000003,8.26,343.3529411764706,0.7071067811865476,-0.7071067811865475,0.0,1.0,A,0
2023-08-28 12:00:00,1,22.419999999999998,74.71428571428571,994.9599999999999,24.496,-0.007425391320952242,0,74.9,13.128571428571426,7.36,311.2,-0.7071067811865471,-0.7071067811865479,0.0,1.0,A,0
2023-08-28 18:00:00,1,17.857575757575756,77.4090909090909,996.3151515151516,24.39727272727273,-0.027191014420627328,0,0.0,13.33030303030303,1.3699999999999999,5.818181818181818,-0.7071067811865477,0.7071067811865474,0.0,1.0,A,0
2023-08-29 00:00:00,1,15.78823529411765,84.13235294117646,996.964705882353,28.086470588235297,2.0477377543704764,0,33.39999999999999,11.170588235294119,0.060000000000000005,0.35294117647058826,0.7071067811865475,0.7071067811865476,0.7818314824680298,0.6234898018587336,A,0
2023-08-29 06:00:00,1,18.811111111111114,82.61111111111111,998.661111111111,32.36527777777778,-0.2408037615499004,0,3.000000000000001,7.883333333333332,7.8,339.3333333333333,0.7071067811865476,-0.7071067811865475,0.7818314824680298,0.6234898018587336,A,0
2023-08-29 12:00:00,1,21.732352941176465,69.05882352941177,999.1176470588235,31.480588235294114,-0.10718676192592294,0,21.599999999999998,7.261764705882354,6.459999999999999,283.0882352941176,-0.7071067811865471,-0.7071067811865479,0.7818314824680298,0.6234898018587336,A,0
2023-08-29 18:00:00,1,16.170588235294115,84.61764705882354,1001.1294117647058,31.06323529411765,0.033364962928439365,0,9.5,8.049999999999997,0.49000000000000005,1.4705882352941178,-0.7071067811865477,0.7071067811865474,0.7818314824680298,0.6234898018587336,A,0
2023-08-30 00:00:00,1,15.927272727272728,85.51515151515152,1001.6757575757576,31.042727272727276,-0.05281581603692667,0,0.0,5.369696969696969,0.16000000000000003,0.30303030303030304,0.7071067811865475,0.7071067811865476,0.9749279121818236,-0.22252093395631434,A,0
2023-08-30 06:00:00,1,25.51666666666667,55.333333333333336,1002.3433333333334,30.347333333333328,-0.22302026699067015,0,0.0,4.75,7.869999999999999,408.7,0.7071067811865476,-0.7071067811865475,0.9749279121818236,-0.22252093395631434,A,0
2023-08-30 12:00:00,1,27.3,47.18181818181818,1001.6272727272726,29.10878787878788,-0.109163005173565,0,0.0,4.1818181818181825,10.91,476.4848484848485,-0.7071067811865471,-0.7071067811865479,0.9749279121818236,-0.22252093395631434,A,0
2023-08-30 18:00:00,1,18.85625,71.84375,1004.6031250000001,28.8675,-0.02635313434396655,0,0.0,7.778125,0.64,5.625,-0.7071067811865477,0.7071067811865474,0.9749279121818236,-0.22252093395631434,A,0
2023-08-31 00:00:00,1,15.588571428571425,81.08571428571429,1007.2085714285715,28.73914285714286,0.021305696866498126,0,0.0,8.688571428571429,0.3400000000000001,0.34285714285714286,0.7071067811865475,0.7071067811865476,0.43388373911755823,-0.900968867902419,A,0
2023-08-31 06:00:00,1,26.316666666666663,54.53333333333333,1009.6566666666666,28.243,-0.16421153365493235,0,0.0,5.073333333333334,7.720000000000002,397.6333333333333,0.7071067811865476,-0.7071067811865475,0.43388373911755823,-0.900968867902419,A,0
2023-08-31 12:00:00,1,27.058823529411764,52.5,1009.6529411764707,27.464411764705883,-0.05469796413167789,0,10.7,5.641176470588236,8.830000000000002,360.38235294117646,-0.7071067811865471,-0.7071067811865479,0.43388373911755823,-0.900968867902419,A,0
2023-08-31 18:00:00,1,19.81388888888889,69.90277777777777,1012.122222222222,27.351666666666663,-0.008813932388397217,0,0.0,12.233333333333333,1.8,5.0,-0.7071067811865477,0.7071067811865474,0.43388373911755823,-0.900968867902419,A,0
2023-09-01 00:00:00,1,15.58888888888889,83.80555555555556,1014.1388888888891,27.145555555555557,-0.036796516242922475,0,0.0,9.349999999999998,0.5999999999999999,0.3333333333333333,0.7071067811865475,0.7071067811865476,-0.433883739117558,-0.9009688679024191,A,0
2023-09-01 06:00:00,1,30.181818181818183,44.90909090909091,1014.5666666666666,26.908484848484846,-0.15326113850716827,0,0.0,4.890909090909091,9.58,448.3939393939394,0.7071067811865476,-0.7071067811865475,-0.433883739117558,-0.9009688679024191,A,0
2023-09-01 12:00:00,1,31.540000000000003,40.371428571428574,1012.9114285714284,26.164000000000005,-0.063444417437905,0,0.0,4.034285714285715,12.249999999999998,499.62857142857143,-0.7071067811865471,-0.7071067811865479,-0.433883739117558,-0.9009688679024191,A,0
2023-09-01 18:00:00,1,20.23793103448276,69.39655172413794,1015.0965517241382,26.075517241379313,-0.0035410192564094634,0,0.0,8.775862068965518,1.03,4.551724137931035,-0.7071067811865477,0.7071067811865474,-0.433883739117558,-0.9009688679024191,A,0
2023-09-02 00:00:00,1,17.01111111111111,76.79629629629629,1016.1481481481482,25.991111111111113,-0.01610814012299989,0,0.0,5.644444444444446,0.09,0.2962962962962963,0.7071067811865475,0.7071067811865476,-0.9749279121818236,-0.2225209339563146,A,0
2023-09-02 06:00:00,1,30.37878787878788,46.31818181818182,1016.3272727272728,25.73363636363636,-0.10270387082167096,0,0.0,4.996969696969696,10.12,461.27272727272725,0.7071067811865476,-0.7071067811865475,-0.9749279121818236,-0.2225209339563146,A,0
2023-09-02 12:00:00,1,34.76129032258064,36.096774193548384,1014.9677419354838,25.152903225806444,-0.06542554374171104,0,0.0,4.832258064516128,11.409999999999998,506.7096774193548,-0.7071067811865471,-0.7071067811865479,-0.9749279121818236,-0.2225209339563146,A,0
2023-09-02 18:00:00,1,20.815151515151513,73.46969696969697,1017.1272727272726,25.008181818181818,-0.0013499322679339158,0,0.0,2.8484848484848486,0.23,5.636363636363637,-0.7071067811865477,0.7071067811865474,-0.9749279121818236,-0.2225209339563146,A,0
2023-09-03 00:00:00,1,18.646875,78.3125,1018.4749999999999,24.948124999999997,-0.01299919719583739,0,0.0,6.09375,0.29,0.1875,0.7071067811865475,0.7071067811865476,-0.7818314824680299,0.6234898018587334,A,0
2023-09-03 06:00:00,1,30.7125,48.125,1018.34375,24.8009375,-0.04968908233287035,0,0.0,8.965625,9.959999999999999,416.875,0.7071067811865476,-0.7071067811865475,-0.7818314824680299,0.6234898018587334,A,0
2023-09-03 12:00:00,1,34.891176470588235,35.279411764705884,1015.8499999999998,24.49529411764706,-0.04801435814779642,0,0.0,9.326470588235296,14.41,518.4411764705883,-0.7071067811865471,-0.7071067811865479,-0.7818314824680299,0.6234898018587334,A,0
2023-09-03 18:00:00,1,20.2,76.45161290322581,1017.7935483870968,24.365806451612904,-0.006235554004994736,0,0.0,5.538709677419356,0.7400000000000001,2.806451612903226,-0.7071067811865477,0.7071067811865474,-0.7818314824680299,0.6234898018587334,A,0
2023-09-04 00:00:00,1,18.061290322580643,83.45161290322581,1018.7451612903225,24.32290322580644,-0.008281444803230217,0,0.0,5.790322580645158,0.21000000000000005,0.16129032258064516,0.7071067811865475,0.7071067811865476,0.0,1.0,A,0
2023-09-04 06:00:00,1,31.099999999999998,51.096774193548384,1018.4000000000002,24.223225806451612,-0.032012409507157294,0,0.0,12.725806451612904,10.18,432.16129032258067,0.7071067811865476,-0.7071067811865475,0.0,1.0,A,0
2023-09-04 12:00:00,1,33.526470588235306,37.63235294117647,1015.6323529411765,23.992647058823522,-0.03107218923282292,0,0.0,14.45294117647059,14.34,487.94117647058823,-0.7071067811865471,-0.7071067811865479,0.0,1.0,A,0
2023-09-04 18:00:00,1,21.434375,63.078125,1017.203125,23.8659375,-0.017074947795264594,0,0.0,12.212499999999999,2.55,4.875,-0.7071067811865477,0.7071067811865474,0.0,1.0,A,0
2023-09-05 00:00:00,1,18.396551724137936,73.32758620689656,1017.8827586206896,23.79413793103448,-0.012349820907830366,0,0.0,8.324137931034484,1.1600000000000004,0.1724137931034483,0.7071067811865475,0.7071067811865476,0.7818314824680298,0.6234898018587336,A,0
2023-09-05 06:00:00,1,27.36764705882353,45.955882352941174,1017.9735294117648,23.71941176470588,-0.01987545603101735,0,0.0,10.741176470588234,10.16,381.05882352941177,0.7071067811865476,-0.7071067811865475,0.7818314824680298,0.6234898018587336,A,0
2023-09-05 12:00:00,1,30.85428571428571,32.48571428571429,1015.4257142857141,23.593714285714285,-0.029435337049317903,0,0.0,16.25142857142857,14.589999999999998,485.74285714285713,-0.7071067811865471,-0.7071067811865479,0.7818314824680298,0.6234898018587336,A,0
2023-09-05 18:00:00,1,15.754285714285716,69.04285714285714,1018.2771428571427,23.458857142857138,-0.021451741570889887,0,0.0,6.34857142857143,1.3100000000000003,3.7142857142857144,-0.7071067811865477,0.7071067811865474,0.7818314824680298,0.6234898018587336,A,0
2023-09-06 00:00:00,1,13.4,77.17647058823529,1018.5676470588234,23.34647058823529,-0.0159804227158654,0,0.0,4.4941176470588236,0.16999999999999998,0.17647058823529413,0.7071067811865475,0.7071067811865476,0.9749279121818236,-0.22252093395631434,A,0
2023-09-06 06:00:00,1,29.41515151515151,40.92424242424242,1017.760606060606,23.277575757575757,-0.01600101132070807,0,0.0,6.1000000000000005,9.88,439.4848484848485,0.7071067811865476,-0.7071067811865475,0.9749279121818236,-0.22252093395631434,A,0
2023-09-06 12:00:00,1,34.11333333333333,31.883333333333333,1014.8266666666667,23.19666666666667,-0.006303824797167522,0,0.0,7.753333333333334,11.829999999999997,532.7666666666667,-0.7071067811865471,-0.7071067811865479,0.9749279121818236,-0.22252093395631434,A,0
2023-09-06 18:00:00,1,17.554285714285715,71.35714285714286,1016.0857142857143,23.164,-0.006685365887881346,0,0.0,5.522857142857145,0.7999999999999999,3.942857142857143,-0.7071067811865477,0.7071067811865474,0.9749279121818236,-0.22252093395631434,A,0
2023-09-07 00:00:00,1,16.038888888888888,75.72222222222223,1017.3111111111108,23.10166666666667,-0.013544252236983323,0,0.0,2.9500000000000006,0.0,0.16666666666666666,0.7071067811865475,0.7071067811865476,0.43388373911755823,-0.900968867902419,A,0
2023-09-07 06:00:00,1,31.058823529411764,40.794117647058826,1016.785294117647,23.053529411764703,-0.01221700900002913,0,0.0,5.973529411764707,10.240000000000002,437.61764705882354,0.7071067811865476,-0.7071067811865475,0.43388373911755823,-0.900968867902419,A,0
2023-09-07 12:00:00,1,33.97999999999999,33.114285714285714,1014.0685714285714,23.00485714285714,-0.006866260765374266,0,0.0,13.59142857142857,15.039999999999997,509.22857142857146,-0.7071067811865471,-0.7071067811865479,0.43388373911755823,-0.900968867902419,A,0
2023-09-07 18:00:00,1,18.96666666666667,63.803030303030305,1015.9181818181819,22.97,-0.012006321065054303,0,0.0,7.451515151515152,1.54,3.8181818181818183,-0.7071067811865477,0.7071067811865474,0.43388373911755823,-0.900968867902419,A,0
2023-09-08 00:00:00,1,15.05,79.02941176470588,1016.8705882352941,22.900000000000006,-0.02324689322598751,0,0.0,2.2764705882352945,0.1,0.0,0.7071067811865475,0.7071067811865476,-0.433883739117558,-0.9009688679024191,A,0
2023-09-08 06:00:00,1,30.763636363636365,40.89393939393939,1016.0424242424243,22.827272727272724,-0.01637099952196694,0,0.0,5.075757575757576,10.059999999999999,440.3939393939394,0.7071067811865476,-0.7071067811865475,-0.433883739117558,-0.9009688679024191,A,0
2023-09-08 12:00:00,1,34.78484848484849,32.666666666666664,1013.178787878788,22.77636363636364,-0.003155139200550241,0,0.0,8.066666666666666,12.68,492.8787878787879,-0.7071067811865471,-0.7071067811865479,-0.433883739117558,-0.9009688679024191,A,0
2023-09-08 18:00:00,1,17.908823529411766,71.45588235294117,1014.4441176470588,22.739411764705885,-0.008563247082152128,0,0.0,6.994117647058822,1.21,3.176470588235294,-0.7071067811865477,0.7071067811865474,-0.433883739117558,-0.9009688679024191,A,0
2023-09-09 00:00:00,1,15.948571428571427,77.24285714285715,1015.2057142857144,22.673142857142853,-0.012050139525170653,0,0.0,2.3314285714285723,0.12000000000000001,0.0,0.7071067811865475,0.7071067811865476,-0.9749279121818236,-0.2225209339563146,A,0
2023-09-09 06:00:00,1,31.22285714285714,41.41428571428571,1014.6771428571428,22.632571428571428,-0.0076868413476888706,0,0.0,4.2457142857142856,10.549999999999997,434.42857142857144,0.7071067811865476,-0.7071067811865475,-0.9749279121818236,-0.2225209339563146,A,0
2023-09-09 12:00:00,1,34.93142857142857,33.4,1012.5257142857141,22.61714285714286,0.0009307046588234775,0,0.0,9.877142857142859,13.920000000000002,482.85714285714283,-0.7071067811865471,-0.7071067811865479,-0.9749279121818236,-0.2225209339563146,A,0
2023-09-09 18:00:00,1,17.863636363636363,73.87878787878788,1014.5969696969696,22.603333333333335,-0.009386915458743,0,0.0,7.445454545454546,1.37,2.909090909090909,-0.7071067811865477,0.7071067811865474,-0.9749279121818236,-0.2225209339563146,A,0
2023-09-10 00:00:00,1,16.4,76.93055555555556,1015.2083333333334,22.538333333333338,-0.014930512755152392,0,0.0,4.266666666666667,0.24,0.0,0.7071067811865475,0.7071067811865476,-0.7818314824680299,0.6234898018587334,A,0
2023-09-10 06:00:00,1,32.03823529411765,39.4264705882353,1014.6470588235296,22.49235294117647,-0.00792043271629194,0,0.0,4.4,10.469999999999999,437.88235294117646,0.7071067811865476,-0.7071067811865475,-0.7818314824680299,0.6234898018587334,A,0
2023-09-10 12:00:00,1,35.53939393939394,31.53030303030303,1012.1272727272726,22.47969696969697,0.0029699303945443277,0,0.0,7.739393939393938,13.3,504.09090909090907,-0.7071067811865471,-0.7071067811865479,-0.7818314824680299,0.6234898018587334,A,0
2023-09-10 18:00:00,1,19.28333333333334,64.68055555555556,1013.0777777777777,22.471111111111114,-0.0007088107040600177,0,0.0,6.749999999999998,1.32,2.5,-0.7071067811865477,0.7071067811865474,-0.7818314824680299,0.6234898018587334,A,0
2023-09-11 00:00:00,1,18.027272727272727,65.89393939393939,1012.5545454545453,22.408181818181816,-0.009343452518546572,0,0.0,5.621212121212122,0.6200000000000001,0.0,0.7071067811865475,0.7071067811865476,0.0,1.0,A,0
2023-09-11 06:00:00,1,32.04705882352942,38.63235294117647,1011.535294117647,22.372352941176473,-0.0008869449474835377,0,0.0,2.8823529411764715,10.299999999999999,438.11764705882354,0.7071067811865476,-0.7071067811865475,0.0,1.0,A,0
2023-09-11 12:00:00,1,36.273529411764706,29.352941176470587,1008.3,22.38647058823529,0.006037011380290572,0,0.0,6.48235294117647,13.0,475.2352941176471,-0.7071067811865471,-0.7071067811865479,0.0,1.0,A,0
2023-09-11 18:00:00,1,19.563636363636363,66.46969696969697,1009.6636363636362,22.37727272727273,-0.004041545333950236,0,0.0,5.712121212121212,1.29,2.3636363636363638,-0.7071067811865477,0.7071067811865474,0.0,1.0,A,0
2023-09-12 00:00:00,1,19.097142857142856,71.28571428571429,1010.2685714285715,22.307142857142857,-0.02347662010307365,0,0.0,6.165714285714286,0.6500000000000001,0.0,0.7071067811865475,0.7071067811865476,0.7818314824680298,0.6234898018587336,A,0
2023-09-12 06:00:00,1,31.400000000000002,43.833333333333336,1010.6303030303031,22.605757575757575,0.2114859392401933,0,0.0,3.1151515151515152,9.11,390.7878787878788,0.7071067811865476,-0.7071067811865475,0.7818314824680298,0.6234898018587336,A,0
2023-09-12 12:00:00,1,36.138888888888886,33.56944444444444,1008.2527777777775,23.206111111111106,0.030509399445325058,0,0.0,4.400000000000001,12.779999999999996,458.6666666666667,-0.7071067811865471,-0.7071067811865479,0.7818314824680298,0.6234898018587336,A,0
2023-09-12 18:00:00,1,24.094285714285714,58.714285714285715,1010.1971428571427,23.287142857142857,-0.002266260685739229,0,0.0,8.374285714285717,1.8300000000000003,1.8857142857142857,-0.7071067811865477,0.7071067811865474,0.7818314824680298,0.6234898018587336,A,0
2023-09-13 00:00:00,1,18.38857142857143,73.32857142857142,1011.1285714285714,23.234,-0.010217819304677685,0,0.0,9.631428571428568,1.4100000000000001,0.0,0.7071067811865475,0.7071067811865476,0.9749279121818236,-0.22252093395631434,A,0
2023-09-13 06:00:00,1,25.315151515151513,59.803030303030305,1012.2333333333332,23.203636363636363,0.0018016801411833015,0,0.6000000000000001,5.151515151515151,6.970000000000001,277.75757575757575,0.7071067811865476,-0.7071067811865475,0.9749279121818236,-0.22252093395631434,A,0
2023-09-13 12:00:00,1,31.390625,40.375,1010.46875,23.284374999999997,0.021330441729473897,0,0.6000000000000001,10.584375,10.280000000000001,399.0,-0.7071067811865471,-0.7071067811865479,0.9749279121818236,-0.22252093395631434,A,0
2023-09-13 18:00:00,1,22.009999999999998,68.15,1012.885,23.338000000000005,-0.015257429110204425,0,0.0,6.794999999999999,0.26,2.25,-0.7071067811865477,0.7071067811865474,0.9749279121818236,-0.22252093395631434,A,0
2023-06-29 12:00:00,2,33.93043478260871,35.93478260869565,1009.3000000000001,31.430869565217403,-0.1762310991959206,165,0.0,8.895652173913044,9.139999999999997,474.0869565217391,-0.7071067811865471,-0.7071067811865479,0.43388373911755823,-0.900968867902419,A,1
2023-06-29 18:00:00,2,24.508333333333336,53.916666666666664,1009.5944444444447,30.94027777777778,-0.07427934967856764,0,0.0,7.416666666666667,2.8199999999999994,32.5,-0.7071067811865477,0.7071067811865474,0.43388373911755823,-0.900968867902419,A,0
2023-06-30 00:00:00,2,20.345714285714287,84.35714285714286,1009.3628571428573,30.617428571428576,-0.05544820872665474,0,1.2000000000000002,7.405714285714286,0.41000000000000003,9.371428571428572,0.7071067811865475,0.7071067811865476,-0.433883739117558,-0.9009688679024191,A,0
2023-06-30 06:00:00,2,24.699999999999996,69.23611111111111,1008.4888888888888,30.309444444444452,-0.051728100704754865,0,3.000000000000001,3.2666666666666666,7.259999999999999,295.0,0.7071067811865476,-0.7071067811865475,-0.433883739117558,-0.9009688679024191,A,0
2023-06-30 12:00:00,2,20.133333333333326,88.04166666666667,1007.8611111111109,32.26027777777778,1.2412557562077975,0,16.2,5.616666666666668,7.739999999999998,289.8333333333333,-0.7071067811865471,-0.7071067811865479,-0.433883739117558,-0.9009688679024191,A,0
2023-06-30 18:00:00,2,18.469444444444445,94.91666666666667,1007.5388888888891,35.5761111111111,-0.020155000770653454,0,44.99999999999999,7.533333333333333,0.54,15.166666666666666,-0.7071067811865477,0.7071067811865474,-0.433883739117558,-0.9009688679024191,A,0
2023-07-01 00:00:00,2,17.879411764705882,95.61764705882354,1006.7117647058825,35.22852941176471,-0.1156749964318886,0,0.0,6.26764705882353,0.15,9.029411764705882,0.7071067811865475,0.7071067811865476,-0.9749279121818236,-0.2225209339563146,A,0
2023-07-01 06:00:00,2,23.802857142857142,76.9,1006.2914285714285,34.928000000000004,0.03281622066491901,0,0.0,4.602857142857142,11.079999999999998,483.42857142857144,0.7071067811865476,-0.7071067811865475,-0.9749279121818236,-0.2225209339563146,A,0
2023-07-01 12:00:00,2,31.62777777777778,47.791666666666664,1003.0805555555557,34.650555555555556,-0.28528150722508583,0,0.0,5.150000000000001,15.300000000000002,616.1666666666666,-0.7071067811865471,-0.7071067811865479,-0.9749279121818236,-0.2225209339563146,A,0
2023-07-01 18:00:00,2,21.177777777777777,83.52777777777777,1004.4416666666667,32.76222222222222,-0.25862603240548504,0,0.0,6.7333333333333325,1.5599999999999998,34.333333333333336,-0.7071067811865477,0.7071067811865474,-0.9749279121818236,-0.2225209339563146,A,0
2023-07-02 00:00:00,2,19.391666666666666,86.05555555555556,1005.6527777777776,31.61472222222222,-0.14137028069755564,0,0.0,7.066666666666666,0.48,11.0,0.7071067811865475,0.7071067811865476,-0.7818314824680299,0.6234898018587334,A,0
2023-07-02 06:00:00,2,31.958333333333332,48.986111111111114,1005.8444444444447,31.156388888888884,-0.046850988171078856,0,0.0,3.249999999999999,13.740000000000002,555.8333333333334,0.7071067811865476,-0.7071067811865475,-0.7818314824680299,0.6234898018587334,A,0
2023-07-02 12:00:00,2,34.074285714285715,44.371428571428574,1004.517142857143,29.860000000000003,-0.30293056899166404,0,3.8999999999999995,3.548571428571428,15.050000000000002,579.8571428571429,-0.7071067811865471,-0.7071067811865479,-0.7818314824680299,0.6234898018587334,A,0
2023-07-02 18:00:00,2,25.26944444444445,64.41666666666667,1005.8555555555554,28.639722222222222,-0.13337323068162363,0,0.0,7.950000000000001,1.86,32.5,-0.7071067811865477,0.7071067811865474,-0.7818314824680299,0.6234898018587334,A,0
2023-07-03 00:00:00,2,20.61714285714286,77.67142857142858,1007.4285714285714,27.965714285714284,-0.08689371123396333,0,0.0,5.911428571428573,0.56,9.342857142857143,0.7071067811865475,0.7071067811865476,0.0,1.0,A,0
2023-07-03 06:00:00,2,32.46111111111111,50.75,1007.6722222222223,27.626666666666672,0.00647177575788879,0,0.0,4.466666666666668,13.200000000000003,532.8333333333334,0.7071067811865476,-0.7071067811865475,0.0,1.0,A,0
2023-07-03 12:00:00,2,31.288888888888884,51.81944444444444,1006.5611111111112,27.287777777777777,-0.10381004894028305,0,52.19999999999999,5.833333333333333,13.080000000000002,502.6666666666667,-0.7071067811865471,-0.7071067811865479,0.0,1.0,A,0
2023-07-03 18:00:00,2,21.708571428571428,76.28571428571429,1008.9828571428571,26.652,-0.10442593755773959,0,26.400000000000002,5.271428571428571,0.78,27.6,-0.7071067811865477,0.7071067811865474,0.0,1.0,A,0
2023-07-04 00:00:00,2,20.31666666666667,79.04166666666667,1011.1638888888889,26.120833333333334,-0.08321629355986845,0,28.799999999999997,13.133333333333335,0.18,4.333333333333333,0.7071067811865475,0.7071067811865476,0.7818314824680298,0.6234898018587336,A,0
2023-07-04 06:00:00,2,30.78181818181818,49.696969696969695,1010.8757575757576,26.184242424242424,0.13777411318182295,307,1.5,3.7090909090909094,7.5,343.72727272727275,0.7071067811865476,-0.7071067811865475,0.7818314824680298,0.6234898018587336,A,1
2023-07-04 12:00:00,2,32.5,43.263888888888886,1008.5944444444443,41.577222222222225,2.3760893573783983,1642,13.200000000000003,6.550000000000001,11.999999999999996,453.5,-0.7071067811865471,-0.7071067811865479,0.7818314824680298,0.6234898018587336,A,2
2023-07-04 18:00:00,2,23.016666666666666,68.08333333333333,1008.9611111111111,38.22805555555556,-0.9345968525413949,0,32.4,8.08333333333333,1.08,28.833333333333332,-0.7071067811865477,0.7071067811865474,0.7818314824680298,0.6234898018587336,A,0
2023-07-05 00:00:00,2,20.811428571428568,77.18571428571428,1010.6742857142855,35.70942857142856,-0.09163152969506287,0,3.0,8.777142857142858,0.41000000000000003,10.8,0.7071067811865475,0.7071067811865476,0.9749279121818236,-0.22252093395631434,A,0
2023-07-05 06:00:00,2,30.602777777777778,49.68055555555556,1010.6500000000001,35.199444444444445,-0.10183757149646254,0,0.0,2.0833333333333335,13.02,543.8333333333334,0.7071067811865476,-0.7071067811865475,0.9749279121818236,-0.22252093395631434,A,0
2023-07-05 12:00:00,2,32.19428571428571,46.042857142857144,1007.7057142857144,40.51571428571428,2.5047712632050065,972,0.0,5.114285714285714,14.759999999999998,569.9428571428572,-0.7071067811865471,-0.7071067811865479,0.9749279121818236,-0.22252093395631434,A,2
2023-07-05 18:00:00,2,23.602941176470587,65.58823529411765,1008.7882352941177,39.10323529411764,-0.7041949995693757,0,0.0,6.967647058823529,1.2000000000000002,22.41176470588235,-0.7071067811865477,0.7071067811865474,0.9749279121818236,-0.22252093395631434,A,0
2023-07-06 00:00:00,2,20.73428571428571,78.0,1010.6942857142856,36.813428571428574,-0.23320565124505815,0,0.0,8.319999999999999,0.6400000000000001,6.828571428571428,0.7071067811865475,0.7071067811865476,0.43388373911755823,-0.900968867902419,A,0
2023-07-06 06:00:00,2,25.142857142857146,61.55714285714286,1012.6,35.73114285714286,-0.1674742807652355,0,2.3000000000000003,6.585714285714286,7.7299999999999995,325.6,0.7071067811865476,-0.7071067811865475,0.43388373911755823,-0.900968867902419,A,0
2023-07-06 12:00:00,2,27.119444444444444,53.40277777777778,1012.4861111111111,34.48861111111111,-0.21849189176760273,0,6.0,7.550000000000001,10.559999999999999,410.3333333333333,-0.7071067811865471,-0.7071067811865479,0.43388373911755823,-0.900968867902419,A,0
2023-07-06 18:00:00,2,18.84705882352941,80.6470588235294,1014.8676470588238,33.41411764705882,-0.15516410989430937,0,0.0,3.238235294117647,0.77,23.235294117647058,-0.7071067811865477,0.7071067811865474,0.43388373911755823,-0.900968867902419,A,0
2023-07-07 00:00:00,2,17.641666666666666,87.5,1016.7305555555556,32.59916666666666,-0.11907302527757595,0,0.0,5.183333333333334,0.18,9.666666666666666,0.7071067811865475,0.7071067811865476,-0.433883739117558,-0.9009688679024191,A,0
2023-07-07 06:00:00,2,31.05,48.13235294117647,1016.9823529411765,32.146764705882354,-0.08528164245653776,0,0.0,5.685294117647059,12.78,558.2058823529412,0.7071067811865476,-0.7071067811865475,-0.433883739117558,-0.9009688679024191,A,0
2023-07-07 12:00:00,2,33.311764705882354,39.01470588235294,1015.3558823529411,29.948823529411765,-0.3738000599125391,0,0.0,11.011764705882355,16.800000000000004,633.2352941176471,-0.7071067811865471,-0.7071067811865479,-0.433883739117558,-0.9009688679024191,A,0
2023-07-07 18:00:00,2,24.549999999999997,58.75,1016.0194444444444,28.754722222222224,-0.11152184208463733,0,0.0,8.483333333333333,2.46,32.5,-0.7071067811865477,0.7071067811865474,-0.433883739117558,-0.9009688679024191,A,0
2023-07-08 00:00:00,2,17.696969696969695,85.5,1017.4181818181819,28.162727272727274,-0.09233290442660444,0,0.0,6.675757575757575,0.31,9.090909090909092,0.7071067811865475,0.7071067811865476,-0.9749279121818236,-0.2225209339563146,A,0
2023-07-08 06:00:00,2,31.405714285714282,45.628571428571426,1016.6628571428573,28.19742857142857,0.4132969859453333,295,0.0,5.517142857142859,12.28,495.0,0.7071067811865476,-0.7071067811865475,-0.9749279121818236,-0.2225209339563146,A,1
2023-07-08 12:00:00,2,35.842857142857135,34.84285714285714,1014.6142857142858,33.58914285714286,-0.9852449412357077,13,0.0,6.002857142857142,17.270000000000003,645.4285714285714,-0.7071067811865471,-0.7071067811865479,-0.9749279121818236,-0.2225209339563146,A,1
2023-07-08 18:00:00,2,23.56666666666667,67.61111111111111,1015.5527777777778,30.334999999999997,-0.24679078300126456,0,0.0,5.083333333333335,1.8,32.5,-0.7071067811865477,0.7071067811865474,-0.9749279121818236,-0.2225209339563146,A,0
2023-07-09 00:00:00,2,21.18611111111111,74.31944444444444,1017.0999999999999,29.181666666666665,-0.14445957727132866,0,0.0,4.949999999999999,0.36,10.0,0.7071067811865475,0.7071067811865476,-0.7818314824680299,0.6234898018587334,A,0
2023-07-09 06:00:00,2,34.51714285714285,42.6,1016.6857142857145,28.08742857142857,-0.21456717072695894,0,0.0,4.842857142857142,14.64,577.4571428571429,0.7071067811865476,-0.7071067811865475,-0.7818314824680299,0.6234898018587334,A,0
2023-07-09 12:00:00,2,37.50277777777778,37.583333333333336,1014.3555555555558,26.651111111111113,-0.2680366427554346,0,0.0,6.383333333333334,18.72,646.3333333333334,-0.7071067811865471,-0.7071067811865479,-0.7818314824680299,0.6234898018587334,A,0
2023-07-09 18:00:00,2,25.371428571428567,68.78571428571429,1015.3828571428572,25.67228571428572,-0.0860052076812655,0,0.0,6.7142857142857135,2.16,32.74285714285714,-0.7071067811865477,0.7071067811865474,-0.7818314824680299,0.6234898018587334,A,0
2023-07-10 00:00:00,2,23.230555555555558,71.72222222222223,1016.6527777777778,25.233055555555552,-0.07437160836019384,0,0.0,3.9833333333333325,0.3,9.833333333333334,0.7071067811865475,0.7071067811865476,0.0,1.0,A,0
2023-07-10 06:00:00,2,35.594285714285704,46.05714285714286,1016.0285714285715,25.095428571428574,0.3150433349573057,521,0.0,3.4971428571428578,14.82,572.2285714285714,0.7071067811865476,-0.7071067811865475,0.0,1.0,A,1
2023-07-10 12:00:00,2,39.13823529411764,38.779411764705884,1012.7470588235294,32.94,-0.97255927484815,363,0.0,3.5411764705882356,16.2,590.8823529411765,-0.7071067811865471,-0.7071067811865479,0.0,1.0,A,1
2023-07-10 18:00:00,2,28.674999999999997,53.19444444444444,1012.7833333333336,29.252777777777776,-0.24195212599078156,0,0.0,6.283333333333333,2.039999999999999,31.666666666666668,-0.7071067811865477,0.7071067811865474,0.0,1.0,A,0
2023-07-11 00:00:00,2,24.191666666666666,61.916666666666664,1013.5055555555555,28.135277777777773,-0.1517407670053553,0,0.0,5.849999999999999,1.0800000000000003,9.666666666666666,0.7071067811865475,0.7071067811865476,0.7818314824680298,0.6234898018587336,A,0
2023-07-11 06:00:00,2,35.45277777777778,46.31944444444444,1012.9666666666667,26.48388888888889,-0.372171416813385,0,0.0,4.316666666666668,15.299999999999999,562.6666666666666,0.7071067811865476,-0.7071067811865475,0.7818314824680298,0.6234898018587336,A,0
2023-07-11 12:00:00,2,39.53888888888889,36.708333333333336,1010.1194444444443,23.914444444444445,-0.4044960867246702,0,0.0,3.133333333333333,17.399999999999995,610.8333333333334,-0.7071067811865471,-0.7071067811865479,0.7818314824680298,0.6234898018587336,A,0
2023-07-11 18:00:00,2,28.16857142857143,51.97142857142857,1009.2971428571427,22.731428571428577,-0.0666858320788141,0,0.0,4.428571428571427,1.6500000000000001,32.91428571428571,-0.7071067811865477,0.7071067811865474,0.7818314824680298,0.6234898018587336,A,0
2023-07-12 00:00:00,2,23.491176470588233,75.38235294117646,1010.8058823529412,22.454705882352943,-0.032139377503828614,0,0.0,9.576470588235296,0.9400000000000001,7.411764705882353,0.7071067811865475,0.7071067811865476,0.9749279121818236,-0.22252093395631434,A,0
2023-07-12 06:00:00,2,33.39722222222222,55.30555555555556,1011.5583333333335,21.94138888888889,-0.1588585289597809,0,0.0,3.7666666666666675,13.079999999999998,488.0,0.7071067811865476,-0.7071067811865475,0.9749279121818236,-0.22252093395631434,A,0
2023-07-12 12:00:00,2,36.77222222222222,43.65277777777778,1008.6083333333331,44.61916666666666,5.664777553333395,1088,0.0,8.883333333333335,17.219999999999995,560.0,-0.7071067811865471,-0.7071067811865479,0.9749279121818236,-0.22252093395631434,A,2
2023-07-12 18:00:00,2,27.497142857142858,68.22857142857143,1008.6114285714284,48.684857142857155,-0.3142267316327905,0,0.0,10.98,1.72,30.0,-0.7071067811865477,0.7071067811865474,0.9749279121818236,-0.22252093395631434,A,0
2023-07-13 00:00:00,2,21.35833333333333,76.45833333333333,1009.8583333333333,46.780833333333334,-0.26114449969933484,0,10.2,7.650000000000001,0.6000000000000001,4.333333333333333,0.7071067811865475,0.7071067811865476,0.43388373911755823,-0.900968867902419,A,0
2023-07-13 06:00:00,2,26.097222222222225,68.29166666666667,1010.7111111111111,45.15444444444445,-0.1914872560757497,0,264.6,5.666666666666667,8.1,323.8333333333333,0.7071067811865476,-0.7071067811865475,0.43388373911755823,-0.900968867902419,A,0
2023-07-13 12:00:00,2,33.93714285714286,47.74285714285714,1008.8514285714284,43.888000000000005,-0.4014881338993269,0,1.2000000000000002,6.182857142857143,11.920000000000002,446.51428571428573,-0.7071067811865471,-0.7071067811865479,0.43388373911755823,-0.900968867902419,A,0
2023-07-13 18:00:00,2,24.39166666666667,72.19444444444444,1011.1416666666667,41.68388888888889,-0.3437287902645336,0,0.0,8.033333333333331,1.3800000000000001,32.166666666666664,-0.7071067811865477,0.7071067811865474,0.43388373911755823,-0.900968867902419,A,0
2023-07-14 00:00:00,2,21.950000000000003,80.29166666666667,1013.072222222222,40.29888888888889,-0.12105326713850503,0,0.0,12.116666666666665,0.5399999999999999,6.0,0.7071067811865475,0.7071067811865476,-0.433883739117558,-0.9009688679024191,A,0
2023-07-14 06:00:00,2,29.024999999999995,65.08333333333333,1013.2750000000001,45.223333333333336,2.8920806767397758,670,2.4000000000000004,12.766666666666664,10.559999999999999,397.3333333333333,0.7071067811865476,-0.7071067811865475,-0.433883739117558,-0.9009688679024191,A,2
2023-07-14 12:00:00,2,34.480000000000004,44.05714285714286,1010.4599999999999,47.80085714285714,-1.2238703205477706,166,0.6000000000000001,6.788571428571429,15.579999999999998,577.8857142857142,-0.7071067811865471,-0.7071067811865479,-0.433883739117558,-0.9009688679024191,A,1
2023-07-14 18:00:00,2,25.716666666666665,64.41666666666667,1011.4944444444445,43.76499999999999,-0.2864075776188566,0,0.0,5.049999999999999,1.32,30.833333333333332,-0.7071067811865477,0.7071067811865474,-0.433883739117558,-0.9009688679024191,A,0
2023-07-15 00:00:00,2,21.95555555555556,72.23611111111111,1012.3833333333334,42.255,-0.22668217518781852,0,0.0,4.650000000000001,0.36,8.666666666666666,0.7071067811865475,0.7071067811865476,-0.9749279121818236,-0.2225209339563146,A,0
2023-07-15 06:00:00,2,34.54571428571428,48.614285714285714,1012.014285714286,42.56885714285714,0.4146965210779054,0,0.0,3.7371428571428584,14.110000000000001,564.9428571428572,0.7071067811865476,-0.7071067811865475,-0.9749279121818236,-0.2225209339563146,A,0
2023-07-15 12:00:00,2,37.97222222222223,38.80555555555556,1009.4333333333333,42.47999999999999,-0.44959989061473077,0,0.0,4.633333333333334,17.4,620.0,-0.7071067811865471,-0.7071067811865479,-0.9749279121818236,-0.2225209339563146,A,0
2023-07-15 18:00:00,2,25.052777777777777,55.625,1010.1305555555552,39.81472222222222,-0.3125036047817422,0,0.0,6.216666666666665,1.9800000000000002,32.166666666666664,-0.7071067811865477,0.7071067811865474,-0.9749279121818236,-0.2225209339563146,A,0
2023-07-16 00:00:00,2,20.95,70.16666666666667,1010.6222222222225,38.35805555555556,-0.18380675897959753,0,0.0,6.766666666666666,1.2600000000000002,8.666666666666666,0.7071067811865475,0.7071067811865476,-0.7818314824680299,0.6234898018587334,A,0
2023-07-16 06:00:00,2,36.53055555555556,38.25,1010.7027777777779,38.64194444444445,0.33693819554660126,0,0.0,7.199999999999999,15.240000000000002,565.1666666666666,0.7071067811865476,-0.7071067811865475,-0.7818314824680299,0.6234898018587334,A,0
2023-07-16 12:00:00,2,39.11714285714286,32.75714285714286,1009.0857142857141,39.23057142857143,-0.3119101915505171,0,0.0,6.214285714285714,18.96,654.8285714285714,-0.7071067811865471,-0.7071067811865479,-0.7818314824680299,0.6234898018587334,A,0
2023-07-16 18:00:00,2,28.1,46.52777777777778,1010.5527777777778,37.20111111111111,-0.27716209792588026,0,0.0,12.116666666666667,4.380000000000001,31.833333333333332,-0.7071067811865477,0.7071067811865474,-0.7818314824680299,0.6234898018587334,A,0
2023-07-17 00:00:00,2,22.99722222222222,56.77777777777778,1011.9055555555553,35.919444444444444,-0.16647865259831796,0,0.0,11.499999999999996,2.5799999999999996,8.5,0.7071067811865475,0.7071067811865476,0.0,1.0,A,0
2023-07-17 06:00:00,2,36.99142857142858,37.214285714285715,1012.3885714285714,42.99742857142857,3.750367244822339,1025,0.0,5.128571428571428,14.87,564.6285714285714,0.7071067811865476,-0.7071067811865475,0.0,1.0,A,2
2023-07-17 12:00:00,2,39.34166666666667,33.30555555555556,1009.9833333333333,43.647499999999994,-1.980182277377513,82,0.0,6.633333333333335,19.140000000000008,626.0,-0.7071067811865471,-0.7071067811865479,0.0,1.0,A,1
2023-07-17 18:00:00,2,28.705555555555552,44.583333333333336,1011.1638888888889,38.41805555555556,-0.2759991375788447,0,0.0,19.216666666666665,6.3,30.5,-0.7071067811865477,0.7071067811865474,0.0,1.0,A,0
2023-07-18 00:00:00,2,21.691666666666666,75.375,1013.172222222222,37.24444444444444,-0.14769531205324285,0,0.0,7.61666666666667,1.8000000000000003,8.0,0.7071067811865475,0.7071067811865476,0.7818314824680298,0.6234898018587336,A,0
2023-07-18 06:00:00,2,36.56,46.628571428571426,1013.3257142857143,37.53371428571428,0.34340205359473736,0,0.0,4.105714285714285,14.389999999999999,543.5714285714286,0.7071067811865476,-0.7071067811865475,0.7818314824680298,0.6234898018587336,A,0
2023-07-18 12:00:00,2,39.122857142857136,41.628571428571426,1009.0342857142858,37.73657142857143,-0.3563994029891167,0,0.0,6.922857142857144,19.119999999999997,640.0571428571428,-0.7071067811865471,-0.7071067811865479,0.7818314824680298,0.6234898018587336,A,0
2023-07-18 18:00:00,2,29.300000000000004,61.291666666666664,1010.2083333333335,35.82222222222223,-0.2498255560960715,0,0.0,5.683333333333333,2.1599999999999993,30.166666666666668,-0.7071067811865477,0.7071067811865474,0.7818314824680298,0.6234898018587336,A,0
2023-07-19 00:00:00,2,24.272222222222226,77.84722222222223,1009.7249999999999,34.60194444444444,-0.14127776760642047,0,0.0,9.533333333333333,1.1400000000000001,7.666666666666667,0.7071067811865475,0.7071067811865476,0.9749279121818236,-0.22252093395631434,A,0
2023-07-19 06:00:00,2,35.328571428571436,53.357142857142854,1008.022857142857,46.38857142857143,2.8817755430360545,1443,0.0,10.168571428571425,13.9,493.8857142857143,0.7071067811865476,-0.7071067811865475,0.9749279121818236,-0.22252093395631434,A,2
2023-07-19 12:00:00,2,37.16,37.97142857142857,1003.297142857143,42.06885714285715,-1.6729100076221168,0,15.0,10.440000000000003,13.299999999999997,469.54285714285714,-0.7071067811865471,-0.7071067811865479,0.9749279121818236,-0.22252093395631434,A,0
2023-07-19 18:00:00,2,28.571428571428573,49.285714285714285,1003.4971428571429,37.56771428571428,-0.26713725858701837,0,0.0,7.368571428571429,1.24,17.142857142857142,-0.7071067811865477,0.7071067811865474,0.9749279121818236,-0.22252093395631434,A,0
2023-07-20 00:00:00,2,22.380555555555553,74.25,1006.1972222222224,36.468333333333334,-0.13037563199447777,0,32.400000000000006,10.616666666666667,0.6000000000000001,7.166666666666667,0.7071067811865475,0.7071067811865476,0.43388373911755823,-0.900968867902419,A,0
2023-07-20 06:00:00,2,34.52571428571429,44.75714285714286,1005.9514285714287,36.57085714285714,0.23157324085670095,0,0.0,5.605714285714285,13.160000000000002,529.0285714285715,0.7071067811865476,-0.7071067811865475,0.43388373911755823,-0.900968867902419,A,0
2023-07-20 12:00:00,2,37.09444444444444,40.09722222222222,1003.1222222222223,36.44666666666667,-0.34138358448624334,0,0.0,7.050000000000001,17.39999999999999,599.0,-0.7071067811865471,-0.7071067811865479,0.43388373911755823,-0.900968867902419,A,0
2023-07-20 18:00:00,2,26.51944444444444,65.51388888888889,1003.4027777777778,34.863055555555555,-0.14155489102443333,0,0.0,9.899999999999999,3.1200000000000006,25.166666666666668,-0.7071067811865477,0.7071067811865474,0.43388373911755823,-0.900968867902419,A,0
2023-07-21 00:00:00,2,23.938888888888886,74.25,1004.4722222222222,34.2025,-0.07720688278269086,0,3.5999999999999996,6.116666666666668,0.7200000000000002,7.333333333333333,0.7071067811865475,0.7071067811865476,-0.433883739117558,-0.9009688679024191,A,0
2023-07-21 06:00:00,2,33.46944444444444,48.041666666666664,1003.5944444444443,38.14583333333334,2.94656656665457,591,0.6,11.08333333333333,11.879999999999999,429.1666666666667,0.7071067811865476,-0.7071067811865475,-0.433883739117558,-0.9009688679024191,A,1
2023-07-21 12:00:00,2,32.325,47.65277777777778,1002.8944444444444,50.337222222222216,-0.3354991630493364,1610,0.0,12.483333333333334,13.860000000000003,511.0,-0.7071067811865471,-0.7071067811865479,-0.433883739117558,-0.9009688679024191,A,2
2023-07-21 18:00:00,2,24.266666666666666,70.65277777777777,1005.947222222222,43.46972222222223,-0.756685348248747,0,1.2000000000000002,5.966666666666667,1.26,28.0,-0.7071067811865477,0.7071067811865474,-0.433883739117558,-0.9009688679024191,A,0
2023-07-22 00:00:00,2,19.750000000000004,86.86111111111111,1008.5388888888888,40.61333333333333,-0.267701407134103,0,0.0,6.666666666666668,0.23999999999999996,6.666666666666667,0.7071067811865475,0.7071067811865476,-0.9749279121818236,-0.2225209339563146,A,0
2023-07-22 06:00:00,2,31.25555555555555,54.56944444444444,1009.1694444444443,39.26833333333334,-0.24924063614884373,0,14.4,5.716666666666669,8.099999999999998,321.5,0.7071067811865476,-0.7071067811865475,-0.9749279121818236,-0.2225209339563146,A,0
2023-07-22 12:00:00,2,30.438888888888886,56.30555555555556,1008.691666666667,37.4025,-0.3346751855450863,0,15.600000000000001,8.550000000000002,12.24,453.1666666666667,-0.7071067811865471,-0.7071067811865479,-0.9749279121818236,-0.2225209339563146,A,0
2023-07-22 18:00:00,2,21.042857142857144,79.94285714285714,1010.1285714285714,35.92457142857142,-0.1528296613820894,0,0.0,6.582857142857142,1.32,24.942857142857143,-0.7071067811865477,0.7071067811865474,-0.9749279121818236,-0.2225209339563146,A,0
2023-07-23 00:00:00,2,18.936111111111114,88.27777777777777,1011.9166666666665,35.23027777777778,-0.09224621781489376,0,0.0,12.683333333333334,1.02,5.666666666666667,0.7071067811865475,0.7071067811865476,-0.7818314824680299,0.6234898018587334,A,0
2023-07-23 06:00:00,2,32.13055555555555,52.52777777777778,1012.0333333333333,35.19888888888889,0.11336367528404812,0,0.0,5.950000000000001,13.079999999999998,510.1666666666667,0.7071067811865476,-0.7071067811865475,-0.7818314824680299,0.6234898018587334,A,0
2023-07-23 12:00:00,2,36.11388888888889,40.638888888888886,1009.2777777777778,34.99527777777777,-0.26137338743400323,0,0.0,6.183333333333333,17.520000000000003,595.5,-0.7071067811865471,-0.7071067811865479,-0.7818314824680299,0.6234898018587334,A,0
2023-07-23 18:00:00,2,24.08888888888889,59.361111111111114,1009.4138888888891,33.58805555555556,-0.17078520920257756,0,0.0,11.1,4.2,28.166666666666668,-0.7071067811865477,0.7071067811865474,-0.7818314824680299,0.6234898018587334,A,0
2023-07-24 00:00:00,2,17.866666666666667,78.875,1009.2277777777776,32.81611111111111,-0.09297802008371596,0,0.0,6.85,1.3800000000000001,6.333333333333333,0.7071067811865475,0.7071067811865476,0.0,1.0,A,0
2023-07-24 06:00:00,2,27.53333333333333,63.52777777777778,1007.5194444444444,17.145277777777782,-3.651409330344064,0,3.600000000000001,5.083333333333333,11.159999999999997,411.5,0.7071067811865476,-0.7071067811865475,0.0,1.0,A,0
2023-07-24 12:00:00,2,33.266666666666666,51.763888888888886,1002.9666666666667,25.335833333333337,1.1465910417219696,1221,0.0,12.666666666666666,16.32,519.0,-0.7071067811865471,-0.7071067811865479,0.0,1.0,A,2
2023-07-24 18:00:00,2,25.888888888888886,71.93055555555556,1001.313888888889,23.7675,-0.15744178004775541,0,0.0,12.499999999999996,2.6399999999999992,20.5,-0.7071067811865477,0.7071067811865474,0.0,1.0,A,0
2023-07-25 00:00:00,2,21.788888888888888,79.83333333333333,999.7166666666667,23.07138888888889,-0.08762351881504446,0,0.0,7.233333333333334,0.6000000000000001,1.5,0.7071067811865475,0.7071067811865476,0.7818314824680298,0.6234898018587336,A,0
2023-07-25 06:00:00,2,25.686111111111114,71.90277777777777,999.0222222222221,24.884722222222226,0.05688182098501326,0,0.0,6.200000000000001,8.040000000000001,297.8333333333333,0.7071067811865476,-0.7071067811865475,0.7818314824680298,0.6234898018587336,A,0
2023-07-25 12:00:00,2,30.397142857142853,51.31428571428572,996.2257142857143,23.99428571428572,-0.10228115979476232,0,1.7999999999999998,7.920000000000002,12.88,446.8285714285714,-0.7071067811865471,-0.7071067811865479,0.7818314824680298,0.6234898018587336,A,0
2023-07-25 18:00:00,2,22.665714285714284,62.4,997.2514285714284,23.466571428571427,-0.07844359020615996,0,42.6,10.859999999999998,2.66,25.057142857142857,-0.7071067811865477,0.7071067811865474,0.7818314824680298,0.6234898018587336,A,0
2023-07-26 00:00:00,2,19.011428571428574,77.18571428571428,1001.4457142857142,23.13457142857143,-0.051785096162506185,0,2.4000000000000004,5.994285714285714,0.6600000000000001,6.3428571428571425,0.7071067811865475,0.7071067811865476,0.9749279121818236,-0.22252093395631434,A,0
2023-07-26 06:00:00,2,30.28611111111111,38.625,1004.4222222222221,22.7925,-0.06549567573619174,0,0.0,5.916666666666667,13.26,530.8333333333334,0.7071067811865476,-0.7071067811865475,0.9749279121818236,-0.22252093395631434,A,0
2023-07-26 12:00:00,2,33.09166666666667,27.930555555555557,1004.1333333333334,22.493333333333332,-0.04690484811240015,0,0.6000000000000001,8.616666666666669,17.940000000000005,623.5,-0.7071067811865471,-0.7071067811865479,0.9749279121818236,-0.22252093395631434,A,0
2023-07-26 18:00:00,2,19.594285714285718,62.75714285714286,1007.4599999999999,22.189142857142855,-0.043911764942910776,0,0.0,8.668571428571427,2.6499999999999995,28.97142857142857,-0.7071067811865477,0.7071067811865474,0.9749279121818236,-0.22252093395631434,A,0
2023-07-27 00:00:00,2,16.444444444444443,82.98611111111111,1011.2749999999999,21.934999999999995,-0.0501100136971575,0,0.0,10.366666666666667,0.7200000000000001,6.0,0.7071067811865475,0.7071067811865476,0.43388373911755823,-0.900968867902419,A,0
2023-07-27 06:00:00,2,27.008333333333336,54.666666666666664,1011.8916666666667,21.677777777777774,-0.04385391937734013,0,0.0,8.700000000000001,13.079999999999998,540.0,0.7071067811865476,-0.7071067811865475,0.43388373911755823,-0.900968867902419,A,0
2023-07-27 12:00:00,2,32.69722222222222,37.875,1008.6694444444446,21.417777777777772,-0.04490172629208001,0,0.0,6.633333333333333,14.819999999999999,547.1666666666666,-0.7071067811865471,-0.7071067811865479,0.43388373911755823,-0.900968867902419,A,0
2023-07-27 18:00:00,2,20.439999999999998,69.88571428571429,1009.5542857142858,21.196857142857144,-0.038952299702730286,0,0.0,5.908571428571429,1.49,27.085714285714285,-0.7071067811865477,0.7071067811865474,0.43388373911755823,-0.900968867902419,A,0
2023-07-28 00:00:00,2,17.683333333333337,69.98611111111111,1009.4611111111111,20.94361111111111,-0.03640383350194777,0,0.0,6.583333333333335,0.6600000000000001,4.833333333333333,0.7071067811865475,0.7071067811865476,-0.433883739117558,-0.9009688679024191,A,0
2023-07-28 06:00:00,2,29.930555555555557,46.625,1009.636111111111,22.13888888888889,1.121095460575355,327,0.0,7.033333333333333,13.500000000000004,520.0,0.7071067811865476,-0.7071067811865475,-0.433883739117558,-0.9009688679024191,A,1
2023-07-28 12:00:00,2,32.11714285714286,43.614285714285714,1007.5857142857143,27.677714285714288,-0.7904632104210803,700,0.0,11.994285714285713,17.0,572.2571428571429,-0.7071067811865471,-0.7071067811865479,-0.433883739117558,-0.9009688679024191,A,2
2023-07-28 18:00:00,2,23.745714285714286,64.58571428571429,1008.8742857142856,24.633142857142854,-0.14112511751213855,0,0.0,16.542857142857137,3.6999999999999993,25.02857142857143,-0.7071067811865477,0.7071067811865474,-0.433883739117558,-0.9009688679024191,A,0
2023-07-29 00:00:00,2,19.985714285714284,81.54285714285714,1009.9714285714288,24.034000000000006,-0.0771932176317789,0,0.0,8.534285714285716,0.8300000000000001,5.485714285714286,0.7071067811865475,0.7071067811865476,-0.9749279121818236,-0.2225209339563146,A,0
2023-07-29 06:00:00,2,32.60277777777778,50.111111111111114,1009.7388888888888,26.346666666666664,1.2871756997263446,917,0.0,2.5166666666666666,12.659999999999997,497.6666666666667,0.7071067811865476,-0.7071067811865475,-0.9749279121818236,-0.2225209339563146,A,2
2023-07-29 12:00:00,2,34.980555555555554,42.986111111111114,1006.713888888889,24.674444444444447,-0.5226713824374143,0,0.0,11.916666666666664,17.939999999999998,565.6666666666666,-0.7071067811865471,-0.7071067811865479,-0.9749279121818236,-0.2225209339563146,A,0
2023-07-29 18:00:00,2,25.841176470588238,58.64705882352941,1007.2029411764706,23.439411764705884,-0.0774540773957679,0,0.0,18.758823529411767,4.7700000000000005,20.558823529411764,-0.7071067811865477,0.7071067811865474,-0.9749279121818236,-0.2225209339563146,A,0
2023-07-30 00:00:00,2,20.847222222222218,76.58333333333333,1008.9361111111108,23.04916666666666,-0.05347707740974323,0,0.0,9.116666666666665,1.08,5.166666666666667,0.7071067811865475,0.7071067811865476,-0.7818314824680299,0.6234898018587334,A,0
2023-07-30 06:00:00,2,32.26944444444444,49.05555555555556,1008.5555555555553,22.28083333333333,-0.20389921272631384,0,0.0,4.533333333333334,13.5,526.0,0.7071067811865476,-0.7071067811865475,-0.7818314824680299,0.6234898018587334,A,0
2023-07-30 12:00:00,2,35.72777777777778,42.138888888888886,1006.1055555555556,21.209444444444447,-0.14116120492003006,0,0.0,2.766666666666667,15.239999999999998,562.8333333333334,-0.7071067811865471,-0.7071067811865479,-0.7818314824680299,0.6234898018587334,A,0
2023-07-30 18:00:00,2,25.87222222222222,68.04166666666667,1007.5722222222224,20.816944444444445,-0.020856100773929496,0,0.0,5.7333333333333325,1.56,22.5,-0.7071067811865477,0.7071067811865474,-0.7818314824680299,0.6234898018587334,A,0
2023-07-31 00:00:00,2,20.977777777777774,86.97222222222223,1009.1305555555552,20.658888888888892,-0.026503545192958743,0,0.0,7.683333333333334,0.7200000000000001,4.833333333333333,0.7071067811865475,0.7071067811865476,0.0,1.0,A,0
2023-07-31 06:00:00,2,31.352777777777785,56.0,1009.0916666666667,22.463055555555556,1.554392231891245,559,0.0,10.149999999999999,12.66,457.8333333333333,0.7071067811865476,-0.7071067811865475,0.0,1.0,A,1
2023-07-31 12:00:00,2,34.26857142857142,46.44285714285714,1005.9714285714285,27.95,-0.8683918071304866,977,0.0,5.920000000000001,15.37,556.2285714285714,-0.7071067811865471,-0.7071067811865479,0.0,1.0,A,2
2023-07-31 18:00:00,2,23.35142857142857,73.77142857142857,1005.9914285714287,24.472571428571428,-0.15537823086655422,0,0.0,4.662857142857145,1.37,21.6,-0.7071067811865477,0.7071067811865474,0.0,1.0,A,0
2023-08-01 00:00:00,2,19.683333333333334,73.5,1003.7805555555556,23.663888888888888,-0.10994325997778821,0,0.0,5.933333333333334,1.0800000000000003,4.166666666666667,0.7071067811865475,0.7071067811865476,0.7818314824680298,0.6234898018587336,A,0
2023-08-01 06:00:00,2,29.631428571428568,50.0,1001.3200000000002,22.088857142857147,-0.4627293513656976,0,0.0,12.517142857142854,13.62,462.22857142857146,0.7071067811865476,-0.7071067811865475,0.7818314824680298,0.6234898018587336,A,0
2023-08-01 12:00:00,2,31.50857142857143,43.628571428571426,998.2514285714286,19.44685714285714,-0.2683057419575912,0,0.0,19.56285714285714,17.949999999999996,536.9714285714285,-0.7071067811865471,-0.7071067811865479,0.7818314824680298,0.6234898018587336,A,0
2023-08-01 18:00:00,2,24.491666666666664,56.27777777777778,999.5361111111112,18.86777777777778,-0.0024038127401317623,0,0.0,9.383333333333331,2.6999999999999993,19.5,-0.7071067811865477,0.7071067811865474,0.7818314824680298,0.6234898018587336,A,0
2023-08-02 00:00:00,2,20.416666666666668,76.15277777777777,1002.4638888888888,18.791666666666668,-0.019754382593739215,0,0.0,9.75,0.7200000000000002,4.333333333333333,0.7071067811865475,0.7071067811865476,0.9749279121818236,-0.22252093395631434,A,0
2023-08-02 06:00:00,2,30.125,55.708333333333336,1003.2000000000002,22.6575,2.3442966324248427,927,0.0,10.500000000000004,13.319999999999997,510.8333333333333,0.7071067811865476,-0.7071067811865475,0.9749279121818236,-0.22252093395631434,A,2
2023-08-02 12:00:00,2,34.21999999999999,39.9,1000.2571428571429,25.618285714285715,-1.30310851936713,627,0.0,10.685714285714287,17.040000000000003,574.0857142857143,-0.7071067811865471,-0.7071067811865479,0.9749279121818236,-0.22252093395631434,A,1
2023-08-02 18:00:00,2,25.21388888888889,56.25,1000.8277777777777,22.73222222222223,-0.0656425658829069,0,0.0,6.866666666666665,2.04,23.166666666666668,-0.7071067811865477,0.7071067811865474,0.9749279121818236,-0.22252093395631434,A,0
2023-08-03 00:00:00,2,23.436111111111117,68.68055555555556,1000.9388888888888,22.33972222222222,-0.08007278593180614,0,0.0,6.416666666666667,0.9000000000000001,4.0,0.7071067811865475,0.7071067811865476,0.43388373911755823,-0.900968867902419,A,0
2023-08-03 06:00:00,2,33.40555555555555,46.791666666666664,1000.713888888889,21.070555555555554,-0.44755197254508355,0,0.0,10.56666666666667,13.26,453.0,0.7071067811865476,-0.7071067811865475,0.43388373911755823,-0.900968867902419,A,0
2023-08-03 12:00:00,2,32.35,44.6764705882353,1000.1705882352942,18.51323529411765,-0.21645240105596067,0,0.0,24.38235294117647,15.76,456.97058823529414,-0.7071067811865471,-0.7071067811865479,0.43388373911755823,-0.900968867902419,A,0
2023-08-03 18:00:00,2,25.932258064516127,48.58064516129032,1000.6548387096774,18.109354838709677,0.004296036586174468,0,0.0,13.125806451612902,3.4800000000000004,16.193548387096776,-0.7071067811865477,0.7071067811865474,0.43388373911755823,-0.900968867902419,A,0
2023-08-04 00:00:00,2,21.61176470588235,57.838235294117645,1001.3058823529412,18.095588235294116,-0.004116501796186393,0,0.0,5.976470588235294,0.9600000000000002,3.676470588235294,0.7071067811865475,0.7071067811865476,-0.433883739117558,-0.9009688679024191,A,0
2023-08-04 06:00:00,2,26.085714285714285,50.75714285714286,1002.3228571428568,17.868,-0.08139151485980115,0,0.0,4.325714285714285,9.489999999999998,348.2,0.7071067811865476,-0.7071067811865475,-0.433883739117558,-0.9009688679024191,A,0
2023-08-04 12:00:00,2,26.696875,43.453125,1001.528125,17.431562500000002,-0.05371558135529535,0,0.0,10.428125,10.190000000000001,298.375,-0.7071067811865471,-0.7071067811865479,-0.433883739117558,-0.9009688679024191,A,0
2023-08-04 18:00:00,2,19.959999999999997,72.5,1003.8942857142856,17.344857142857144,-0.0018427374756066893,0,45.999999999999986,8.928571428571427,0.66,5.828571428571428,-0.7071067811865477,0.7071067811865474,-0.433883739117558,-0.9009688679024191,A,0
2023-08-05 00:00:00,2,16.60571428571429,92.88571428571429,1003.4085714285715,18.970285714285712,1.2599133419101347,0,62.8,9.66285714285714,0.16,0.5714285714285714,0.7071067811865475,0.7071067811865476,-0.9749279121818236,-0.2225209339563146,A,0
2023-08-05 06:00:00,2,22.959375,71.921875,1003.73125,24.1546875,-0.42742305925399254,0,5.9,9.728124999999999,6.470000000000001,283.5625,0.7071067811865476,-0.7071067811865475,-0.9749279121818236,-0.2225209339563146,A,0
2023-08-05 12:00:00,2,28.46,45.51428571428571,1002.1857142857143,20.46257142857143,-0.4180351300868433,0,0.0,10.64285714285714,13.280000000000003,513.5714285714286,-0.7071067811865471,-0.7071067811865479,-0.9749279121818236,-0.2225209339563146,A,0
2023-08-05 18:00:00,2,18.953125,71.09375,1002.265625,19.604375,-0.016349805807222312,0,0.0,8.69375,1.5300000000000002,19.4375,-0.7071067811865477,0.7071067811865474,-0.9749279121818236,-0.2225209339563146,A,0
2023-08-06 00:00:00,2,16.325,84.48611111111111,1001.5472222222221,19.48944444444444,-0.028568349040988174,0,0.0,9.149999999999999,1.1400000000000001,3.5,0.7071067811865475,0.7071067811865476,-0.7818314824680299,0.6234898018587334,A,0
2023-08-06 06:00:00,2,30.891428571428573,36.34285714285714,1000.6428571428571,18.692857142857143,-0.25019509086975916,0,0.0,10.665714285714285,13.53,532.8571428571429,0.7071067811865476,-0.7071067811865475,-0.7818314824680299,0.6234898018587334,A,0
2023-08-06 12:00:00,2,32.95588235294118,21.735294117647058,999.7941176470588,17.56352941176471,-0.10844399187660586,0,0.0,20.05294117647059,19.54,625.6176470588235,-0.7071067811865471,-0.7071067811865479,-0.7818314824680299,0.6234898018587334,A,0
2023-08-06 18:00:00,2,18.845714285714287,49.48571428571429,1003.7371428571429,17.28657142857143,-0.017933210141581023,0,0.0,14.297142857142857,5.03,19.485714285714284,-0.7071067811865477,0.7071067811865474,-0.7818314824680299,0.6234898018587334,A,0
2023-08-07 00:00:00,2,11.728571428571428,81.67142857142858,1007.0314285714285,17.18428571428571,-0.014689259321501065,0,0.0,8.968571428571426,1.4900000000000004,3.7714285714285714,0.7071067811865475,0.7071067811865476,0.0,1.0,A,0
2023-08-07 06:00:00,2,28.14857142857143,30.67142857142857,1007.6457142857145,16.987142857142857,-0.060761534461427964,0,0.0,16.439999999999998,15.21,553.5714285714286,0.7071067811865476,-0.7071067811865475,0.0,1.0,A,0
2023-08-07 12:00:00,2,31.81764705882353,21.044117647058822,1007.364705882353,16.746764705882352,-0.028243772811346796,0,0.0,15.06470588235294,18.630000000000003,660.7058823529412,-0.7071067811865471,-0.7071067811865479,0.0,1.0,A,0
2023-08-07 18:00:00,2,17.65277777777778,47.30555555555556,1010.2583333333334,16.655,-0.014561514613066538,0,0.0,9.449999999999996,3.3600000000000003,21.833333333333332,-0.7071067811865477,0.7071067811865474,0.0,1.0,A,0
2023-08-08 00:00:00,2,13.871428571428572,60.1,1012.0400000000001,16.54057142857143,-0.025626447857377797,0,0.0,5.5428571428571445,0.8700000000000001,2.857142857142857,0.7071067811865475,0.7071067811865476,0.7818314824680298,0.6234898018587336,A,0
2023-08-08 06:00:00,2,27.00588235294118,39.588235294117645,1012.6,20.01323529411765,2.391720027005356,725,0.0,3.0647058823529414,11.53,532.8235294117648,0.7071067811865476,-0.7071067811865475,0.7818314824680298,0.6234898018587336,A,2
2023-08-08 12:00:00,2,32.45714285714285,29.942857142857143,1010.1685714285715,25.153999999999993,-1.1528836732001102,246,0.0,5.960000000000001,15.610000000000001,597.3142857142857,-0.7071067811865471,-0.7071067811865479,0.7818314824680298,0.6234898018587336,A,1
2023-08-08 18:00:00,2,18.24857142857143,60.25714285714286,1011.422857142857,22.596285714285713,-0.09310344364166984,0,0.0,7.028571428571429,2.14,19.2,-0.7071067811865477,0.7071067811865474,0.7818314824680298,0.6234898018587336,A,0
2023-08-09 00:00:00,2,16.88,58.357142857142854,1011.9114285714286,22.365428571428577,-0.031649188201198906,0,0.0,4.488571428571429,0.5900000000000001,3.257142857142857,0.7071067811865475,0.7071067811865476,0.9749279121818236,-0.22252093395631434,A,0
2023-08-09 06:00:00,2,29.35555555555556,38.5,1011.877777777778,20.69833333333333,-0.505491609420735,0,0.0,3.916666666666666,11.940000000000001,487.0,0.7071067811865476,-0.7071067811865475,0.9749279121818236,-0.22252093395631434,A,0
2023-08-09 12:00:00,2,34.311428571428564,30.8,1009.3828571428572,18.607142857142858,-0.20892784141735385,0,0.0,4.265714285714284,15.409999999999998,599.6285714285714,-0.7071067811865471,-0.7071067811865479,0.9749279121818236,-0.22252093395631434,A,0
2023-08-09 18:00:00,2,21.368571428571432,61.98571428571429,1011.4142857142855,18.09914285714286,-0.01415790284278285,0,0.0,5.799999999999999,1.56,18.857142857142858,-0.7071067811865477,0.7071067811865474,0.9749279121818236,-0.22252093395631434,A,0
2023-08-10 00:00:00,2,16.064705882352943,81.72058823529412,1013.6176470588235,17.998235294117645,-0.012744139654047488,0,0.0,6.897058823529412,0.24000000000000002,3.0,0.7071067811865475,0.7071067811865476,0.43388373911755823,-0.900968867902419,A,0
2023-08-10 06:00:00,2,30.288235294117644,48.13235294117647,1014.2058823529412,17.660294117647062,-0.11384528883901676,0,0.0,8.305882352941175,11.76,496.61764705882354,0.7071067811865476,-0.7071067811865475,0.43388373911755823,-0.900968867902419,A,0
2023-08-10 12:00:00,2,33.885714285714286,38.4,1012.5199999999999,17.122285714285713,-0.05263048187166627,0,0.0,8.477142857142859,16.78,595.8857142857142,-0.7071067811865471,-0.7071067811865479,0.43388373911755823,-0.900968867902419,A,0
2023-08-10 18:00:00,2,24.7,59.40277777777778,1014.7888888888889,17.005000000000003,-0.017612525892850256,0,0.0,11.616666666666667,3.4799999999999995,15.166666666666666,-0.7071067811865477,0.7071067811865474,0.43388373911755823,-0.900968867902419,A,0
2023-08-11 00:00:00,2,19.433333333333334,78.22222222222223,1016.7583333333337,16.923333333333332,-0.01405303015214332,0,0.0,6.783333333333334,0.8400000000000001,2.6666666666666665,0.7071067811865475,0.7071067811865476,-0.433883739117558,-0.9009688679024191,A,0
2023-08-11 06:00:00,2,31.691428571428574,46.07142857142857,1017.5485714285713,16.782571428571423,-0.04030770414017124,0,0.0,7.7942857142857145,12.709999999999997,502.9142857142857,0.7071067811865476,-0.7071067811865475,-0.433883739117558,-0.9009688679024191,A,0
2023-08-11 12:00:00,2,35.12352941176471,39.161764705882355,1015.7941176470588,24.161176470588238,3.1804043686737287,978,0.0,9.932352941176472,16.81,604.2352941176471,-0.7071067811865471,-0.7071067811865479,-0.433883739117558,-0.9009688679024191,A,2
2023-08-11 18:00:00,2,24.248387096774195,62.435483870967744,1017.0,26.375806451612902,-0.39998834244769227,0,0.0,10.28064516129032,2.699999999999999,20.096774193548388,-0.7071067811865477,0.7071067811865474,-0.433883739117558,-0.9009688679024191,A,0
2023-08-12 00:00:00,2,17.885714285714286,82.64285714285714,1017.8771428571428,25.071142857142856,-0.1255449732945802,0,0.0,5.968571428571428,0.4800000000000001,2.5714285714285716,0.7071067811865475,0.7071067811865476,-0.9749279121818236,-0.2225209339563146,A,0
2023-08-12 06:00:00,2,32.36666666666667,45.59090909090909,1016.8090909090909,26.460303030303027,0.48270032258590156,441,0.0,3.296969696969697,11.87,515.3939393939394,0.7071067811865476,-0.7071067811865475,-0.9749279121818236,-0.2225209339563146,A,1
2023-08-12 12:00:00,2,35.59714285714286,39.5,1013.3799999999999,22.076,-0.6294890001618176,0,0.0,5.9142857142857155,16.0,576.8571428571429,-0.7071067811865471,-0.7071067811865479,-0.9749279121818236,-0.2225209339563146,A,0
2023-08-12 18:00:00,2,25.080555555555556,64.63888888888889,1014.4694444444447,20.567777777777778,-0.03843004168551818,0,0.0,8.75,2.8200000000000003,15.666666666666666,-0.7071067811865477,0.7071067811865474,-0.9749279121818236,-0.2225209339563146,A,0
2023-08-13 00:00:00,2,19.717142857142857,82.84285714285714,1015.3628571428568,20.403714285714287,-0.023710816785383622,0,0.0,5.194285714285714,0.6500000000000001,2.4,0.7071067811865475,0.7071067811865476,-0.7818314824680299,0.6234898018587334,A,0
2023-08-13 06:00:00,2,33.35142857142856,46.72857142857143,1014.7114285714287,19.592857142857138,-0.28335641099550485,0,0.0,5.145714285714287,12.749999999999998,489.6,0.7071067811865476,-0.7071067811865475,-0.7818314824680299,0.6234898018587334,A,0
2023-08-13 12:00:00,2,37.00882352941177,39.0,1011.9735294117646,18.379411764705885,-0.12481587736306582,0,0.0,6.48235294117647,16.36,596.5294117647059,-0.7071067811865471,-0.7071067811865479,-0.7818314824680299,0.6234898018587334,A,0
2023-08-13 18:00:00,2,26.579411764705885,63.23529411764706,1012.7470588235294,18.066764705882353,-0.014553173536571868,0,0.0,8.52941176470588,2.74,15.911764705882353,-0.7071067811865477,0.7071067811865474,-0.7818314824680299,0.6234898018587334,A,0
2023-08-14 00:00:00,2,20.71818181818182,83.83333333333333,1013.969696969697,17.993636363636362,-0.01315566598075469,0,0.0,5.221212121212122,0.4,2.3636363636363638,0.7071067811865475,0.7071067811865476,0.0,1.0,A,0
2023-08-14 06:00:00,2,33.93714285714285,47.385714285714286,1013.8857142857141,17.765428571428572,-0.07257532230377559,0,0.0,5.308571428571428,13.120000000000003,507.37142857142857,0.7071067811865476,-0.7071067811865475,0.0,1.0,A,0
2023-08-14 12:00:00,2,33.547058823529404,42.48529411764706,1011.8735294117646,24.79529411764706,1.382850284932721,622,0.0,7.635294117647059,14.520000000000001,496.6470588235294,-0.7071067811865471,-0.7071067811865479,0.0,1.0,A,1
2023-08-14 18:00:00,2,23.994444444444444,70.30555555555556,1013.3027777777778,24.477777777777778,-0.10450387453571906,0,0.0,8.133333333333335,2.9399999999999995,14.0,-0.7071067811865477,0.7071067811865474,0.0,1.0,A,0
2023-08-15 00:00:00,2,20.92285714285714,81.82857142857142,1014.0771428571428,23.805428571428575,-0.07191008640734425,0,0.0,5.531428571428571,0.97,2.057142857142857,0.7071067811865475,0.7071067811865476,0.7818314824680298,0.6234898018587336,A,0
2023-08-15 06:00:00,2,33.567647058823525,46.30882352941177,1013.3676470588235,21.884411764705884,-0.5902337392541457,0,0.0,3.7529411764705882,12.0,488.97058823529414,0.7071067811865476,-0.7071067811865475,0.7818314824680298,0.6234898018587336,A,0
2023-08-15 12:00:00,2,36.5258064516129,37.11290322580645,1010.0838709677419,19.5741935483871,-0.18491044401072418,0,0.0,3.2290322580645165,12.309999999999999,504.19354838709677,-0.7071067811865471,-0.7071067811865479,0.7818314824680298,0.6234898018587336,A,0
2023-08-15 18:00:00,2,25.284375,64.015625,1012.06875,19.098125,-0.02576832943034963,0,0.0,6.153125000000001,1.4100000000000001,11.5625,-0.7071067811865477,0.7071067811865474,0.7818314824680298,0.6234898018587336,A,0
2023-08-16 00:00:00,2,20.497222222222224,82.88888888888889,1013.6666666666669,18.92805555555556,-0.022273769936754725,0,5.4,3.6499999999999995,0.0,1.8333333333333333,0.7071067811865475,0.7071067811865476,0.9749279121818236,-0.22252093395631434,A,0
2023-08-16 06:00:00,2,32.440625,51.15625,1013.703125,18.6628125,-0.09831005732880872,0,0.0,5.2875,10.89,466.28125,0.7071067811865476,-0.7071067811865475,0.9749279121818236,-0.22252093395631434,A,0
2023-08-16 12:00:00,2,36.980555555555554,34.013888888888886,1010.7027777777774,18.151666666666664,-0.069386092939354,0,0.0,4.783333333333334,15.059999999999999,519.1666666666666,-0.7071067811865471,-0.7071067811865479,0.9749279121818236,-0.22252093395631434,A,0
2023-08-16 18:00:00,2,24.60857142857143,63.51428571428571,1011.8857142857141,17.98657142857143,-0.011020664751731163,0,0.0,4.519999999999999,1.1300000000000001,12.342857142857143,-0.7071067811865477,0.7071067811865474,0.9749279121818236,-0.22252093395631434,A,0
2023-08-17 00:00:00,2,20.96666666666667,78.27777777777777,1012.9555555555556,17.858611111111106,-0.025216868798263303,0,7.200000000000001,11.466666666666665,0.9600000000000001,1.5,0.7071067811865475,0.7071067811865476,0.43388373911755823,-0.900968867902419,A,0
2023-08-17 06:00:00,2,33.90909090909091,44.621212121212125,1012.1363636363636,17.68939393939394,-0.0351396497997146,0,0.0,4.087878787878787,10.37,442.8787878787879,0.7071067811865476,-0.7071067811865475,0.43388373911755823,-0.900968867902419,A,0
2023-08-17 12:00:00,2,30.32285714285715,55.98571428571429,1010.1314285714285,17.621428571428574,-0.0009669400024100823,0,4.8,8.962857142857143,10.020000000000001,374.57142857142856,-0.7071067811865471,-0.7071067811865479,0.43388373911755823,-0.900968867902419,A,0
2023-08-17 18:00:00,2,23.785714285714285,69.27142857142857,1011.6085714285715,17.60057142857143,-0.009213294771137592,0,0.0,4.9485714285714275,0.45999999999999996,9.8,-0.7071067811865477,0.7071067811865474,0.43388373911755823,-0.900968867902419,A,0
2023-08-18 00:00:00,2,20.585714285714285,76.62857142857143,1012.2257142857142,17.534857142857142,-0.014789874360248468,0,0.0,4.211428571428573,0.10999999999999999,1.4285714285714286,0.7071067811865475,0.7071067811865476,-0.433883739117558,-0.9009688679024191,A,0
2023-08-18 06:00:00,2,32.925714285714285,46.91428571428571,1012.0628571428571,17.498285714285718,0.056735505746697765,252,0.0,3.5771428571428574,12.22,479.25714285714287,0.7071067811865476,-0.7071067811865475,-0.433883739117558,-0.9009688679024191,A,1
2023-08-18 12:00:00,2,37.484848484848484,37.93939393939394,1009.6515151515151,29.075757575757574,-0.764302131115975,866,0.0,7.1454545454545455,14.25,520.3636363636364,-0.7071067811865471,-0.7071067811865479,-0.433883739117558,-0.9009688679024191,A,2
2023-08-18 18:00:00,2,26.102777777777774,65.45833333333333,1011.3250000000002,25.315277777777776,-0.16999941855273507,0,0.0,7.616666666666668,1.9200000000000002,12.833333333333334,-0.7071067811865477,0.7071067811865474,-0.433883739117558,-0.9009688679024191,A,0
2023-08-19 00:00:00,2,21.584375,79.5625,1012.621875,24.4703125,-0.11137629027731197,0,0.0,3.45625,0.11000000000000001,1.6875,0.7071067811865475,0.7071067811865476,-0.9749279121818236,-0.2225209339563146,A,0
2023-08-19 06:00:00,2,34.6030303030303,47.93939393939394,1012.6484848484849,22.466060606060605,-0.664910075397069,0,0.0,2.790909090909091,11.59,484.4848484848485,0.7071067811865476,-0.7071067811865475,-0.9749279121818236,-0.2225209339563146,A,0
2023-08-19 12:00:00,2,38.71764705882353,36.955882352941174,1010.8882352941177,19.785294117647055,-0.23634086041464816,0,0.0,5.1911764705882355,15.89,576.4705882352941,-0.7071067811865471,-0.7071067811865479,-0.9749279121818236,-0.2225209339563146,A,0
2023-08-19 18:00:00,2,24.80833333333333,67.70833333333333,1012.9861111111113,19.191388888888888,-0.019114852312654702,0,0.0,7.083333333333333,2.1599999999999993,12.5,-0.7071067811865477,0.7071067811865474,-0.9749279121818236,-0.2225209339563146,A,0
2023-08-20 00:00:00,2,20.306060606060605,84.5,1014.9454545454547,19.063030303030303,-0.03188169562829495,0,0.0,6.448484848484848,0.6600000000000001,1.4545454545454546,0.7071067811865475,0.7071067811865476,-0.7818314824680299,0.6234898018587334,A,0
2023-08-20 06:00:00,2,35.025714285714294,45.785714285714285,1015.0571428571428,18.801714285714286,-0.06610248869425979,0,0.0,6.108571428571429,12.750000000000002,470.42857142857144,0.7071067811865476,-0.7071067811865475,-0.7818314824680299,0.6234898018587334,A,0
2023-08-20 12:00:00,2,38.35999999999999,35.885714285714286,1012.9114285714286,18.49171428571429,-0.025109741777938246,0,0.0,12.337142857142856,17.840000000000003,547.5714285714286,-0.7071067811865471,-0.7071067811865479,-0.7818314824680299,0.6234898018587334,A,0
2023-08-20 18:00:00,2,27.26388888888889,59.416666666666664,1015.2000000000002,18.393333333333334,-0.016426020770540325,0,0.0,9.249999999999998,3.2399999999999993,11.333333333333334,-0.7071067811865477,0.7071067811865474,-0.7818314824680299,0.6234898018587334,A,0
2023-08-21 00:00:00,2,22.788571428571426,72.4,1016.7114285714284,18.303428571428576,-0.019815538730572006,0,0.0,3.982857142857143,0.48000000000000004,1.3714285714285714,0.7071067811865475,0.7071067811865476,0.0,1.0,A,0
2023-08-21 06:00:00,2,36.38484848484849,41.166666666666664,1016.2818181818183,18.152727272727276,-0.02006820122419652,0,0.0,4.572727272727272,11.8,465.54545454545456,0.7071067811865476,-0.7071067811865475,0.0,1.0,A,0
2023-08-21 12:00:00,2,39.733333333333334,32.541666666666664,1013.4083333333331,18.069444444444443,-0.01676480216181052,0,0.0,8.883333333333333,17.64,560.3333333333334,-0.7071067811865471,-0.7071067811865479,0.0,1.0,A,0
2023-08-21 18:00:00,2,24.845714285714287,64.87142857142857,1014.1857142857141,17.991142857142858,-0.01279840504348773,0,0.0,7.257142857142859,2.2499999999999996,11.657142857142857,-0.7071067811865477,0.7071067811865474,0.0,1.0,A,0
2023-08-22 00:00:00,2,22.954285714285714,68.62857142857143,1014.4257142857143,17.853142857142853,-0.027096835719417168,0,0.0,4.565714285714285,0.6300000000000001,1.2,0.7071067811865475,0.7071067811865476,0.7818314824680298,0.6234898018587336,A,0
2023-08-22 06:00:00,2,36.742424242424235,40.15151515151515,1014.0181818181818,27.55060606060606,3.560305242043648,1513,0.0,2.5787878787878786,11.129999999999999,455.6969696969697,0.7071067811865476,-0.7071067811865475,0.7818314824680298,0.6234898018587336,A,2
2023-08-22 12:00:00,2,40.47714285714286,32.22857142857143,1011.0228571428572,26.940285714285714,-1.2465341036117923,32,0.0,8.448571428571427,17.299999999999997,556.7142857142857,-0.7071067811865471,-0.7071067811865479,0.7818314824680298,0.6234898018587336,A,1
2023-08-22 18:00:00,2,25.205714285714286,63.0,1011.7228571428573,24.553714285714285,-0.020274386786287433,0,0.0,5.5600000000000005,1.58,10.628571428571428,-0.7071067811865477,0.7071067811865474,0.7818314824680298,0.6234898018587336,A,0
2023-08-23 00:00:00,2,23.091176470588234,63.294117647058826,1011.864705882353,24.26764705882353,-0.06744081377620534,0,0.0,3.6235294117647063,0.16000000000000003,0.7058823529411765,0.7071067811865475,0.7071067811865476,0.9749279121818236,-0.22252093395631434,A,0
2023-08-23 06:00:00,2,36.263636363636365,39.34848484848485,1011.5757575757576,22.77,-0.44073729799119205,0,0.0,3.6030303030303026,11.870000000000001,477.7878787878788,0.7071067811865476,-0.7071067811865475,0.9749279121818236,-0.22252093395631434,A,0
2023-08-23 12:00:00,2,41.90967741935484,24.983870967741936,1008.6322580645162,20.816451612903226,-0.2211069584333752,0,0.0,6.396774193548386,15.090000000000002,552.3870967741935,-0.7071067811865471,-0.7071067811865479,0.9749279121818236,-0.22252093395631434,A,0
2023-08-23 18:00:00,2,26.248387096774195,55.16129032258065,1010.2774193548388,20.20838709677419,-0.029477776191410867,0,0.0,7.196774193548384,2.259999999999999,9.548387096774194,-0.7071067811865477,0.7071067811865474,0.9749279121818236,-0.22252093395631434,A,0
2023-08-24 00:00:00,2,21.078125,73.5,1011.7874999999999,20.064999999999998,-0.02096259849584281,0,0.0,2.8500000000000005,0.28,1.125,0.7071067811865475,0.7071067811865476,0.43388373911755823,-0.900968867902419,A,0
2023-08-24 06:00:00,2,36.94375,36.859375,1011.3625000000001,19.7821875,-0.07988701016103748,0,0.0,5.553125,12.77,498.59375,0.7071067811865476,-0.7071067811865475,0.43388373911755823,-0.900968867902419,A,0
2023-08-24 12:00:00,2,40.84705882352941,25.014705882352942,1008.05,19.44235294117647,-0.055006267489830465,0,0.0,8.620588235294118,16.989999999999995,547.5882352941177,-0.7071067811865471,-0.7071067811865479,0.43388373911755823,-0.900968867902419,A,0
2023-08-24 18:00:00,2,25.854285714285716,58.47142857142857,1009.0542857142858,19.30314285714286,-0.010867814468507195,0,0.0,6.311428571428571,2.3299999999999996,9.771428571428572,-0.7071067811865477,0.7071067811865474,0.43388373911755823,-0.900968867902419,A,0
2023-08-25 00:00:00,2,22.077777777777772,68.08333333333333,1009.1694444444446,19.220833333333342,-0.01190345935778196,0,0.0,3.7333333333333325,0.42000000000000004,0.8333333333333334,0.7071067811865475,0.7071067811865476,-0.433883739117558,-0.9009688679024191,A,0
2023-08-25 06:00:00,2,37.381818181818176,37.57575757575758,1008.439393939394,24.97787878787879,3.182746823053795,973,0.0,5.427272727272727,12.34,475.1818181818182,0.7071067811865476,-0.7071067811865475,-0.433883739117558,-0.9009688679024191,A,2
2023-08-25 12:00:00,2,39.791428571428575,27.957142857142856,1005.3885714285714,28.936000000000003,-1.5174085464188194,507,0.0,12.345714285714285,19.37,549.2,-0.7071067811865471,-0.7071067811865479,-0.433883739117558,-0.9009688679024191,A,1
2023-08-25 18:00:00,2,26.81142857142858,42.18571428571428,1006.3285714285716,25.361428571428572,-0.12279866002259866,0,0.0,9.091428571428573,3.9699999999999993,9.6,-0.7071067811865477,0.7071067811865474,-0.433883739117558,-0.9009688679024191,A,0
2023-08-26 00:00:00,2,19.725714285714286,65.64285714285714,1006.862857142857,24.772000000000002,-0.07746954887614134,0,0.0,7.04857142857143,1.7600000000000002,0.8571428571428571,0.7071067811865475,0.7071067811865476,-0.9749279121818236,-0.2225209339563146,A,0
2023-08-26 06:00:00,2,34.81428571428572,37.142857142857146,1006.3857142857142,23.499714285714283,-0.45062789681656756,0,0.0,11.462857142857143,12.96,406.34285714285716,0.7071067811865476,-0.7071067811865475,-0.9749279121818236,-0.2225209339563146,A,0
2023-08-26 12:00:00,2,35.058333333333344,36.875,1004.3194444444442,21.610833333333332,-0.15685507969155468,0,0.6000000000000001,12.783333333333333,16.740000000000002,474.3333333333333,-0.7071067811865471,-0.7071067811865479,-0.9749279121818236,-0.2225209339563146,A,0
2023-08-26 18:00:00,2,23.514285714285716,69.97142857142858,1005.76,21.197999999999997,-0.027936294394901036,0,0.0,12.134285714285713,2.5199999999999996,8.571428571428571,-0.7071067811865477,0.7071067811865474,-0.9749279121818236,-0.2225209339563146,A,0
2023-08-27 00:00:00,2,22.191428571428574,70.81428571428572,1004.2657142857144,21.005714285714284,-0.03523150505721998,0,1.0,9.86857142857143,1.1,0.17142857142857143,0.7071067811865475,0.7071067811865476,-0.7818314824680299,0.6234898018587334,A,0
2023-08-27 06:00:00,2,25.283333333333335,67.25,1003.8416666666667,20.79972222222223,-0.03432353682523501,0,4.800000000000001,8.833333333333334,4.859999999999999,111.66666666666667,0.7071067811865476,-0.7071067811865475,-0.7818314824680299,0.6234898018587334,A,0
2023-08-27 12:00:00,2,26.40277777777778,70.5,1003.3249999999997,20.607222222222216,-0.03299076430569786,0,0.6000000000000001,8.333333333333332,6.660000000000001,201.16666666666666,-0.7071067811865471,-0.7071067811865479,-0.7818314824680299,0.6234898018587334,A,0
2023-08-27 18:00:00,2,22.33333333333333,80.62121212121212,1000.5787878787878,20.507575757575758,-0.013449943921143794,0,23.599999999999998,5.709090909090908,0.52,6.545454545454546,-0.7071067811865477,0.7071067811865474,-0.7818314824680299,0.6234898018587334,A,0
2023-08-28 00:00:00,2,20.15277777777778,87.66666666666667,996.5000000000002,20.429999999999996,-0.013128529228443138,0,128.39999999999998,18.016666666666666,0.18,0.16666666666666666,0.7071067811865475,0.7071067811865476,0.0,1.0,A,0
2023-08-28 06:00:00,2,27.693939393939395,59.89393939393939,994.7272727272727,20.306060606060605,-0.03295981553784698,0,17.700000000000003,10.23030303030303,7.91,338.1515151515151,0.7071067811865476,-0.7071067811865475,0.0,1.0,A,0
2023-08-28 12:00:00,2,22.424999999999997,74.69444444444444,994.9694444444443,20.191388888888888,-0.0453872182695367,0,76.8,13.016666666666666,7.5,307.6666666666667,-0.7071067811865471,-0.7071067811865479,0.0,1.0,A,0
2023-08-28 18:00:00,2,17.811111111111114,77.25,996.3444444444443,20.015833333333337,-0.01273554732773653,0,0.0,13.316666666666666,1.5,5.333333333333333,-0.7071067811865477,0.7071067811865474,0.0,1.0,A,0
2023-08-29 00:00:00,2,15.793548387096774,83.62903225806451,996.9258064516129,23.54612903225806,2.2194702924070318,0,31.800000000000008,11.358064516129033,0.04,0.25806451612903225,0.7071067811865475,0.7071067811865476,0.7818314824680298,0.6234898018587336,A,0
2023-08-29 06:00:00,2,18.500000000000004,83.52857142857142,998.6114285714286,28.792857142857144,-0.26235355229502283,0,3.0000000000000004,8.0,7.46,333.6,0.7071067811865476,-0.7071067811865475,0.7818314824680298,0.6234898018587336,A,0
2023-08-29 12:00:00,2,21.92857142857143,68.7,999.0400000000001,27.457142857142856,-0.20891814272299958,0,20.299999999999997,6.934285714285715,6.8999999999999995,292.1142857142857,-0.7071067811865471,-0.7071067811865479,0.7818314824680298,0.6234898018587336,A,0
2023-08-29 18:00:00,2,16.22285714285714,84.52857142857142,1001.1114285714284,27.295428571428566,0.04829262029133089,0,10.2,8.065714285714282,0.53,1.7142857142857142,-0.7071067811865477,0.7071067811865474,0.7818314824680298,0.6234898018587336,A,0
2023-08-30 00:00:00,2,15.936363636363636,85.28787878787878,1001.6696969696969,27.01060606060606,-0.0678376618981687,0,0.0,5.5272727272727264,0.17,0.30303030303030304,0.7071067811865475,0.7071067811865476,0.9749279121818236,-0.22252093395631434,A,0
2023-08-30 06:00:00,2,25.57741935483871,55.29032258064516,1002.3322580645162,26.07032258064516,-0.3358698082997524,0,0.0,4.912903225806452,8.26,413.19354838709677,0.7071067811865476,-0.7071067811865475,0.9749279121818236,-0.22252093395631434,A,0
2023-08-30 12:00:00,2,27.429411764705886,46.838235294117645,1001.6147058823527,23.889705882352946,-0.2048323856323563,0,0.0,4.302941176470589,11.23,474.9117647058824,-0.7071067811865471,-0.7071067811865479,0.9749279121818236,-0.22252093395631434,A,0
2023-08-30 18:00:00,2,18.805555555555557,71.875,1004.6749999999998,23.45055555555556,-0.026256983498173635,0,0.0,7.733333333333336,0.7200000000000001,6.0,-0.7071067811865477,0.7071067811865474,0.9749279121818236,-0.22252093395631434,A,0
2023-08-31 00:00:00,2,15.548571428571426,81.54285714285714,1007.3057142857144,23.263714285714286,-0.015076219730097167,0,0.0,8.688571428571429,0.3400000000000001,0.34285714285714286,0.7071067811865475,0.7071067811865476,0.43388373911755823,-0.900968867902419,A,0
2023-08-31 06:00:00,2,27.179999999999996,51.82857142857143,1009.6485714285714,22.808571428571426,-0.1975483656857673,0,0.0,5.160000000000001,9.96,435.0857142857143,0.7071067811865476,-0.7071067811865475,0.43388373911755823,-0.900968867902419,A,0
2023-08-31 12:00:00,2,26.875757575757575,53.13636363636363,1009.6848484848487,21.915454545454548,-0.0685465960001548,0,10.0,5.6909090909090905,8.490000000000002,354.8181818181818,-0.7071067811865471,-0.7071067811865479,0.43388373911755823,-0.900968867902419,A,0
2023-08-31 18:00:00,2,19.81388888888889,69.90277777777777,1012.122222222222,21.75555555555556,-0.021141224919516838,0,0.0,12.233333333333333,1.8,5.0,-0.7071067811865477,0.7071067811865474,0.43388373911755823,-0.900968867902419,A,0
2023-09-01 00:00:00,2,15.479411764705885,84.01470588235294,1014.0823529411765,21.63235294117647,-0.009363184093431329,0,0.0,9.549999999999997,0.5999999999999999,0.29411764705882354,0.7071067811865475,0.7071067811865476,-0.433883739117558,-0.9009688679024191,A,0
2023-09-01 06:00:00,2,29.749999999999996,45.98529411764706,1014.6617647058823,21.365294117647053,-0.09321868088301301,0,0.0,4.694117647058824,9.48,433.97058823529414,0.7071067811865476,-0.7071067811865475,-0.433883739117558,-0.9009688679024191,A,0
2023-09-01 12:00:00,2,31.742857142857144,40.01428571428571,1012.9285714285714,20.93285714285714,-0.03923695608503662,0,0.0,4.1,12.069999999999999,491.9428571428571,-0.7071067811865471,-0.7071067811865479,-0.433883739117558,-0.9009688679024191,A,0
2023-09-01 18:00:00,2,20.51111111111111,68.625,1014.9694444444444,20.80222222222222,-0.017997682619047106,0,0.0,8.549999999999997,1.2600000000000002,5.5,-0.7071067811865477,0.7071067811865474,-0.433883739117558,-0.9009688679024191,A,0
2023-09-02 00:00:00,2,17.079411764705885,76.61764705882354,1016.1411764705881,20.746764705882356,-0.004853577013826184,0,0.0,5.714705882352941,0.11000000000000001,0.29411764705882354,0.7071067811865475,0.7071067811865476,-0.9749279121818236,-0.2225209339563146,A,0
2023-09-02 06:00:00,2,30.00833333333334,47.013888888888886,1016.3500000000001,20.52916666666667,-0.046820254666158884,0,0.0,5.033333333333331,10.559999999999999,442.1666666666667,0.7071067811865476,-0.7071067811865475,-0.9749279121818236,-0.2225209339563146,A,0
2023-09-02 12:00:00,2,34.490909090909085,36.68181818181818,1015.009090909091,20.24909090909091,-0.03412469752050031,0,0.0,4.6878787878787875,11.770000000000001,492.2121212121212,-0.7071067811865471,-0.7071067811865479,-0.9749279121818236,-0.2225209339563146,A,0
2023-09-02 18:00:00,2,20.64857142857143,73.98571428571428,1017.1799999999998,20.157428571428568,-0.015186210134710032,0,0.0,2.885714285714285,0.24000000000000002,5.314285714285714,-0.7071067811865477,0.7071067811865474,-0.9749279121818236,-0.2225209339563146,A,0
2023-09-03 00:00:00,2,18.728571428571428,78.12857142857143,1018.4971428571426,20.075142857142854,-0.01723598154526789,0,0.0,6.0057142857142845,0.29,0.17142857142857143,0.7071067811865475,0.7071067811865476,-0.7818314824680299,0.6234898018587334,A,0
2023-09-03 06:00:00,2,31.383333333333333,46.55555555555556,1018.2305555555556,19.999166666666667,-0.01204212148056774,0,0.0,9.049999999999999,11.760000000000002,436.5,0.7071067811865476,-0.7071067811865475,-0.7818314824680299,0.6234898018587334,A,0
2023-09-03 12:00:00,2,34.78823529411765,35.338235294117645,1015.7970588235294,19.946470588235297,-0.008989611164734746,0,0.0,9.194117647058825,14.13,508.94117647058823,-0.7071067811865471,-0.7071067811865479,-0.7818314824680299,0.6234898018587334,A,0
2023-09-03 18:00:00,2,20.69090909090909,74.68181818181819,1017.6090909090908,19.878181818181815,-0.015754721391072434,0,0.0,5.560606060606061,0.87,4.393939393939394,-0.7071067811865477,0.7071067811865474,-0.7818314824680299,0.6234898018587334,A,0
2023-09-04 00:00:00,2,18.05294117647059,83.36764705882354,1018.7294117647058,19.77235294117647,-0.006645305312794338,0,0.0,5.776470588235292,0.24000000000000002,0.17647058823529413,0.7071067811865475,0.7071067811865476,0.0,1.0,A,0
2023-09-04 06:00:00,2,30.441176470588236,53.044117647058826,1018.4823529411765,19.749411764705883,0.0019061733342774063,0,0.0,12.570588235294117,10.83,419.0882352941176,0.7071067811865476,-0.7071067811865475,0.0,1.0,A,0
2023-09-04 12:00:00,2,33.861111111111114,37.111111111111114,1015.6472222222224,19.759166666666673,-0.001964646902814709,0,0.0,14.366666666666667,15.240000000000002,490.5,-0.7071067811865471,-0.7071067811865479,0.0,1.0,A,0
2023-09-04 18:00:00,2,21.566666666666674,62.638888888888886,1017.1638888888888,19.71055555555556,-0.013082274736358502,0,0.0,12.133333333333333,2.8199999999999994,4.333333333333333,-0.7071067811865477,0.7071067811865474,0.0,1.0,A,0
2023-09-05 00:00:00,2,18.397222222222226,73.29166666666667,1017.8888888888889,19.635000000000005,-0.015331988584764799,0,0.0,8.450000000000001,1.5,0.16666666666666666,0.7071067811865475,0.7071067811865476,0.7818314824680298,0.6234898018587336,A,0
2023-09-05 06:00:00,2,27.340000000000003,46.042857142857144,1017.9828571428571,19.580571428571425,-0.004028050471623686,0,0.0,10.71142857142857,10.389999999999999,378.8857142857143,0.7071067811865476,-0.7071067811865475,0.7818314824680298,0.6234898018587336,A,0
2023-09-05 12:00:00,2,30.90277777777777,32.47222222222222,1015.4222222222221,19.596666666666668,0.00033899691285745287,0,0.0,16.233333333333334,15.119999999999997,491.3333333333333,-0.7071067811865471,-0.7071067811865479,0.7818314824680298,0.6234898018587336,A,0
2023-09-05 18:00:00,2,15.612121212121213,69.63636363636364,1018.3272727272725,19.535151515151515,-0.020823444915263598,0,0.0,6.327272727272728,1.2500000000000002,3.9393939393939394,-0.7071067811865477,0.7071067811865474,0.7818314824680298,0.6234898018587336,A,0
2023-09-06 00:00:00,2,13.508823529411764,77.02941176470588,1018.5352941176471,19.38352941176471,-0.019259904034712866,0,0.0,4.461764705882353,0.16,0.17647058823529413,0.7071067811865475,0.7071067811865476,0.9749279121818236,-0.22252093395631434,A,0
2023-09-06 06:00:00,2,29.958333333333332,39.81944444444444,1017.7166666666666,19.343333333333337,0.005485602796628256,0,0.0,6.133333333333334,10.859999999999998,443.1666666666667,0.7071067811865476,-0.7071067811865475,0.9749279121818236,-0.22252093395631434,A,0
2023-09-06 12:00:00,2,33.99090909090909,32.0,1014.7181818181817,19.448787878787876,0.019010658631703013,0,0.0,7.727272727272727,12.87,526.6666666666666,-0.7071067811865471,-0.7071067811865479,0.9749279121818236,-0.22252093395631434,A,0
2023-09-06 18:00:00,2,17.494285714285716,71.45714285714286,1016.1,19.40371428571429,-0.018697750963636434,0,0.0,5.52857142857143,0.7799999999999999,3.2857142857142856,-0.7071067811865477,0.7071067811865474,0.9749279121818236,-0.22252093395631434,A,0
2023-09-07 00:00:00,2,15.826470588235296,76.36764705882354,1017.3205882352939,19.30529411764706,-0.013696350768533545,0,0.0,2.905882352941177,0.0,0.17647058823529413,0.7071067811865475,0.7071067811865476,0.43388373911755823,-0.900968867902419,A,0
2023-09-07 06:00:00,2,30.853125,41.390625,1016.859375,19.276249999999997,0.014751183860057237,0,0.0,5.915625,9.77,445.21875,0.7071067811865476,-0.7071067811865475,0.43388373911755823,-0.900968867902419,A,0
2023-09-07 12:00:00,2,34.01764705882353,33.11764705882353,1014.1205882352941,19.39941176470588,0.008186288808403582,0,0.0,13.51764705882353,14.499999999999998,505.0,-0.7071067811865471,-0.7071067811865479,0.43388373911755823,-0.900968867902419,A,0
2023-09-07 18:00:00,2,19.08529411764706,63.35294117647059,1015.8676470588235,19.377058823529413,-0.016143827535806673,0,0.0,7.208823529411766,1.53,3.7058823529411766,-0.7071067811865477,0.7071067811865474,0.43388373911755823,-0.900968867902419,A,0
2023-09-08 00:00:00,2,15.045454545454545,79.10606060606061,1016.8757575757576,19.271515151515153,-0.016844875565054065,0,0.0,2.212121212121212,0.1,0.0,0.7071067811865475,0.7071067811865476,-0.433883739117558,-0.9009688679024191,A,0
2023-09-08 06:00:00,2,30.58857142857143,41.22857142857143,1016.1085714285713,19.238571428571422,0.016937607374681883,0,0.0,4.797142857142857,10.259999999999998,427.37142857142857,0.7071067811865476,-0.7071067811865475,-0.433883739117558,-0.9009688679024191,A,0
2023-09-08 12:00:00,2,34.82258064516128,32.61290322580645,1013.1451612903226,19.362903225806452,0.010797533210557852,0,0.0,8.109677419354838,11.889999999999997,490.6774193548387,-0.7071067811865471,-0.7071067811865479,-0.433883739117558,-0.9009688679024191,A,0
2023-09-08 18:00:00,2,17.72285714285714,72.11428571428571,1014.4942857142858,19.337428571428568,-0.008647253676432438,0,0.0,7.022857142857141,1.26,3.085714285714286,-0.7071067811865477,0.7071067811865474,-0.433883739117558,-0.9009688679024191,A,0
2023-09-09 00:00:00,2,15.984375,77.09375,1015.2125,19.235625000000002,-0.018336991670085477,0,0.0,2.31875,0.1,0.0,0.7071067811865475,0.7071067811865476,-0.9749279121818236,-0.2225209339563146,A,0
2023-09-09 06:00:00,2,31.497142857142858,40.72857142857143,1014.6628571428573,19.21457142857142,0.01582061539702542,0,0.0,4.091428571428571,10.139999999999997,419.9714285714286,0.7071067811865476,-0.7071067811865475,-0.9749279121818236,-0.2225209339563146,A,0
2023-09-09 12:00:00,2,34.618181818181824,34.13636363636363,1012.5363636363637,19.346363636363638,0.006971901647309285,0,0.0,9.869696969696971,13.25,488.8484848484849,-0.7071067811865471,-0.7071067811865479,-0.9749279121818236,-0.2225209339563146,A,0
2023-09-09 18:00:00,2,17.799999999999997,74.0,1014.6125,19.330625,-0.014893177741233032,0,0.0,7.440625000000001,1.33,2.5,-0.7071067811865477,0.7071067811865474,-0.9749279121818236,-0.2225209339563146,A,0
2023-09-10 00:00:00,2,16.257575757575758,77.25757575757575,1015.1939393939394,19.229393939393944,-0.015768011887512125,0,0.0,4.303030303030303,0.21000000000000002,0.0,0.7071067811865475,0.7071067811865476,-0.7818314824680299,0.6234898018587334,A,0
2023-09-10 06:00:00,2,31.635294117647057,40.294117647058826,1014.714705882353,19.187352941176467,0.019524840031667687,0,0.0,4.367647058823529,10.45,437.88235294117646,0.7071067811865476,-0.7071067811865475,-0.7818314824680299,0.6234898018587334,A,0
2023-09-10 12:00:00,2,36.02333333333334,30.883333333333333,1012.1733333333336,19.331333333333337,0.011645853726495644,0,0.0,7.873333333333335,12.24,509.8666666666667,-0.7071067811865471,-0.7071067811865479,-0.7818314824680299,0.6234898018587334,A,0
2023-09-10 18:00:00,2,19.563636363636363,63.89393939393939,1013.0121212121212,19.314242424242423,-0.01455053469131396,0,0.0,6.721212121212121,1.21,2.727272727272727,-0.7071067811865477,0.7071067811865474,-0.7818314824680299,0.6234898018587334,A,0
2023-09-11 00:00:00,2,18.03529411764706,65.86764705882354,1012.5617647058823,19.22029411764706,-0.013871653088704309,0,0.0,5.561764705882354,0.6200000000000001,0.0,0.7071067811865475,0.7071067811865476,0.0,1.0,A,0
2023-09-11 06:00:00,2,31.584374999999998,39.375,1011.634375,19.1709375,0.013349356114862463,0,0.0,2.8812500000000005,9.24,419.875,0.7071067811865476,-0.7071067811865475,0.0,1.0,A,0
2023-09-11 12:00:00,2,36.358823529411765,29.147058823529413,1008.3382352941177,19.33823529411765,0.00833430661404628,0,0.0,6.364705882352941,13.270000000000001,488.3529411764706,-0.7071067811865471,-0.7071067811865479,0.0,1.0,A,0
2023-09-11 18:00:00,2,19.41666666666667,67.38888888888889,1009.7249999999998,19.30611111111111,-0.018999377170981973,0,0.0,5.716666666666667,1.3800000000000001,2.1666666666666665,-0.7071067811865477,0.7071067811865474,0.0,1.0,A,0
2023-09-12 00:00:00,2,19.168571428571433,71.12857142857143,1010.2857142857143,19.214857142857145,-0.015452901784383565,0,0.0,6.165714285714286,0.6500000000000001,0.0,0.7071067811865475,0.7071067811865476,0.7818314824680298,0.6234898018587336,A,0
2023-09-12 06:00:00,2,32.051428571428566,42.34285714285714,1010.537142857143,19.255714285714284,0.022078814868893865,0,0.0,3.154285714285714,10.149999999999999,408.57142857142856,0.7071067811865476,-0.7071067811865475,0.7818314824680298,0.6234898018587336,A,0
2023-09-12 12:00:00,2,35.82285714285714,34.18571428571428,1008.222857142857,19.46571428571428,0.04633004224483475,0,0.0,4.4942857142857155,12.299999999999995,452.6857142857143,-0.7071067811865471,-0.7071067811865479,0.7818314824680298,0.6234898018587336,A,0
2023-09-12 18:00:00,2,23.958823529411763,58.94117647058823,1010.2676470588235,19.58705882352941,-0.0042701288159185495,0,0.0,8.352941176470589,1.7400000000000002,1.9411764705882353,-0.7071067811865477,0.7071067811865474,0.7818314824680298,0.6234898018587336,A,0
2023-09-13 00:00:00,2,18.28055555555555,73.59722222222223,1011.1083333333333,19.508888888888887,-0.01889148660244686,0,0.0,9.633333333333331,1.4400000000000002,0.0,0.7071067811865475,0.7071067811865476,0.9749279121818236,-0.22252093395631434,A,0
2023-09-13 06:00:00,2,24.612121212121213,61.53030303030303,1012.2878787878788,19.413636363636364,0.012691618342816943,0,0.6000000000000001,5.254545454545455,6.57,258.90909090909093,0.7071067811865476,-0.7071067811865475,0.9749279121818236,-0.22252093395631434,A,0
2023-09-13 12:00:00,2,31.757575757575758,40.04545454545455,1010.4636363636363,19.544242424242427,0.02279950349605101,0,0.5,10.91212121212121,11.139999999999999,417.06060606060606,-0.7071067811865471,-0.7071067811865479,0.9749279121818236,-0.22252093395631434,A,0
2023-09-13 18:00:00,2,22.121739130434783,67.47826086956522,1012.804347826087,19.586521739130436,-0.015571573421769506,0,0.0,6.773913043478259,0.29000000000000004,2.347826086956522,-0.7071067811865477,0.7071067811865474,0.9749279121818236,-0.22252093395631434,A,0
2023-06-29 12:00:00,3,32.875,37.416666666666664,1009.0333333333334,44.145,-0.23359487175016952,0,0.0,8.450000000000001,4.020000000000001,393.5,-0.7071067811865471,-0.7071067811865479,0.43388373911755823,-0.900968867902419,A,0
2023-06-29 18:00:00,3,24.096969696969698,55.303030303030305,1009.6454545454544,43.347575757575754,-0.17012794679416587,0,0.0,7.536363636363636,2.3699999999999997,21.09090909090909,-0.7071067811865477,0.7071067811865474,0.43388373911755823,-0.900968867902419,A,0
2023-06-30 00:00:00,3,20.428571428571427,84.4,1009.3342857142857,42.77714285714285,-0.025499369436205555,0,1.2000000000000002,7.308571428571429,0.42000000000000004,9.428571428571429,0.7071067811865475,0.7071067811865476,-0.433883739117558,-0.9009688679024191,A,0
2023-06-30 06:00:00,3,24.719444444444445,69.04166666666667,1008.4694444444444,43.208888888888886,0.011356553146055869,0,3.000000000000001,3.2666666666666666,7.259999999999999,295.0,0.7071067811865476,-0.7071067811865475,-0.433883739117558,-0.9009688679024191,A,0
2023-06-30 12:00:00,3,20.128571428571426,87.98571428571428,1007.8571428571427,47.48657142857144,2.1454869886871606,0,15.799999999999999,5.665714285714287,7.489999999999999,287.6857142857143,-0.7071067811865471,-0.7071067811865479,-0.433883739117558,-0.9009688679024191,A,0
2023-06-30 18:00:00,3,18.485714285714284,94.88571428571429,1007.5457142857144,52.214857142857134,0.05203343569448772,0,39.699999999999996,7.394285714285713,0.49000000000000005,13.6,-0.7071067811865477,0.7071067811865474,-0.433883739117558,-0.9009688679024191,A,0
2023-07-01 00:00:00,3,17.825714285714287,95.74285714285715,1006.7314285714285,52.116,-0.06217347885925278,0,0.0,6.251428571428573,0.15,8.771428571428572,0.7071067811865475,0.7071067811865476,-0.9749279121818236,-0.2225209339563146,A,0
2023-07-01 06:00:00,3,23.805714285714288,76.87142857142857,1006.2885714285713,52.48428571428571,0.22442158261151657,0,0.0,4.56,11.3,492.9142857142857,0.7071067811865476,-0.7071067811865475,-0.9749279121818236,-0.2225209339563146,A,0
2023-07-01 12:00:00,3,31.62777777777778,47.791666666666664,1003.0805555555557,52.52861111111112,-0.5065655725058607,0,0.0,5.150000000000001,15.300000000000002,616.1666666666666,-0.7071067811865471,-0.7071067811865479,-0.9749279121818236,-0.2225209339563146,A,0
2023-07-01 18:00:00,3,21.177777777777777,83.52777777777777,1004.4416666666667,49.37083333333334,-0.37581948874220716,0,0.0,6.7333333333333325,1.5599999999999998,34.333333333333336,-0.7071067811865477,0.7071067811865474,-0.9749279121818236,-0.2225209339563146,A,0
2023-07-02 00:00:00,3,19.411428571428573,85.97142857142858,1005.6628571428569,47.524,-0.23241452262436296,0,0.0,6.968571428571428,0.45999999999999996,11.314285714285715,0.7071067811865475,0.7071067811865476,-0.7818314824680299,0.6234898018587334,A,0
2023-07-02 06:00:00,3,31.958333333333332,48.986111111111114,1005.8444444444447,49.53222222222222,0.6247123519478708,0,0.0,3.249999999999999,13.740000000000002,555.8333333333334,0.7071067811865476,-0.7071067811865475,-0.7818314824680299,0.6234898018587334,A,0
2023-07-02 12:00:00,3,34.075,44.361111111111114,1004.5083333333334,49.66555555555556,-0.3577023716139272,0,4.199999999999999,3.783333333333333,15.420000000000002,576.0,-0.7071067811865471,-0.7071067811865479,-0.7818314824680299,0.6234898018587334,A,0
2023-07-02 18:00:00,3,25.130555555555556,64.69444444444444,1005.9138888888889,47.56527777777777,-0.3415492663362058,0,0.0,7.950000000000001,1.86,32.5,-0.7071067811865477,0.7071067811865474,-0.7818314824680299,0.6234898018587334,A,0
2023-07-03 00:00:00,3,20.758333333333336,77.375,1007.4749999999999,45.898611111111116,-0.21420989856607947,0,0.0,5.866666666666668,0.6000000000000001,10.833333333333334,0.7071067811865475,0.7071067811865476,0.0,1.0,A,0
2023-07-03 06:00:00,3,32.61388888888888,50.541666666666664,1007.6666666666666,47.58944444444447,0.5085142564920407,0,0.0,4.466666666666668,13.200000000000003,532.8333333333334,0.7071067811865476,-0.7071067811865475,0.0,1.0,A,0
2023-07-03 12:00:00,3,31.288888888888884,51.81944444444444,1006.5611111111112,47.86694444444444,-0.22918521439525272,0,52.19999999999999,5.833333333333333,13.080000000000002,502.6666666666667,-0.7071067811865471,-0.7071067811865479,0.0,1.0,A,0
2023-07-03 18:00:00,3,21.685714285714287,76.32857142857142,1008.9514285714287,45.854571428571425,-0.3368172889018079,0,26.200000000000003,5.24,0.75,26.885714285714286,-0.7071067811865477,0.7071067811865474,0.0,1.0,A,0
2023-07-04 00:00:00,3,20.280555555555555,79.25,1011.1555555555556,44.31638888888889,-0.22650608623840054,0,28.799999999999997,13.133333333333335,0.18,4.333333333333333,0.7071067811865475,0.7071067811865476,0.7818314824680298,0.6234898018587336,A,0
2023-07-04 06:00:00,3,30.514705882352942,50.36764705882353,1010.9029411764704,45.704117647058816,0.5408437887470577,243,1.7000000000000002,3.623529411764706,7.58,337.5882352941176,0.7071067811865476,-0.7071067811865475,0.7818314824680298,0.6234898018587336,A,1
2023-07-04 12:00:00,3,32.50857142857143,43.25714285714286,1008.5914285714285,51.755428571428574,2.1836138255542723,1456,12.700000000000003,6.4542857142857155,11.589999999999998,450.54285714285714,-0.7071067811865471,-0.7071067811865479,0.7818314824680298,0.6234898018587336,A,2
2023-07-04 18:00:00,3,23.05142857142857,67.9,1008.9514285714284,54.737714285714276,-0.48279724290382214,0,32.4,8.191428571428569,1.08,29.65714285714286,-0.7071067811865477,0.7071067811865474,0.7818314824680298,0.6234898018587336,A,0
2023-07-05 00:00:00,3,20.79444444444444,77.19444444444444,1010.6583333333333,52.56055555555556,-0.35177451123464176,0,3.5999999999999996,8.950000000000003,0.42000000000000015,10.5,0.7071067811865475,0.7071067811865476,0.9749279121818236,-0.22252093395631434,A,0
2023-07-05 06:00:00,3,30.602777777777778,49.68055555555556,1010.6500000000001,51.56111111111112,0.12464398834856814,0,0.0,2.0833333333333335,13.02,543.8333333333334,0.7071067811865476,-0.7071067811865475,0.9749279121818236,-0.22252093395631434,A,0
2023-07-05 12:00:00,3,32.19428571428571,46.042857142857144,1007.7057142857144,52.757428571428576,1.00305401184334,819,0.0,5.114285714285714,14.759999999999998,569.9428571428572,-0.7071067811865471,-0.7071067811865479,0.9749279121818236,-0.22252093395631434,A,2
2023-07-05 18:00:00,3,23.434285714285714,66.21428571428571,1008.8799999999999,53.70057142857143,-0.41739962900937083,0,0.0,6.948571428571428,1.2100000000000002,21.771428571428572,-0.7071067811865477,0.7071067811865474,0.9749279121818236,-0.22252093395631434,A,0
2023-07-06 00:00:00,3,20.788888888888888,77.97222222222223,1010.7249999999998,51.914444444444456,-0.22768525990640953,0,0.0,8.316666666666663,0.6600000000000001,6.666666666666667,0.7071067811865475,0.7071067811865476,0.43388373911755823,-0.900968867902419,A,0
2023-07-06 06:00:00,3,25.12777777777778,61.458333333333336,1012.6694444444446,50.01916666666668,-0.30740333039367723,0,2.4000000000000004,6.550000000000001,7.979999999999999,326.3333333333333,0.7071067811865476,-0.7071067811865475,0.43388373911755823,-0.900968867902419,A,0
2023-07-06 12:00:00,3,27.119444444444444,53.40277777777778,1012.4861111111111,48.26916666666667,-0.2698353186614785,0,6.0,7.550000000000001,10.559999999999999,410.3333333333333,-0.7071067811865471,-0.7071067811865479,0.43388373911755823,-0.900968867902419,A,0
2023-07-06 18:00:00,3,19.157142857142862,79.48571428571428,1014.7428571428574,46.54142857142856,-0.3433560957361188,0,0.0,3.4571428571428577,0.9000000000000001,27.085714285714285,-0.7071067811865477,0.7071067811865474,0.43388373911755823,-0.900968867902419,A,0
2023-07-07 00:00:00,3,17.38888888888889,88.20833333333333,1016.6861111111112,44.86166666666668,-0.22280008837147186,0,0.0,5.183333333333334,0.18,9.666666666666666,0.7071067811865475,0.7071067811865476,-0.433883739117558,-0.9009688679024191,A,0
2023-07-07 06:00:00,3,30.927777777777774,48.583333333333336,1016.9916666666668,45.55277777777778,0.3271471239017598,0,0.0,5.833333333333335,13.859999999999996,570.0,0.7071067811865476,-0.7071067811865475,-0.433883739117558,-0.9009688679024191,A,0
2023-07-07 12:00:00,3,33.251428571428576,39.285714285714285,1015.4142857142855,45.94914285714287,-0.16627464768807196,0,0.0,10.811428571428571,17.560000000000002,647.2,-0.7071067811865471,-0.7071067811865479,-0.433883739117558,-0.9009688679024191,A,0
2023-07-07 18:00:00,3,24.549999999999997,58.75,1016.0194444444444,44.634444444444455,-0.26950476512388344,0,0.0,8.483333333333333,2.46,32.5,-0.7071067811865477,0.7071067811865474,-0.433883739117558,-0.9009688679024191,A,0
2023-07-08 00:00:00,3,17.77222222222222,85.34722222222223,1017.4250000000001,43.06805555555555,-0.23661444393009418,0,0.0,6.699999999999998,0.36,10.0,0.7071067811865475,0.7071067811865476,-0.9749279121818236,-0.2225209339563146,A,0
2023-07-08 06:00:00,3,31.405714285714282,45.628571428571426,1016.6628571428573,43.53228571428572,0.3318950020792311,295,0.0,5.517142857142859,12.28,495.0,0.7071067811865476,-0.7071067811865475,-0.9749279121818236,-0.2225209339563146,A,1
2023-07-08 12:00:00,3,35.847222222222214,34.90277777777778,1014.588888888889,44.66916666666666,-0.1470536894689795,10,0.0,5.966666666666665,17.520000000000003,636.1666666666666,-0.7071067811865471,-0.7071067811865479,-0.9749279121818236,-0.2225209339563146,A,1
2023-07-08 18:00:00,3,23.41111111111111,68.11111111111111,1015.622222222222,43.27138888888889,-0.30997668450749993,0,0.0,5.083333333333335,1.8,32.5,-0.7071067811865477,0.7071067811865474,-0.9749279121818236,-0.2225209339563146,A,0
2023-07-09 00:00:00,3,21.37777777777778,73.75,1017.122222222222,41.811666666666646,-0.1872208942634268,0,0.0,4.949999999999999,0.36,10.0,0.7071067811865475,0.7071067811865476,-0.7818314824680299,0.6234898018587334,A,0
2023-07-09 06:00:00,3,34.57428571428571,42.41428571428571,1016.6857142857145,42.21,0.24107730055569995,0,0.0,4.7714285714285705,14.270000000000001,563.7714285714286,0.7071067811865476,-0.7071067811865475,-0.7818314824680299,0.6234898018587334,A,0
2023-07-09 12:00:00,3,37.480000000000004,37.68571428571428,1014.3714285714287,42.40885714285715,-0.1712959194411214,0,0.0,6.351428571428572,18.2,646.9428571428572,-0.7071067811865471,-0.7071067811865479,-0.7818314824680299,0.6234898018587334,A,0
2023-07-09 18:00:00,3,25.405714285714282,68.74285714285715,1015.3542857142858,40.82457142857144,-0.29169174705213874,0,0.0,6.822857142857142,2.2199999999999998,32.74285714285714,-0.7071067811865477,0.7071067811865474,-0.7818314824680299,0.6234898018587334,A,0
2023-07-10 00:00:00,3,22.908571428571427,72.61428571428571,1016.6314285714285,39.63999999999999,-0.14962059636579483,0,0.0,3.9628571428571426,0.26,8.457142857142857,0.7071067811865475,0.7071067811865476,0.0,1.0,A,0
2023-07-10 06:00:00,3,35.264705882352935,46.8235294117647,1016.1176470588235,39.88058823529412,0.21880404174210297,1045,0.0,3.511764705882353,14.1,561.2352941176471,0.7071067811865476,-0.7071067811865475,0.0,1.0,A,2
2023-07-10 12:00:00,3,39.10857142857143,38.8,1012.7942857142856,40.977428571428575,-0.1344207342588725,140,0.0,3.500000000000001,16.869999999999994,598.8857142857142,-0.7071067811865471,-0.7071067811865479,0.0,1.0,A,1
2023-07-10 18:00:00,3,28.674999999999997,53.19444444444444,1012.7833333333336,39.941388888888895,-0.20568741825782577,0,0.0,6.283333333333333,2.039999999999999,31.666666666666668,-0.7071067811865477,0.7071067811865474,0.0,1.0,A,0
2023-07-11 00:00:00,3,24.191666666666666,61.916666666666664,1013.5055555555555,38.92722222222222,-0.14528696430495083,0,0.0,5.849999999999999,1.0800000000000003,9.666666666666666,0.7071067811865475,0.7071067811865476,0.7818314824680298,0.6234898018587336,A,0
2023-07-11 06:00:00,3,35.45277777777778,46.31944444444444,1012.9666666666667,38.91277777777778,0.13928190360491552,0,0.0,4.316666666666668,15.299999999999999,562.6666666666666,0.7071067811865476,-0.7071067811865475,0.7818314824680298,0.6234898018587336,A,0
2023-07-11 12:00:00,3,39.53888888888889,36.708333333333336,1010.1194444444443,38.964722222222214,-0.13286332185536776,0,0.0,3.133333333333333,17.399999999999995,610.8333333333334,-0.7071067811865471,-0.7071067811865479,0.7818314824680298,0.6234898018587336,A,0
2023-07-11 18:00:00,3,28.042857142857144,52.357142857142854,1009.3085714285713,37.86971428571429,-0.19873579278149653,0,0.0,4.428571428571427,1.6500000000000001,32.91428571428571,-0.7071067811865477,0.7071067811865474,0.7818314824680298,0.6234898018587336,A,0
2023-07-12 00:00:00,3,23.700000000000003,74.68055555555556,1010.7805555555556,36.887777777777785,-0.12581522168995893,0,0.0,10.25,1.1400000000000001,7.0,0.7071067811865475,0.7071067811865476,0.9749279121818236,-0.22252093395631434,A,0
2023-07-12 06:00:00,3,33.486111111111114,55.263888888888886,1011.6027777777779,23.649166666666662,-3.978647888202461,0,0.0,3.7666666666666675,13.079999999999998,488.0,0.7071067811865476,-0.7071067811865475,0.9749279121818236,-0.22252093395631434,A,0
2023-07-12 12:00:00,3,36.77222222222222,43.65277777777778,1008.6083333333331,31.81638888888889,3.3921998065588617,694,0.0,8.883333333333335,17.219999999999995,560.0,-0.7071067811865471,-0.7071067811865479,0.9749279121818236,-0.22252093395631434,A,2
2023-07-12 18:00:00,3,27.505555555555553,68.26388888888889,1008.5861111111109,32.891666666666666,-0.3368884001616004,0,0.0,10.850000000000001,1.7400000000000002,29.166666666666668,-0.7071067811865477,0.7071067811865474,0.9749279121818236,-0.22252093395631434,A,0
2023-07-13 00:00:00,3,21.305882352941172,76.44117647058823,1009.8147058823531,31.337352941176473,-0.21624748695225696,0,8.5,7.358823529411765,0.56,3.823529411764706,0.7071067811865475,0.7071067811865476,0.43388373911755823,-0.900968867902419,A,0
2023-07-13 06:00:00,3,25.77777777777778,69.05555555555556,1010.7416666666666,30.293611111111115,-0.12687071807990852,0,264.6,5.666666666666667,8.1,323.8333333333333,0.7071067811865476,-0.7071067811865475,0.43388373911755823,-0.900968867902419,A,0
2023-07-13 12:00:00,3,33.9388888888889,47.763888888888886,1008.8666666666666,28.540833333333328,-0.43523000949258356,0,1.2000000000000002,6.2,12.180000000000003,442.1666666666667,-0.7071067811865471,-0.7071067811865479,0.43388373911755823,-0.900968867902419,A,0
2023-07-13 18:00:00,3,24.39166666666667,72.19444444444444,1011.1416666666667,26.888333333333332,-0.13538372004348442,0,0.0,8.033333333333331,1.3800000000000001,32.166666666666664,-0.7071067811865477,0.7071067811865474,0.43388373911755823,-0.900968867902419,A,0
2023-07-14 00:00:00,3,21.997142857142855,80.07142857142857,1013.0771428571426,26.188571428571425,-0.0874598597542433,0,0.0,12.05142857142857,0.53,6.171428571428572,0.7071067811865475,0.7071067811865476,-0.433883739117558,-0.9009688679024191,A,0
2023-07-14 06:00:00,3,29.024999999999995,65.08333333333333,1013.2750000000001,28.92,2.1826969752686116,530,2.4000000000000004,12.766666666666664,10.559999999999999,397.3333333333333,0.7071067811865476,-0.7071067811865475,-0.433883739117558,-0.9009688679024191,A,1
2023-07-14 12:00:00,3,34.51111111111111,44.05555555555556,1010.4777777777776,30.92916666666666,-0.8306480207880265,0,0.6000000000000001,6.733333333333333,16.14,582.6666666666666,-0.7071067811865471,-0.7071067811865479,-0.433883739117558,-0.9009688679024191,A,0
2023-07-14 18:00:00,3,25.56388888888889,64.81944444444444,1011.5472222222223,28.409722222222225,-0.1760873297789879,0,0.0,5.049999999999999,1.32,30.833333333333332,-0.7071067811865477,0.7071067811865474,-0.433883739117558,-0.9009688679024191,A,0
2023-07-15 00:00:00,3,21.974285714285713,72.21428571428571,1012.3828571428572,27.499714285714287,-0.1282314817634862,0,0.0,4.588571428571429,0.32,7.428571428571429,0.7071067811865475,0.7071067811865476,-0.9749279121818236,-0.2225209339563146,A,0
2023-07-15 06:00:00,3,34.720000000000006,48.3,1012.0000000000002,26.353714285714286,-0.26126655564414286,0,0.0,3.7371428571428584,14.110000000000001,564.9428571428572,0.7071067811865476,-0.7071067811865475,-0.9749279121818236,-0.2225209339563146,A,0
2023-07-15 12:00:00,3,38.02285714285715,38.94285714285714,1009.4514285714284,24.594285714285718,-0.28170117494530306,0,0.0,4.611428571428571,17.13,628.8285714285714,-0.7071067811865471,-0.7071067811865479,-0.9749279121818236,-0.2225209339563146,A,0
2023-07-15 18:00:00,3,25.052777777777777,55.625,1010.1305555555552,23.520833333333332,-0.09841005396810716,0,0.0,6.216666666666665,1.9800000000000002,32.166666666666664,-0.7071067811865477,0.7071067811865474,-0.9749279121818236,-0.2225209339563146,A,0
2023-07-16 00:00:00,3,20.694285714285712,70.77142857142857,1010.6142857142859,23.068857142857137,-0.06053502102179631,0,0.0,6.728571428571429,1.2300000000000002,8.914285714285715,0.7071067811865475,0.7071067811865476,-0.7818314824680299,0.6234898018587334,A,0
2023-07-16 06:00:00,3,36.297222222222224,38.638888888888886,1010.7333333333333,22.845833333333335,-0.04347621886251281,0,0.0,7.199999999999999,15.240000000000002,565.1666666666666,0.7071067811865476,-0.7071067811865475,-0.7818314824680299,0.6234898018587334,A,0
2023-07-16 12:00:00,3,39.094444444444456,32.81944444444444,1009.1055555555554,22.35111111111111,-0.12481022133897701,0,0.0,6.083333333333333,19.440000000000005,654.1666666666666,-0.7071067811865471,-0.7071067811865479,-0.7818314824680299,0.6234898018587334,A,0
2023-07-16 18:00:00,3,28.1,46.52777777777778,1010.5527777777778,21.823611111111116,-0.05543392804616179,0,0.0,12.116666666666667,4.380000000000001,31.833333333333332,-0.7071067811865477,0.7071067811865474,-0.7818314824680299,0.6234898018587334,A,0
2023-07-17 00:00:00,3,22.99722222222222,56.77777777777778,1011.9055555555553,21.506111111111114,-0.038445621903046734,0,0.0,11.499999999999996,2.5799999999999996,8.5,0.7071067811865475,0.7071067811865476,0.0,1.0,A,0
2023-07-17 06:00:00,3,37.205882352941174,36.89705882352941,1012.3705882352941,23.570882352941176,1.2734643281588844,548,0.0,5.023529411764706,14.96,585.6470588235294,0.7071067811865476,-0.7071067811865475,0.0,1.0,A,2
2023-07-17 12:00:00,3,39.34166666666667,33.30555555555556,1009.9833333333333,23.825833333333335,-0.4502211915566741,0,0.0,6.633333333333335,19.140000000000008,626.0,-0.7071067811865471,-0.7071067811865479,0.0,1.0,A,0
2023-07-17 18:00:00,3,28.488888888888887,45.22222222222222,1011.2166666666666,22.53222222222222,-0.07243772273508553,0,0.0,19.216666666666665,6.3,30.5,-0.7071067811865477,0.7071067811865474,0.0,1.0,A,0
2023-07-18 00:00:00,3,21.894444444444442,75.36111111111111,1013.2249999999998,22.10138888888889,-0.054987374717576185,0,0.0,7.61666666666667,1.8000000000000003,8.0,0.7071067811865475,0.7071067811865476,0.7818314824680298,0.6234898018587336,A,0
2023-07-18 06:00:00,3,36.734285714285726,46.214285714285715,1013.3228571428572,21.863714285714284,-0.06398836754896618,0,0.0,4.105714285714285,14.389999999999999,543.5714285714286,0.7071067811865476,-0.7071067811865475,0.7818314824680298,0.6234898018587336,A,0
2023-07-18 12:00:00,3,39.125,41.583333333333336,1009.0555555555555,21.20888888888889,-0.11360905043864145,0,0.0,6.9333333333333345,19.799999999999997,645.3333333333334,-0.7071067811865471,-0.7071067811865479,0.7818314824680298,0.6234898018587336,A,0
2023-07-18 18:00:00,3,29.300000000000004,61.291666666666664,1010.2083333333335,20.76444444444445,-0.06214438392211675,0,0.0,5.683333333333333,2.1599999999999993,30.166666666666668,-0.7071067811865477,0.7071067811865474,0.7818314824680298,0.6234898018587336,A,0
2023-07-19 00:00:00,3,24.141176470588235,78.20588235294117,1009.7323529411765,20.437647058823533,-0.04178529346406747,0,0.0,9.508823529411766,1.08,8.117647058823529,0.7071067811865475,0.7071067811865476,0.9749279121818236,-0.22252093395631434,A,0
2023-07-19 06:00:00,3,35.06666666666667,53.81944444444444,1008.1277777777777,22.9925,0.9555775846095855,727,0.0,10.23333333333333,14.280000000000001,493.5,0.7071067811865476,-0.7071067811865475,0.9749279121818236,-0.22252093395631434,A,2
2023-07-19 12:00:00,3,37.18333333333334,38.27777777777778,1003.375,22.662777777777777,-0.2785006944844169,0,15.0,10.266666666666671,13.559999999999997,465.0,-0.7071067811865471,-0.7071067811865479,0.9749279121818236,-0.22252093395631434,A,0
2023-07-19 18:00:00,3,28.571428571428573,49.285714285714285,1003.4971428571429,21.854857142857146,-0.05346415181518207,0,0.0,7.368571428571429,1.24,17.142857142857142,-0.7071067811865477,0.7071067811865474,0.9749279121818236,-0.22252093395631434,A,0
2023-07-20 00:00:00,3,22.380555555555553,74.25,1006.1972222222224,21.50611111111111,-0.05175914780447139,0,32.400000000000006,10.616666666666667,0.6000000000000001,7.166666666666667,0.7071067811865475,0.7071067811865476,0.43388373911755823,-0.900968867902419,A,0
2023-07-20 06:00:00,3,34.55,44.666666666666664,1005.9527777777777,21.18138888888889,-0.06760684123755849,0,0.0,5.499999999999998,13.620000000000005,532.5,0.7071067811865476,-0.7071067811865475,0.43388373911755823,-0.900968867902419,A,0
2023-07-20 12:00:00,3,37.09444444444444,40.09722222222222,1003.1222222222223,20.57694444444444,-0.11725408173576966,0,0.0,7.050000000000001,17.39999999999999,599.0,-0.7071067811865471,-0.7071067811865479,0.43388373911755823,-0.900968867902419,A,0
2023-07-20 18:00:00,3,26.38333333333333,65.81944444444444,1003.4444444444445,20.12944444444444,-0.0503261359349041,0,0.0,9.899999999999999,3.1200000000000006,25.166666666666668,-0.7071067811865477,0.7071067811865474,0.43388373911755823,-0.900968867902419,A,0
2023-07-21 00:00:00,3,24.066666666666666,74.125,1004.4999999999998,19.901666666666667,-0.032574744065880956,0,3.5999999999999996,6.116666666666668,0.7200000000000002,7.333333333333333,0.7071067811865475,0.7071067811865476,-0.433883739117558,-0.9009688679024191,A,0
2023-07-21 06:00:00,3,33.62222222222222,47.583333333333336,1003.5305555555553,19.963333333333328,0.10995861575239814,640,0.6,11.08333333333333,11.879999999999999,429.1666666666667,0.7071067811865476,-0.7071067811865475,-0.433883739117558,-0.9009688679024191,A,2
2023-07-21 12:00:00,3,32.325,47.65277777777778,1002.8944444444444,25.205277777777777,-0.8045242485683923,535,0.0,12.483333333333334,13.860000000000003,511.0,-0.7071067811865471,-0.7071067811865479,-0.433883739117558,-0.9009688679024191,A,2
2023-07-21 18:00:00,3,24.266666666666666,70.65277777777777,1005.947222222222,22.648888888888884,-0.13612430255341115,0,1.2000000000000002,5.966666666666667,1.26,28.0,-0.7071067811865477,0.7071067811865474,-0.433883739117558,-0.9009688679024191,A,0
2023-07-22 00:00:00,3,19.54848484848485,87.51515151515152,1008.5515151515151,22.043636363636367,-0.05892385359622175,0,0.0,6.772727272727273,0.23,7.2727272727272725,0.7071067811865475,0.7071067811865476,-0.9749279121818236,-0.2225209339563146,A,0
2023-07-22 06:00:00,3,31.283333333333335,54.583333333333336,1009.1999999999999,21.774999999999995,-0.0533768375225406,0,14.4,5.716666666666669,8.099999999999998,321.5,0.7071067811865476,-0.7071067811865475,-0.9749279121818236,-0.2225209339563146,A,0
2023-07-22 12:00:00,3,30.388888888888882,56.486111111111114,1008.6972222222224,21.375555555555557,-0.08903322021456357,0,15.600000000000001,8.550000000000002,12.24,453.1666666666667,-0.7071067811865471,-0.7071067811865479,-0.9749279121818236,-0.2225209339563146,A,0
2023-07-22 18:00:00,3,21.20555555555556,79.47222222222223,1010.0805555555556,20.931944444444444,-0.04722110117414747,0,0.0,6.533333333333333,1.44,28.166666666666668,-0.7071067811865477,0.7071067811865474,-0.9749279121818236,-0.2225209339563146,A,0
2023-07-23 00:00:00,3,18.936111111111114,88.27777777777777,1011.9166666666665,20.67666666666667,-0.02591812198020747,0,0.0,12.683333333333334,1.02,5.666666666666667,0.7071067811865475,0.7071067811865476,-0.7818314824680299,0.6234898018587334,A,0
2023-07-23 06:00:00,3,32.13055555555555,52.52777777777778,1012.0333333333333,20.491666666666667,-0.054747806388862924,0,0.0,5.950000000000001,13.079999999999998,510.1666666666667,0.7071067811865476,-0.7071067811865475,-0.7818314824680299,0.6234898018587334,A,0
2023-07-23 12:00:00,3,36.11388888888889,40.638888888888886,1009.2777777777778,20.03916666666667,-0.08316955834674149,0,0.0,6.183333333333333,17.520000000000003,595.5,-0.7071067811865471,-0.7071067811865479,-0.7818314824680299,0.6234898018587334,A,0
2023-07-23 18:00:00,3,23.88333333333333,60.111111111111114,1009.438888888889,19.67166666666666,-0.048338376506793686,0,0.0,11.1,4.2,28.166666666666668,-0.7071067811865477,0.7071067811865474,-0.7818314824680299,0.6234898018587334,A,0
2023-07-24 00:00:00,3,17.924999999999997,78.75,1009.2027777777777,19.455277777777773,-0.02538655232697314,0,0.0,6.85,1.3800000000000001,6.333333333333333,0.7071067811865475,0.7071067811865476,0.0,1.0,A,0
2023-07-24 06:00:00,3,27.819444444444443,62.986111111111114,1007.4833333333331,13.224166666666669,-1.33711112533361,0,3.600000000000001,5.083333333333333,11.159999999999997,411.5,0.7071067811865476,-0.7071067811865475,0.0,1.0,A,0
2023-07-24 12:00:00,3,33.266666666666666,51.763888888888886,1002.9666666666667,24.969166666666666,0.9430241929053477,794,0.0,12.666666666666666,16.32,519.0,-0.7071067811865471,-0.7071067811865479,0.0,1.0,A,2
2023-07-24 18:00:00,3,25.888888888888886,71.93055555555556,1001.313888888889,23.20277777777778,-0.1877745002793957,0,0.0,12.499999999999996,2.6399999999999992,20.5,-0.7071067811865477,0.7071067811865474,0.0,1.0,A,0
2023-07-25 00:00:00,3,21.788888888888888,79.83333333333333,999.7166666666667,22.38138888888889,-0.10260143999340246,0,0.0,7.233333333333334,0.6000000000000001,1.5,0.7071067811865475,0.7071067811865476,0.7818314824680298,0.6234898018587336,A,0
2023-07-25 06:00:00,3,25.47142857142857,72.47142857142858,999.0742857142857,25.66857142857143,0.08783222761264887,0,0.0,6.2771428571428585,7.990000000000001,304.8857142857143,0.7071067811865476,-0.7071067811865475,0.7818314824680298,0.6234898018587336,A,0
2023-07-25 12:00:00,3,30.414285714285715,51.34285714285714,996.2485714285716,23.375428571428575,-0.2634698510992858,0,1.7999999999999998,8.305714285714288,12.920000000000002,443.6857142857143,-0.7071067811865471,-0.7071067811865479,0.7818314824680298,0.6234898018587336,A,0
2023-07-25 18:00:00,3,22.788888888888888,62.05555555555556,997.1972222222222,22.39583333333333,-0.08828687351176451,0,42.6,10.866666666666665,2.7600000000000007,25.0,-0.7071067811865477,0.7071067811865474,0.7818314824680298,0.6234898018587336,A,0
2023-07-26 00:00:00,3,19.01111111111111,77.26388888888889,1001.4333333333333,21.977499999999996,-0.053924261680597024,0,2.4000000000000004,6.033333333333333,0.6600000000000001,6.166666666666667,0.7071067811865475,0.7071067811865476,0.9749279121818236,-0.22252093395631434,A,0
2023-07-26 06:00:00,3,30.28611111111111,38.625,1004.4222222222221,21.525555555555556,-0.1009290806564782,0,0.0,5.916666666666667,13.26,530.8333333333334,0.7071067811865476,-0.7071067811865475,0.9749279121818236,-0.22252093395631434,A,0
2023-07-26 12:00:00,3,33.09166666666667,27.930555555555557,1004.1333333333334,21.041944444444443,-0.0648174507791578,0,0.6000000000000001,8.616666666666669,17.940000000000005,623.5,-0.7071067811865471,-0.7071067811865479,0.9749279121818236,-0.22252093395631434,A,0
2023-07-26 18:00:00,3,19.540000000000003,63.142857142857146,1007.5828571428569,20.72685714285715,-0.05630922398375363,0,0.0,8.668571428571427,2.6499999999999995,28.97142857142857,-0.7071067811865477,0.7071067811865474,0.9749279121818236,-0.22252093395631434,A,0
2023-07-27 00:00:00,3,16.441666666666666,83.16666666666667,1011.3444444444443,20.43444444444445,-0.0476451157939377,0,0.0,10.366666666666667,0.7200000000000001,6.0,0.7071067811865475,0.7071067811865476,0.43388373911755823,-0.900968867902419,A,0
2023-07-27 06:00:00,3,27.241666666666667,53.861111111111114,1011.8777777777777,20.15722222222222,-0.03933931078551185,0,0.0,8.700000000000001,13.079999999999998,540.0,0.7071067811865476,-0.7071067811865475,0.43388373911755823,-0.900968867902419,A,0
2023-07-27 12:00:00,3,32.69722222222222,37.875,1008.6694444444446,19.994444444444454,-0.023174928425070716,0,0.0,6.633333333333333,14.819999999999999,547.1666666666666,-0.7071067811865471,-0.7071067811865479,0.43388373911755823,-0.900968867902419,A,0
2023-07-27 18:00:00,3,20.399999999999995,69.86111111111111,1009.5722222222224,19.80527777777778,-0.020917818166365565,0,0.0,5.883333333333334,1.5,26.333333333333332,-0.7071067811865477,0.7071067811865474,0.43388373911755823,-0.900968867902419,A,0
2023-07-28 00:00:00,3,17.683333333333337,69.98611111111111,1009.4611111111111,19.624444444444443,-0.03718224419089412,0,0.0,6.583333333333335,0.6600000000000001,4.833333333333333,0.7071067811865475,0.7071067811865476,-0.433883739117558,-0.9009688679024191,A,0
2023-07-28 06:00:00,3,29.761764705882356,46.970588235294116,1009.6529411764704,20.76235294117647,1.1280669996474588,331,0.0,7.076470588235294,12.880000000000003,524.0,0.7071067811865476,-0.7071067811865475,-0.433883739117558,-0.9009688679024191,A,1
2023-07-28 12:00:00,3,32.16571428571429,43.48571428571429,1007.5799999999999,31.118000000000002,-1.262640111701868,672,0.0,12.557142857142857,16.71,555.1714285714286,-0.7071067811865471,-0.7071067811865479,-0.433883739117558,-0.9009688679024191,A,2
2023-07-28 18:00:00,3,23.86111111111111,64.22222222222223,1008.8361111111111,26.029722222222226,-0.22376289403663627,0,0.0,16.533333333333328,3.7799999999999994,24.333333333333332,-0.7071067811865477,0.7071067811865474,-0.433883739117558,-0.9009688679024191,A,0
2023-07-29 00:00:00,3,20.04705882352941,81.32352941176471,1009.9588235294119,25.145000000000003,-0.10452983518907816,0,0.0,8.55294117647059,0.8200000000000001,5.647058823529412,0.7071067811865475,0.7071067811865476,-0.9749279121818236,-0.2225209339563146,A,0
2023-07-29 06:00:00,3,32.60277777777778,50.111111111111114,1009.7388888888888,24.39805555555556,-0.14448231178108628,8,0.0,2.5166666666666666,12.659999999999997,497.6666666666667,0.7071067811865476,-0.7071067811865475,-0.9749279121818236,-0.2225209339563146,A,1
2023-07-29 12:00:00,3,34.99714285714286,43.02857142857143,1006.7371428571429,23.669714285714285,-0.09945206058070001,-1,0.0,11.657142857142853,17.51,571.2285714285714,-0.7071067811865471,-0.7071067811865479,-0.9749279121818236,-0.2225209339563146,A,0
2023-07-29 18:00:00,3,25.791428571428572,58.9,1007.2800000000001,23.13371428571428,-0.07368712630621274,0,0.0,18.78571428571429,4.880000000000001,19.97142857142857,-0.7071067811865477,0.7071067811865474,-0.9749279121818236,-0.2225209339563146,A,0
2023-07-30 00:00:00,3,20.869444444444447,76.68055555555556,1008.9611111111111,22.738333333333337,-0.06621316616212143,0,0.0,9.116666666666665,1.08,5.166666666666667,0.7071067811865475,0.7071067811865476,-0.7818314824680299,0.6234898018587334,A,0
2023-07-30 06:00:00,3,32.43333333333333,48.55555555555556,1008.5444444444443,22.343888888888888,-0.06437865532640406,1,0.0,4.533333333333334,13.5,526.0,0.7071067811865476,-0.7071067811865475,-0.7818314824680299,0.6234898018587334,A,0
2023-07-30 12:00:00,3,35.72777777777778,42.138888888888886,1006.1055555555556,22.057777777777783,-0.031403110573481795,-1,0.0,2.766666666666667,15.239999999999998,562.8333333333334,-0.7071067811865471,-0.7071067811865479,-0.7818314824680299,0.6234898018587334,A,0
2023-07-30 18:00:00,3,25.871428571428567,68.02857142857142,1007.5628571428573,21.808000000000003,-0.04326528543716157,0,0.0,5.742857142857142,1.54,23.142857142857142,-0.7071067811865477,0.7071067811865474,-0.7818314824680299,0.6234898018587334,A,0
2023-07-31 00:00:00,3,20.977777777777774,86.97222222222223,1009.1305555555552,21.529444444444444,-0.05373146868928908,0,0.0,7.683333333333334,0.7200000000000001,4.833333333333333,0.7071067811865475,0.7071067811865476,0.0,1.0,A,0
2023-07-31 06:00:00,3,31.265714285714292,56.22857142857143,1009.1342857142859,23.996,2.19416627212156,528,0.0,10.148571428571428,12.269999999999998,456.45714285714286,0.7071067811865476,-0.7071067811865475,0.0,1.0,A,1
2023-07-31 12:00:00,3,34.27499999999999,46.44444444444444,1006.0250000000001,27.807499999999997,-1.5355041601051433,174,0.0,5.950000000000001,15.72,552.3333333333334,-0.7071067811865471,-0.7071067811865479,0.0,1.0,A,1
2023-07-31 18:00:00,3,23.538888888888884,73.29166666666667,1005.9722222222222,24.645555555555557,-0.12151622615056847,0,0.0,4.6333333333333355,1.3800000000000001,21.0,-0.7071067811865477,0.7071067811865474,0.0,1.0,A,0
2023-08-01 00:00:00,3,19.683333333333334,73.5,1003.7805555555556,24.03777777777778,-0.08837145025868504,0,0.0,5.933333333333334,1.0800000000000003,4.166666666666667,0.7071067811865475,0.7071067811865476,0.7818314824680298,0.6234898018587336,A,0
2023-08-01 06:00:00,3,29.631428571428568,50.0,1001.3200000000002,23.40942857142857,-0.13053393074984806,0,0.0,12.517142857142854,13.62,462.22857142857146,0.7071067811865476,-0.7071067811865475,0.7818314824680298,0.6234898018587336,A,0
2023-08-01 12:00:00,3,31.485714285714284,43.7,998.2457142857143,22.733714285714285,-0.10326385062182944,0,0.0,19.477142857142855,17.809999999999995,531.7714285714286,-0.7071067811865471,-0.7071067811865479,0.7818314824680298,0.6234898018587336,A,0
2023-08-01 18:00:00,3,24.465714285714288,56.357142857142854,999.5657142857142,22.213714285714282,-0.07412914405748812,0,0.0,9.525714285714283,2.6899999999999995,20.057142857142857,-0.7071067811865477,0.7071067811865474,0.7818314824680298,0.6234898018587336,A,0
2023-08-02 00:00:00,3,20.413888888888888,76.56944444444444,1002.5305555555556,21.814444444444444,-0.060003083198227294,0,0.0,9.75,0.7200000000000002,4.333333333333333,0.7071067811865475,0.7071067811865476,0.9749279121818236,-0.22252093395631434,A,0
2023-08-02 06:00:00,3,30.337142857142855,55.08571428571429,1003.2,21.70657142857143,0.255927480809982,231,0.0,10.542857142857144,12.889999999999999,508.54285714285714,0.7071067811865476,-0.7071067811865475,0.9749279121818236,-0.22252093395631434,A,1
2023-08-02 12:00:00,3,34.25833333333333,39.763888888888886,1000.2472222222223,29.786944444444444,-2.00418875993482,553,0.0,10.883333333333335,17.580000000000002,573.6666666666666,-0.7071067811865471,-0.7071067811865479,0.9749279121818236,-0.22252093395631434,A,2
2023-08-02 18:00:00,3,25.21388888888889,56.25,1000.8277777777777,24.613888888888887,-0.18774379191199575,0,0.0,6.866666666666665,2.04,23.166666666666668,-0.7071067811865477,0.7071067811865474,0.9749279121818236,-0.22252093395631434,A,0
2023-08-03 00:00:00,3,23.436111111111117,68.68055555555556,1000.9388888888888,23.74388888888889,-0.11410409416404547,0,0.0,6.416666666666667,0.9000000000000001,4.0,0.7071067811865475,0.7071067811865476,0.43388373911755823,-0.900968867902419,A,0
2023-08-03 06:00:00,3,33.41212121212121,46.93939393939394,1000.7363636363638,22.611818181818183,-0.2567973502946484,0,0.0,9.881818181818183,11.52,431.72727272727275,0.7071067811865476,-0.7071067811865475,0.43388373911755823,-0.900968867902419,A,0
2023-08-03 12:00:00,3,32.40588235294118,44.61764705882353,1000.2264705882354,21.35235294117647,-0.16574137415351292,0,0.0,24.376470588235296,15.85,460.88235294117646,-0.7071067811865471,-0.7071067811865479,0.43388373911755823,-0.900968867902419,A,0
2023-08-03 18:00:00,3,26.120588235294118,48.55882352941177,1000.5941176470587,20.734411764705882,-0.05968047363195086,0,0.0,12.967647058823529,3.82,20.852941176470587,-0.7071067811865477,0.7071067811865474,0.43388373911755823,-0.900968867902419,A,0
2023-08-04 00:00:00,3,21.694285714285712,57.52857142857143,1001.3000000000002,20.384285714285717,-0.0631992735679547,0,0.0,5.894285714285715,1.0000000000000002,4.285714285714286,0.7071067811865475,0.7071067811865476,-0.433883739117558,-0.9009688679024191,A,0
2023-08-04 06:00:00,3,26.254285714285718,50.34285714285714,1002.325714285714,19.84971428571428,-0.11711736313914047,0,0.0,4.4799999999999995,9.76,355.4,0.7071067811865476,-0.7071067811865475,-0.433883739117558,-0.9009688679024191,A,0
2023-08-04 12:00:00,3,26.6,43.86764705882353,1001.5147058823529,19.18470588235294,-0.08941161088608028,0,0.0,10.36176470588235,10.700000000000001,293.94117647058823,-0.7071067811865471,-0.7071067811865479,-0.433883739117558,-0.9009688679024191,A,0
2023-08-04 18:00:00,3,19.71764705882353,73.80882352941177,1003.9882352941177,18.849999999999998,-0.04703348630775119,0,46.19999999999999,8.538235294117646,0.55,5.0,-0.7071067811865477,0.7071067811865474,-0.433883739117558,-0.9009688679024191,A,0
2023-08-05 00:00:00,3,16.63235294117647,92.94117647058823,1003.3911764705886,18.406176470588235,-0.06638777637001021,0,59.5,9.502941176470587,0.18,0.7058823529411765,0.7071067811865475,0.7071067811865476,-0.9749279121818236,-0.2225209339563146,A,0
2023-08-05 06:00:00,3,23.64857142857143,69.37142857142857,1003.7342857142856,18.26142857142857,0.007607945034045919,0,5.1,9.957142857142857,7.8199999999999985,315.7142857142857,0.7071067811865476,-0.7071067811865475,-0.9749279121818236,-0.2225209339563146,A,0
2023-08-05 12:00:00,3,28.338235294117652,45.6764705882353,1002.1647058823529,18.17705882352941,-0.028964243352478786,0,0.0,10.805882352941175,12.72,503.52941176470586,-0.7071067811865471,-0.7071067811865479,-0.9749279121818236,-0.2225209339563146,A,0
2023-08-05 18:00:00,3,18.71875,72.46875,1002.253125,18.079375000000002,-0.015122037776327868,0,0.0,8.496875,1.3900000000000001,15.625,-0.7071067811865477,0.7071067811865474,-0.9749279121818236,-0.2225209339563146,A,0
2023-08-06 00:00:00,3,16.28857142857143,84.84285714285714,1001.5628571428571,17.999142857142857,-0.012511257302856795,0,0.0,9.119999999999997,1.09,3.0,0.7071067811865475,0.7071067811865476,-0.7818314824680299,0.6234898018587334,A,0
2023-08-06 06:00:00,3,30.861764705882358,36.64705882352941,1000.65,17.81911764705882,-0.04829707847072945,0,0.0,10.352941176470589,12.86,524.9411764705883,0.7071067811865476,-0.7071067811865475,-0.7818314824680299,0.6234898018587334,A,0
2023-08-06 12:00:00,3,33.08,21.785714285714285,999.7514285714284,17.628000000000004,-0.023794671231545814,0,0.0,20.117142857142863,20.259999999999998,632.2,-0.7071067811865471,-0.7071067811865479,-0.7818314824680299,0.6234898018587334,A,0
2023-08-06 18:00:00,3,19.338235294117652,47.88235294117647,1003.5705882352942,17.56764705882353,-0.00533842466130467,0,0.0,14.158823529411764,4.91,23.294117647058822,-0.7071067811865477,0.7071067811865474,-0.7818314824680299,0.6234898018587334,A,0
2023-08-07 00:00:00,3,11.60285714285714,82.17142857142858,1006.9771428571428,17.498857142857144,-0.012995630863481948,0,0.0,8.817142857142855,1.4000000000000004,3.142857142857143,0.7071067811865475,0.7071067811865476,0.0,1.0,A,0
2023-08-07 06:00:00,3,28.06857142857143,30.714285714285715,1007.6342857142859,17.35,-0.03281847271261171,0,0.0,16.374285714285712,14.890000000000002,540.3714285714286,0.7071067811865476,-0.7071067811865475,0.0,1.0,A,0
2023-08-07 12:00:00,3,31.746875000000003,21.078125,1007.403125,17.255312500000002,0.00041115175349421625,0,0.0,15.1875,17.35,649.6875,-0.7071067811865471,-0.7071067811865479,0.0,1.0,A,0
2023-08-07 18:00:00,3,17.62222222222222,47.27777777777778,1010.311111111111,17.246111111111116,-0.0077815976657824755,0,0.0,9.449999999999996,3.3600000000000003,21.833333333333332,-0.7071067811865477,0.7071067811865474,0.0,1.0,A,0
2023-08-08 00:00:00,3,13.81764705882353,60.60294117647059,1012.114705882353,17.185294117647057,-0.013247891284259329,0,0.0,5.600000000000001,0.8600000000000001,3.5294117647058822,0.7071067811865475,0.7071067811865476,0.7818314824680298,0.6234898018587336,A,0
2023-08-08 06:00:00,3,27.72647058823529,38.38235294117647,1012.5382352941175,20.18235294117647,2.0012145198908704,401,0.0,3.152941176470588,12.04,553.2352941176471,0.7071067811865476,-0.7071067811865475,0.7818314824680298,0.6234898018587336,A,1
2023-08-08 12:00:00,3,32.54285714285714,29.857142857142858,1010.1885714285715,22.247428571428575,-0.4807019623217732,0,0.0,5.977142857142858,15.97,612.6571428571428,-0.7071067811865471,-0.7071067811865479,0.7818314824680298,0.6234898018587336,A,0
2023-08-08 18:00:00,3,18.241666666666667,60.083333333333336,1011.4249999999998,21.100833333333338,-0.043045375547246204,0,0.0,6.983333333333334,2.16,18.666666666666668,-0.7071067811865477,0.7071067811865474,0.7818314824680298,0.6234898018587336,A,0
2023-08-09 00:00:00,3,16.825000000000003,58.583333333333336,1011.9138888888888,20.828055555555558,-0.05876256015455081,0,0.0,4.483333333333334,0.6000000000000001,3.1666666666666665,0.7071067811865475,0.7071067811865476,0.9749279121818236,-0.22252093395631434,A,0
2023-08-09 06:00:00,3,29.027272727272727,38.89393939393939,1011.9363636363637,20.083636363636362,-0.1850699351539873,0,0.0,3.963636363636364,10.47,466.030303030303,0.7071067811865476,-0.7071067811865475,0.9749279121818236,-0.22252093395631434,A,0
2023-08-09 12:00:00,3,34.38235294117648,30.485294117647058,1009.3470588235293,19.229705882352942,-0.08284002460113124,0,0.0,4.270588235294118,14.489999999999998,579.8529411764706,-0.7071067811865471,-0.7071067811865479,0.9749279121818236,-0.22252093395631434,A,0
2023-08-09 18:00:00,3,21.61111111111111,61.31944444444444,1011.3416666666666,18.975833333333338,-0.017635756457963232,0,0.0,5.666666666666666,1.56,18.333333333333332,-0.7071067811865477,0.7071067811865474,0.9749279121818236,-0.22252093395631434,A,0
2023-08-10 00:00:00,3,16.094117647058823,81.52941176470588,1013.5588235294117,18.844117647058823,-0.028298906195892017,0,0.0,6.970588235294118,0.23,2.5,0.7071067811865475,0.7071067811865476,0.43388373911755823,-0.900968867902419,A,0
2023-08-10 06:00:00,3,30.264705882352942,48.13235294117647,1014.2205882352941,18.553823529411762,-0.06349169907490833,0,0.0,8.358823529411763,11.69,494.44117647058823,0.7071067811865476,-0.7071067811865475,0.43388373911755823,-0.900968867902419,A,0
2023-08-10 12:00:00,3,33.91470588235295,38.544117647058826,1012.535294117647,18.28058823529412,-0.0331827956407846,0,0.0,8.491176470588236,16.55,606.9117647058823,-0.7071067811865471,-0.7071067811865479,0.43388373911755823,-0.900968867902419,A,0
2023-08-10 18:00:00,3,24.485714285714284,60.05714285714286,1014.8914285714285,18.131428571428575,-0.01426251229649697,0,0.0,11.711428571428574,3.3399999999999994,13.2,-0.7071067811865477,0.7071067811865474,0.43388373911755823,-0.900968867902419,A,0
2023-08-11 00:00:00,3,19.511764705882353,78.20588235294117,1016.8205882352942,18.040588235294116,-0.016344242779294298,0,0.0,6.823529411764706,0.8,2.823529411764706,0.7071067811865475,0.7071067811865476,-0.433883739117558,-0.9009688679024191,A,0
2023-08-11 06:00:00,3,32.0,44.955882352941174,1017.5617647058823,17.889705882352942,-0.044102880039968324,0,0.0,7.829411764705882,12.399999999999999,506.0882352941176,0.7071067811865476,-0.7071067811865475,-0.433883739117558,-0.9009688679024191,A,0
2023-08-11 12:00:00,3,34.99666666666667,39.233333333333334,1015.7466666666667,25.325666666666663,2.328451113246701,564,0.0,10.063333333333336,14.399999999999999,581.3,-0.7071067811865471,-0.7071067811865479,-0.433883739117558,-0.9009688679024191,A,2
2023-08-11 18:00:00,3,24.116666666666667,62.72222222222222,1017.0555555555558,24.804722222222225,-0.2985890308906417,0,0.0,10.266666666666666,3.059999999999999,17.5,-0.7071067811865477,0.7071067811865474,-0.433883739117558,-0.9009688679024191,A,0
2023-08-12 00:00:00,3,17.885714285714286,82.64285714285714,1017.8771428571428,23.721714285714285,-0.11970440905208918,0,0.0,5.968571428571428,0.4800000000000001,2.5714285714285716,0.7071067811865475,0.7071067811865476,-0.9749279121818236,-0.2225209339563146,A,0
2023-08-12 06:00:00,3,32.099999999999994,46.357142857142854,1016.8571428571427,22.16085714285714,-0.36743900988049377,0,0.0,3.3285714285714287,12.12,496.4,0.7071067811865476,-0.7071067811865475,-0.9749279121818236,-0.2225209339563146,A,0
2023-08-12 12:00:00,3,35.75454545454545,39.18181818181818,1013.3030303030303,20.772727272727273,-0.1400213278299016,0,0.0,5.8969696969696965,14.760000000000002,562.3030303030303,-0.7071067811865471,-0.7071067811865479,-0.9749279121818236,-0.2225209339563146,A,0
2023-08-12 18:00:00,3,25.282857142857143,64.0,1014.4171428571431,20.377428571428574,-0.024043401285878046,0,0.0,8.654285714285713,2.7,15.942857142857143,-0.7071067811865477,0.7071067811865474,-0.9749279121818236,-0.2225209339563146,A,0
2023-08-13 00:00:00,3,19.758333333333333,82.70833333333333,1015.3499999999998,20.20888888888889,-0.037629083870091964,0,0.0,5.2333333333333325,0.6600000000000001,2.3333333333333335,0.7071067811865475,0.7071067811865476,-0.7818314824680299,0.6234898018587334,A,0
2023-08-13 06:00:00,3,33.39722222222222,46.59722222222222,1014.7166666666667,19.83972222222222,-0.08936366311239861,0,0.0,5.1833333333333345,13.199999999999998,492.6666666666667,0.7071067811865476,-0.7071067811865475,-0.7818314824680299,0.6234898018587334,A,0
2023-08-13 12:00:00,3,36.80882352941177,39.294117647058826,1011.8941176470587,19.420294117647053,-0.04332405341007546,0,0.0,6.635294117647058,15.79,570.4117647058823,-0.7071067811865471,-0.7071067811865479,-0.7818314824680299,0.6234898018587334,A,0
2023-08-13 18:00:00,3,26.231428571428573,64.37142857142857,1012.8285714285714,19.23714285714286,-0.02456601610087269,0,0.0,8.519999999999998,2.74,13.142857142857142,-0.7071067811865477,0.7071067811865474,-0.7818314824680299,0.6234898018587334,A,0
2023-08-14 00:00:00,3,20.741176470588236,83.69117647058823,1013.9794117647058,19.094117647058823,-0.030970019007941618,0,0.0,5.18235294117647,0.41000000000000003,1.911764705882353,0.7071067811865475,0.7071067811865476,0.0,1.0,A,0
2023-08-14 06:00:00,3,34.17647058823529,46.63235294117647,1013.8705882352941,18.847058823529416,-0.05457042148898766,0,0.0,5.391176470588235,12.690000000000001,504.47058823529414,0.7071067811865476,-0.7071067811865475,0.0,1.0,A,0
2023-08-14 12:00:00,3,33.46111111111111,42.72222222222222,1011.886111111111,23.405833333333334,0.7492092284682974,306,0.0,7.6000000000000005,15.3,493.8333333333333,-0.7071067811865471,-0.7071067811865479,0.0,1.0,A,1
2023-08-14 18:00:00,3,23.994444444444444,70.30555555555556,1013.3027777777778,22.71222222222222,-0.15564725188782536,0,0.0,8.133333333333335,2.9399999999999995,14.0,-0.7071067811865477,0.7071067811865474,0.0,1.0,A,0
2023-08-15 00:00:00,3,20.91142857142857,81.87142857142857,1014.0828571428572,21.996,-0.09051356303819454,0,0.0,5.531428571428571,0.97,2.057142857142857,0.7071067811865475,0.7071067811865476,0.7818314824680298,0.6234898018587336,A,0
2023-08-15 06:00:00,3,33.52285714285714,46.22857142857143,1013.3628571428573,21.09342857142857,-0.19190305887124479,0,0.0,3.76,12.41,490.6857142857143,0.7071067811865476,-0.7071067811865475,0.7818314824680298,0.6234898018587336,A,0
2023-08-15 12:00:00,3,36.83030303030303,36.57575757575758,1010.1606060606061,20.253636363636364,-0.08510884885630013,0,0.0,3.1666666666666665,13.79,533.6969696969697,-0.7071067811865471,-0.7071067811865479,0.7818314824680298,0.6234898018587336,A,0
2023-08-15 18:00:00,3,25.541666666666668,63.208333333333336,1011.947222222222,20.005833333333342,-0.017681877182655268,0,0.0,6.150000000000001,1.62,12.333333333333334,-0.7071067811865477,0.7071067811865474,0.7818314824680298,0.6234898018587336,A,0
2023-08-16 00:00:00,3,20.494285714285713,82.82857142857142,1013.6314285714287,19.822,-0.02868528048637603,0,5.4,3.6314285714285712,0.0,1.8857142857142857,0.7071067811865475,0.7071067811865476,0.9749279121818236,-0.22252093395631434,A,0
2023-08-16 06:00:00,3,32.048484848484854,52.31818181818182,1013.751515151515,19.552727272727275,-0.07012086798022943,0,0.0,5.330303030303029,10.74,447.27272727272725,0.7071067811865476,-0.7071067811865475,0.9749279121818236,-0.22252093395631434,A,0
2023-08-16 12:00:00,3,36.854838709677416,34.225806451612904,1010.7032258064515,19.213870967741936,-0.02850846182447056,0,0.0,4.6322580645161295,12.829999999999998,515.5483870967741,-0.7071067811865471,-0.7071067811865479,0.9749279121818236,-0.22252093395631434,A,0
2023-08-16 18:00:00,3,24.61818181818182,63.57575757575758,1011.8757575757576,19.105454545454545,-0.02272316771772539,0,0.0,4.5242424242424235,1.0599999999999998,13.0,-0.7071067811865477,0.7071067811865474,0.9749279121818236,-0.22252093395631434,A,0
2023-08-17 00:00:00,3,20.96666666666667,78.27777777777777,1012.9555555555556,18.956666666666667,-0.01862960792439349,0,7.200000000000001,11.466666666666665,0.9600000000000001,1.5,0.7071067811865475,0.7071067811865476,0.43388373911755823,-0.900968867902419,A,0
2023-08-17 06:00:00,3,34.08235294117647,44.35294117647059,1012.0470588235294,18.763529411764708,-0.044674035155102106,0,0.0,3.920588235294117,11.219999999999999,461.7352941176471,0.7071067811865476,-0.7071067811865475,0.43388373911755823,-0.900968867902419,A,0
2023-08-17 12:00:00,3,30.475757575757573,55.45454545454545,1010.1393939393939,18.66727272727273,0.008982495051949884,0,4.8,9.121212121212121,9.54,378.93939393939394,-0.7071067811865471,-0.7071067811865479,0.43388373911755823,-0.900968867902419,A,0
2023-08-17 18:00:00,3,23.925714285714285,68.97142857142858,1011.5628571428571,18.658857142857144,-0.008420272408869956,0,0.0,4.997142857142856,0.54,11.657142857142857,-0.7071067811865477,0.7071067811865474,0.43388373911755823,-0.900968867902419,A,0
2023-08-18 00:00:00,3,20.720588235294116,76.25,1012.2323529411763,18.597647058823526,-0.01460703158472411,0,0.0,4.223529411764707,0.10999999999999999,1.4705882352941178,0.7071067811865475,0.7071067811865476,-0.433883739117558,-0.9009688679024191,A,0
2023-08-18 06:00:00,3,33.130303030303025,46.46969696969697,1012.0424242424243,18.673636363636366,0.17054420831460826,211,0.0,3.6181818181818177,11.33,471.3333333333333,0.7071067811865476,-0.7071067811865475,-0.433883739117558,-0.9009688679024191,A,1
2023-08-18 12:00:00,3,37.37428571428571,38.042857142857144,1009.6885714285712,30.247142857142855,-2.55865677768222,385,0.0,6.828571428571429,15.620000000000001,543.8285714285714,-0.7071067811865471,-0.7071067811865479,-0.433883739117558,-0.9009688679024191,A,1
2023-08-18 18:00:00,3,26.11470588235294,65.45588235294117,1011.3411764705884,24.537352941176472,-0.187329491473519,0,0.0,7.5176470588235285,1.6800000000000002,9.176470588235293,-0.7071067811865477,0.7071067811865474,-0.433883739117558,-0.9009688679024191,A,0
2023-08-19 00:00:00,3,21.460606060606054,79.75757575757575,1012.560606060606,23.741515151515152,-0.11150174520363716,0,0.0,3.706060606060606,0.12,1.3636363636363635,0.7071067811865475,0.7071067811865476,-0.9749279121818236,-0.2225209339563146,A,0
2023-08-19 06:00:00,3,34.24411764705882,48.73529411764706,1012.6823529411766,22.66205882352941,-0.2452394233933898,0,0.0,2.7058823529411766,11.52,470.1764705882353,0.7071067811865476,-0.7071067811865475,-0.9749279121818236,-0.2225209339563146,A,0
2023-08-19 12:00:00,3,38.741666666666674,36.93055555555556,1010.8694444444445,21.72972222222222,-0.04755947645008661,0,0.0,5.233333333333334,16.68,570.8333333333334,-0.7071067811865471,-0.7071067811865479,-0.9749279121818236,-0.2225209339563146,A,0
2023-08-19 18:00:00,3,24.80833333333333,67.70833333333333,1012.9861111111113,21.59555555555555,-0.02502429301179961,0,0.0,7.083333333333333,2.1599999999999993,12.5,-0.7071067811865477,0.7071067811865474,-0.9749279121818236,-0.2225209339563146,A,0
2023-08-20 00:00:00,3,20.288235294117644,84.51470588235294,1014.9411764705884,21.424117647058818,-0.05331329732344584,0,0.0,6.470588235294117,0.6800000000000002,1.411764705882353,0.7071067811865475,0.7071067811865476,-0.7818314824680299,0.6234898018587334,A,0
2023-08-20 06:00:00,3,35.247058823529414,45.26470588235294,1015.0323529411764,21.13529411764706,-0.033537369989566246,0,0.0,6.235294117647061,12.790000000000001,484.61764705882354,0.7071067811865476,-0.7071067811865475,-0.7818314824680299,0.6234898018587334,A,0
2023-08-20 12:00:00,3,38.33714285714286,35.885714285714286,1012.9314285714286,20.851142857142857,-0.03961803709227358,0,0.0,12.248571428571427,17.970000000000002,553.8857142857142,-0.7071067811865471,-0.7071067811865479,-0.7818314824680299,0.6234898018587334,A,0
2023-08-20 18:00:00,3,27.294117647058826,59.36764705882353,1015.1852941176471,20.636470588235294,-0.02750960675951465,0,0.0,9.241176470588233,3.079999999999999,12.0,-0.7071067811865477,0.7071067811865474,-0.7818314824680299,0.6234898018587334,A,0
2023-08-21 00:00:00,3,22.919999999999998,71.98571428571428,1016.7085714285713,20.415142857142857,-0.03612837766558807,0,0.0,3.9800000000000004,0.48000000000000004,1.3714285714285714,0.7071067811865475,0.7071067811865476,0.0,1.0,A,0
2023-08-21 06:00:00,3,36.56060606060607,40.696969696969695,1016.2303030303032,20.185757575757577,-0.03988778330531859,0,0.0,4.578787878787878,11.670000000000002,460.3939393939394,0.7071067811865476,-0.7071067811865475,0.0,1.0,A,0
2023-08-21 12:00:00,3,39.4625,33.015625,1013.3499999999999,20.020625000000003,-0.01005408479730992,0,0.0,8.8625,15.57,555.78125,-0.7071067811865471,-0.7071067811865479,0.0,1.0,A,0
2023-08-21 18:00:00,3,24.84285714285714,64.85714285714286,1014.1885714285714,19.933142857142855,-0.03970814940242557,0,0.0,7.208571428571429,2.2199999999999993,11.657142857142857,-0.7071067811865477,0.7071067811865474,0.0,1.0,A,0
2023-08-22 00:00:00,3,22.81111111111111,69.08333333333333,1014.4250000000001,19.75833333333334,-0.016087135725750212,0,0.0,4.616666666666666,0.66,1.1666666666666667,0.7071067811865475,0.7071067811865476,0.7818314824680298,0.6234898018587336,A,0
2023-08-22 06:00:00,3,36.45882352941176,40.51470588235294,1014.0176470588235,30.793529411764705,1.5275765793497402,901,0.0,2.6176470588235294,11.669999999999998,462.9117647058824,0.7071067811865476,-0.7071067811865475,0.7818314824680298,0.6234898018587336,A,2
2023-08-22 12:00:00,3,40.39166666666667,32.30555555555556,1011.0000000000002,24.851388888888888,-0.5468520856954662,0,0.0,8.43333333333333,17.519999999999996,546.6666666666666,-0.7071067811865471,-0.7071067811865479,0.7818314824680298,0.6234898018587336,A,0
2023-08-22 18:00:00,3,25.123529411764704,63.294117647058826,1011.7470588235294,23.315882352941173,-0.09296421528302588,0,0.0,5.544117647058823,1.5300000000000002,10.911764705882353,-0.7071067811865477,0.7071067811865474,0.7818314824680298,0.6234898018587336,A,0
2023-08-23 00:00:00,3,23.102777777777774,63.388888888888886,1011.8944444444446,22.799166666666668,-0.08449577005670028,0,0.0,3.6000000000000005,0.18000000000000005,1.0,0.7071067811865475,0.7071067811865476,0.9749279121818236,-0.22252093395631434,A,0
2023-08-23 06:00:00,3,36.29714285714286,39.24285714285714,1011.5685714285714,22.132285714285715,-0.14815206081597815,0,0.0,3.62,12.599999999999998,478.0857142857143,0.7071067811865476,-0.7071067811865475,0.9749279121818236,-0.22252093395631434,A,0
2023-08-23 12:00:00,3,41.629411764705885,25.205882352941178,1008.635294117647,21.595294117647057,-0.041954220691690094,0,0.0,6.391176470588236,16.28,542.0588235294117,-0.7071067811865471,-0.7071067811865479,0.9749279121818236,-0.22252093395631434,A,0
2023-08-23 18:00:00,3,26.325714285714284,55.0,1010.2857142857141,21.44942857142857,-0.020483828525060727,0,0.0,7.15142857142857,2.57,10.114285714285714,-0.7071067811865477,0.7071067811865474,0.9749279121818236,-0.22252093395631434,A,0
2023-08-24 00:00:00,3,21.230555555555558,72.77777777777777,1011.7527777777782,21.248333333333335,-0.025594587622999855,0,0.0,2.8333333333333335,0.30000000000000004,1.0,0.7071067811865475,0.7071067811865476,0.43388373911755823,-0.900968867902419,A,0
2023-08-24 06:00:00,3,36.685714285714276,37.15714285714286,1011.3799999999999,21.151714285714284,-0.0047853130586034244,0,0.0,5.27142857142857,13.08,468.9142857142857,0.7071067811865476,-0.7071067811865475,0.43388373911755823,-0.900968867902419,A,0
2023-08-24 12:00:00,3,40.71212121212121,25.318181818181817,1007.9969696969697,21.111818181818183,-0.010204601393865871,0,0.0,8.63030303030303,16.749999999999996,558.060606060606,-0.7071067811865471,-0.7071067811865479,0.43388373911755823,-0.900968867902419,A,0
2023-08-24 18:00:00,3,25.984848484848484,58.21212121212121,1009.0424242424243,20.972727272727273,-0.0251228737187007,0,0.0,6.342424242424243,2.25,10.363636363636363,-0.7071067811865477,0.7071067811865474,0.43388373911755823,-0.900968867902419,A,0
2023-08-25 00:00:00,3,22.05428571428571,68.05714285714286,1009.1600000000002,20.807714285714287,-0.041478311293841864,0,0.0,3.702857142857143,0.41000000000000003,0.8571428571428571,0.7071067811865475,0.7071067811865476,-0.433883739117558,-0.9009688679024191,A,0
2023-08-25 06:00:00,3,36.944117647058825,38.4264705882353,1008.4794117647058,30.51852941176471,4.464367236591719,906,0.0,5.4558823529411775,12.77,476.6764705882353,0.7071067811865476,-0.7071067811865475,-0.433883739117558,-0.9009688679024191,A,2
2023-08-25 12:00:00,3,39.74411764705882,28.014705882352942,1005.3794117647058,27.112647058823526,-0.8844923353163892,0,0.0,12.458823529411765,18.73,543.4117647058823,-0.7071067811865471,-0.7071067811865479,-0.433883739117558,-0.9009688679024191,A,0
2023-08-25 18:00:00,3,26.700000000000003,42.279411764705884,1006.35,24.627941176470586,-0.15177472158210795,0,0.0,8.826470588235296,3.6999999999999997,8.235294117647058,-0.7071067811865477,0.7071067811865474,-0.433883739117558,-0.9009688679024191,A,0
2023-08-26 00:00:00,3,19.78787878787879,65.3030303030303,1006.8545454545454,23.91818181818182,-0.09377233712619878,0,0.0,7.027272727272727,1.6500000000000001,0.9090909090909091,0.7071067811865475,0.7071067811865476,-0.9749279121818236,-0.2225209339563146,A,0
2023-08-26 06:00:00,3,34.8764705882353,37.11764705882353,1006.3764705882354,23.100588235294115,-0.1817816563814785,0,0.0,11.311764705882354,12.760000000000002,415.4117647058824,0.7071067811865476,-0.7071067811865475,-0.9749279121818236,-0.2225209339563146,A,0
2023-08-26 12:00:00,3,34.971428571428575,37.0,1004.3285714285714,22.347142857142856,-0.07194832880930037,0,0.6000000000000001,12.697142857142858,16.07,467.34285714285716,-0.7071067811865471,-0.7071067811865479,-0.9749279121818236,-0.2225209339563146,A,0
2023-08-26 18:00:00,3,23.405714285714286,70.4,1005.7942857142858,22.052000000000003,-0.03742796236066349,0,0.0,12.24,2.4299999999999997,7.142857142857143,-0.7071067811865477,0.7071067811865474,-0.9749279121818236,-0.2225209339563146,A,0
2023-08-27 00:00:00,3,22.13529411764706,71.01470588235294,1004.2617647058823,21.807058823529413,-0.03094870999850724,0,1.0,9.988235294117647,1.06,0.14705882352941177,0.7071067811865475,0.7071067811865476,-0.7818314824680299,0.6234898018587334,A,0
2023-08-27 06:00:00,3,25.30588235294118,67.13235294117646,1003.8823529411767,21.6335294117647,-0.03471095738141797,0,4.800000000000001,8.797058823529412,4.52,109.82352941176471,0.7071067811865476,-0.7071067811865475,-0.7818314824680299,0.6234898018587334,A,0
2023-08-27 12:00:00,3,26.29411764705882,70.57352941176471,1003.2352941176471,21.47764705882353,-0.010242247229149232,0,0.5,8.38235294117647,6.3500000000000005,204.47058823529412,-0.7071067811865471,-0.7071067811865479,-0.7818314824680299,0.6234898018587334,A,0
2023-08-27 18:00:00,3,22.377419354838707,80.37096774193549,1000.6580645161289,21.405483870967736,-0.022076027711092096,0,20.2,5.73548387096774,0.52,6.967741935483871,-0.7071067811865477,0.7071067811865474,-0.7818314824680299,0.6234898018587334,A,0
2023-08-28 00:00:00,3,20.13055555555556,87.90277777777777,996.5916666666669,21.182222222222222,-0.018675840013801556,0,128.39999999999998,18.016666666666666,0.18,0.16666666666666666,0.7071067811865475,0.7071067811865476,0.0,1.0,A,0
2023-08-28 06:00:00,3,27.46875,60.75,994.74375,21.166874999999997,0.0016993771135987287,0,17.8,10.58125,7.83,341.3125,0.7071067811865476,-0.7071067811865475,0.0,1.0,A,0
2023-08-28 12:00:00,3,22.471428571428568,74.67142857142858,994.9685714285713,20.945714285714285,0.0025644778656264905,0,76.8,12.997142857142856,7.38,312.14285714285717,-0.7071067811865471,-0.7071067811865479,0.0,1.0,A,0
2023-08-28 18:00:00,3,17.771428571428572,77.15714285714286,996.3657142857144,20.966285714285714,-0.015380929123550716,0,0.0,13.325714285714284,1.4500000000000002,4.571428571428571,-0.7071067811865477,0.7071067811865474,0.0,1.0,A,0
2023-08-29 00:00:00,3,15.63125,84.90625,996.940625,25.056874999999998,2.3838465378530387,0,34.1,11.403125,0.06,0.375,0.7071067811865475,0.7071067811865476,0.7818314824680298,0.6234898018587336,A,0
2023-08-29 06:00:00,3,18.572222222222226,83.25,998.6194444444443,30.24972222222222,-0.4680137603168456,0,3.000000000000001,7.883333333333332,7.8,339.3333333333333,0.7071067811865476,-0.7071067811865475,0.7818314824680298,0.6234898018587336,A,0
2023-08-29 12:00:00,3,21.936111111111114,68.73611111111111,999.0416666666669,28.08666666666666,-0.30779669605751625,0,21.599999999999998,7.1000000000000005,7.079999999999998,292.8333333333333,-0.7071067811865471,-0.7071067811865479,0.7818314824680298,0.6234898018587336,A,0
2023-08-29 18:00:00,3,16.225714285714286,84.34285714285714,1001.1028571428569,27.130285714285712,0.047744181038496786,0,9.399999999999999,8.139999999999997,0.54,1.7142857142857142,-0.7071067811865477,0.7071067811865474,0.7818314824680298,0.6234898018587336,A,0
2023-08-30 00:00:00,3,15.908571428571431,85.51428571428572,1001.6600000000002,26.859428571428573,-0.10820413756350328,0,0.0,5.437142857142857,0.17000000000000004,0.2857142857142857,0.7071067811865475,0.7071067811865476,0.9749279121818236,-0.22252093395631434,A,0
2023-08-30 06:00:00,3,26.353125,52.796875,1002.296875,26.0271875,-0.20516879561728812,0,0.0,4.981249999999999,9.02,436.3125,0.7071067811865476,-0.7071067811865475,0.9749279121818236,-0.22252093395631434,A,0
2023-08-30 12:00:00,3,27.328571428571433,47.1,1001.6257142857144,24.967714285714287,-0.11624971563554798,0,0.0,4.140000000000001,11.920000000000002,491.8285714285714,-0.7071067811865471,-0.7071067811865479,0.9749279121818236,-0.22252093395631434,A,0
2023-08-30 18:00:00,3,18.805555555555557,71.875,1004.6749999999998,24.57916666666667,-0.039223794928101324,0,0.0,7.733333333333336,0.7200000000000001,6.0,-0.7071067811865477,0.7071067811865474,0.9749279121818236,-0.22252093395631434,A,0
2023-08-31 00:00:00,3,15.494117647058822,81.44117647058823,1007.2529411764708,24.321176470588238,-0.05350213497930845,0,0.0,8.635294117647058,0.32000000000000006,0.35294117647058826,0.7071067811865475,0.7071067811865476,0.43388373911755823,-0.900968867902419,A,0
2023-08-31 06:00:00,3,26.888888888888886,52.84722222222222,1009.6500000000001,23.965277777777775,-0.07643675355860964,0,0.0,5.083333333333334,10.200000000000001,433.8333333333333,0.7071067811865476,-0.7071067811865475,0.43388373911755823,-0.900968867902419,A,0
2023-08-31 12:00:00,3,27.08857142857143,52.457142857142856,1009.6628571428571,23.578857142857142,-0.041030559467541965,0,11.399999999999999,5.765714285714286,8.970000000000002,354.14285714285717,-0.7071067811865471,-0.7071067811865479,0.43388373911755823,-0.900968867902419,A,0
2023-08-31 18:00:00,3,19.81388888888889,69.90277777777777,1012.122222222222,23.381666666666668,-0.041789534992174894,0,0.0,12.233333333333333,1.8,5.0,-0.7071067811865477,0.7071067811865474,0.43388373911755823,-0.900968867902419,A,0
2023-09-01 00:00:00,3,15.419444444444444,84.27777777777777,1014.113888888889,23.140833333333333,-0.04057988109728709,0,0.0,9.349999999999998,0.5999999999999999,0.3333333333333333,0.7071067811865475,0.7071067811865476,-0.433883739117558,-0.9009688679024191,A,0
2023-09-01 06:00:00,3,29.927777777777774,45.486111111111114,1014.6194444444445,22.878055555555555,-0.06082720737125764,0,0.0,4.783333333333333,10.439999999999998,449.1666666666667,0.7071067811865476,-0.7071067811865475,-0.433883739117558,-0.9009688679024191,A,0
2023-09-01 12:00:00,3,31.697222222222226,40.06944444444444,1012.9222222222223,22.63555555555556,-0.014684850178491391,0,0.0,4.0166666666666675,12.359999999999998,490.0,-0.7071067811865471,-0.7071067811865479,-0.433883739117558,-0.9009688679024191,A,0
2023-09-01 18:00:00,3,20.534285714285712,68.54285714285714,1014.9599999999999,22.53685714285714,-0.024267668456047622,0,0.0,8.451428571428568,1.2100000000000002,5.6571428571428575,-0.7071067811865477,0.7071067811865474,-0.433883739117558,-0.9009688679024191,A,0
2023-09-02 00:00:00,3,17.04516129032258,76.64516129032258,1016.1483870967743,22.354516129032252,-0.026061072631178305,0,0.0,5.638709677419355,0.1,0.3225806451612903,0.7071067811865475,0.7071067811865476,-0.9749279121818236,-0.2225209339563146,A,0
2023-09-02 06:00:00,3,30.302857142857146,46.41428571428571,1016.3428571428574,22.15542857142857,-0.042441481633484754,0,0.0,5.0142857142857125,10.04,433.51428571428573,0.7071067811865476,-0.7071067811865475,-0.9749279121818236,-0.2225209339563146,A,0
2023-09-02 12:00:00,3,34.57575757575758,36.56060606060606,1014.9787878787878,22.07090909090909,0.007235454383976818,0,0.0,4.918181818181818,12.31,513.2727272727273,-0.7071067811865471,-0.7071067811865479,-0.9749279121818236,-0.2225209339563146,A,0
2023-09-02 18:00:00,3,20.625714285714285,74.14285714285714,1017.2057142857142,22.06457142857143,-0.01276641815555472,0,0.0,2.8285714285714283,0.23,5.314285714285714,-0.7071067811865477,0.7071067811865474,-0.9749279121818236,-0.2225209339563146,A,0
2023-09-03 00:00:00,3,18.659374999999997,78.296875,1018.48125,21.972812500000003,-0.019542624512340737,0,0.0,6.021875,0.27,0.1875,0.7071067811865475,0.7071067811865476,-0.7818314824680299,0.6234898018587334,A,0
2023-09-03 06:00:00,3,31.008333333333333,47.47222222222222,1018.2888888888889,21.82222222222222,-0.011741710470710402,0,0.0,9.049999999999999,11.760000000000002,436.5,0.7071067811865476,-0.7071067811865475,-0.7818314824680299,0.6234898018587334,A,0
2023-09-03 12:00:00,3,34.85142857142857,35.22857142857143,1015.7999999999998,21.796285714285712,0.008745054580193881,0,0.0,9.185714285714287,14.47,504.25714285714287,-0.7071067811865471,-0.7071067811865479,-0.7818314824680299,0.6234898018587334,A,0
2023-09-03 18:00:00,3,20.59375,75.015625,1017.675,21.795,-0.010211349815522422,0,0.0,5.540625,0.84,4.53125,-0.7071067811865477,0.7071067811865474,-0.7818314824680299,0.6234898018587334,A,0
2023-09-04 00:00:00,3,18.016666666666666,83.45833333333333,1018.7222222222221,21.676111111111105,-0.026056801263878854,0,0.0,5.783333333333331,0.24000000000000005,0.16666666666666666,0.7071067811865475,0.7071067811865476,0.0,1.0,A,0
2023-09-04 06:00:00,3,30.51818181818182,52.81818181818182,1018.469696969697,21.542727272727273,-0.003747210346305972,0,0.0,12.742424242424242,10.72,426.6969696969697,0.7071067811865476,-0.7071067811865475,0.0,1.0,A,0
2023-09-04 12:00:00,3,33.80857142857143,37.18571428571428,1015.6485714285716,21.547142857142852,0.0070688241850875395,0,0.0,14.38571428571429,14.750000000000002,487.8285714285714,-0.7071067811865471,-0.7071067811865479,0.0,1.0,A,0
2023-09-04 18:00:00,3,21.566666666666674,62.638888888888886,1017.1638888888888,21.53277777777778,-0.015147142738230064,0,0.0,12.133333333333333,2.8199999999999994,4.333333333333333,-0.7071067811865477,0.7071067811865474,0.0,1.0,A,0
2023-09-05 00:00:00,3,18.34857142857143,73.44285714285714,1017.8857142857142,21.429428571428566,-0.017402185076769976,0,0.0,8.505714285714287,1.47,0.14285714285714285,0.7071067811865475,0.7071067811865476,0.7818314824680298,0.6234898018587336,A,0
2023-09-05 06:00:00,3,27.81764705882353,44.779411764705884,1017.9470588235293,21.295882352941174,-0.01423260899557065,0,0.0,10.958823529411763,10.45,393.6764705882353,0.7071067811865476,-0.7071067811865475,0.7818314824680298,0.6234898018587336,A,0
2023-09-05 12:00:00,3,30.527272727272727,32.84848484848485,1015.4242424242424,21.28393939393939,0.004413877097262494,0,0.0,16.230303030303027,13.649999999999999,481.3030303030303,-0.7071067811865471,-0.7071067811865479,0.7818314824680298,0.6234898018587336,A,0
2023-09-05 18:00:00,3,15.600000000000001,69.68055555555556,1018.3222222222224,21.237777777777783,-0.020709842260083183,0,0.0,6.383333333333335,1.3800000000000003,4.333333333333333,-0.7071067811865477,0.7071067811865474,0.7818314824680298,0.6234898018587336,A,0
2023-09-06 00:00:00,3,13.381818181818183,77.3030303030303,1018.5515151515151,21.1269696969697,-0.019934371978312906,0,0.0,4.515151515151516,0.16999999999999998,0.18181818181818182,0.7071067811865475,0.7071067811865476,0.9749279121818236,-0.22252093395631434,A,0
2023-09-06 06:00:00,3,29.53611111111111,40.666666666666664,1017.7611111111112,20.993611111111115,-0.006340830579918265,0,0.0,6.133333333333334,10.859999999999998,443.1666666666667,0.7071067811865476,-0.7071067811865475,0.9749279121818236,-0.22252093395631434,A,0
2023-09-06 12:00:00,3,33.77222222222221,32.52777777777778,1014.7416666666663,21.02527777777778,0.01936123552131503,0,0.0,7.6499999999999995,13.619999999999997,509.5,-0.7071067811865471,-0.7071067811865479,0.9749279121818236,-0.22252093395631434,A,0
2023-09-06 18:00:00,3,17.58888888888889,71.20833333333333,1016.0638888888888,21.06,-0.0198315538533444,0,0.0,5.616666666666668,0.84,3.8333333333333335,-0.7071067811865477,0.7071067811865474,0.9749279121818236,-0.22252093395631434,A,0
2023-09-07 00:00:00,3,15.845714285714283,76.25714285714285,1017.3142857142855,20.939428571428568,-0.017878996399241707,0,0.0,2.9200000000000004,0.0,0.17142857142857143,0.7071067811865475,0.7071067811865476,0.43388373911755823,-0.900968867902419,A,0
2023-09-07 06:00:00,3,30.534374999999997,42.015625,1016.834375,20.865,-0.004038218665504791,0,0.0,6.0375,9.620000000000001,435.5,0.7071067811865476,-0.7071067811865475,0.43388373911755823,-0.900968867902419,A,0
2023-09-07 12:00:00,3,34.05999999999999,33.01428571428571,1014.1114285714286,20.883999999999997,0.00841091106562192,0,0.0,13.554285714285713,14.929999999999998,504.34285714285716,-0.7071067811865471,-0.7071067811865479,0.43388373911755823,-0.900968867902419,A,0
2023-09-07 18:00:00,3,19.045454545454543,63.57575757575758,1015.8696969696971,20.88909090909091,-0.0074385007614698575,0,0.0,7.254545454545454,1.48,3.8181818181818183,-0.7071067811865477,0.7071067811865474,0.43388373911755823,-0.900968867902419,A,0
2023-09-08 00:00:00,3,15.125,78.86111111111111,1016.8805555555555,20.80944444444445,-0.02359137967637029,0,0.0,2.2999999999999994,0.12000000000000001,0.0,0.7071067811865475,0.7071067811865476,-0.433883739117558,-0.9009688679024191,A,0
2023-09-08 06:00:00,3,31.083333333333332,40.125,1016.0138888888887,20.688888888888894,0.00021572752275941584,0,0.0,4.9,10.799999999999997,435.8333333333333,0.7071067811865476,-0.7071067811865475,-0.433883739117558,-0.9009688679024191,A,0
2023-09-08 12:00:00,3,34.409375000000004,33.34375,1013.184375,20.767500000000002,0.022549094958107342,0,0.0,8.109375,12.440000000000001,499.09375,-0.7071067811865471,-0.7071067811865479,-0.433883739117558,-0.9009688679024191,A,0
2023-09-08 18:00:00,3,17.74411764705882,72.05882352941177,1014.4823529411765,20.783823529411766,-0.012111247161228912,0,0.0,7.1352941176470575,1.26,3.176470588235294,-0.7071067811865477,0.7071067811865474,-0.433883739117558,-0.9009688679024191,A,0
2023-09-09 00:00:00,3,15.911764705882353,77.32352941176471,1015.2176470588236,20.671176470588232,-0.008899779895834115,0,0.0,2.344117647058824,0.1,0.0,0.7071067811865475,0.7071067811865476,-0.9749279121818236,-0.2225209339563146,A,0
2023-09-09 06:00:00,3,31.040000000000003,41.7,1014.7085714285715,20.615714285714283,-0.004813253992859332,0,0.0,4.1485714285714295,10.209999999999997,421.9428571428571,0.7071067811865476,-0.7071067811865475,-0.9749279121818236,-0.2225209339563146,A,0
2023-09-09 12:00:00,3,34.987878787878785,33.36363636363637,1012.5454545454545,20.669393939393938,0.008979201311105944,0,0.0,9.857575757575757,13.360000000000001,493.75757575757575,-0.7071067811865471,-0.7071067811865479,-0.9749279121818236,-0.2225209339563146,A,0
2023-09-09 18:00:00,3,17.891666666666666,73.80555555555556,1014.5888888888888,20.69388888888889,-0.005239100043798775,0,0.0,7.416666666666668,1.5,2.6666666666666665,-0.7071067811865477,0.7071067811865474,-0.9749279121818236,-0.2225209339563146,A,0
2023-09-10 00:00:00,3,16.317647058823532,77.08823529411765,1015.1911764705883,20.630000000000003,-0.015194653960430855,0,0.0,4.261764705882353,0.21,0.0,0.7071067811865475,0.7071067811865476,-0.7818314824680299,0.6234898018587334,A,0
2023-09-10 06:00:00,3,31.53055555555555,40.486111111111114,1014.7388888888888,20.578888888888894,-0.002403793623454048,0,0.0,4.3500000000000005,10.859999999999996,430.1666666666667,0.7071067811865476,-0.7071067811865475,-0.7818314824680299,0.6234898018587334,A,0
2023-09-10 12:00:00,3,35.92500000000001,30.875,1012.1277777777777,20.620555555555555,0.01212672243396593,0,0.0,7.7666666666666675,14.220000000000002,492.0,-0.7071067811865471,-0.7071067811865479,-0.7818314824680299,0.6234898018587334,A,0
2023-09-10 18:00:00,3,19.434285714285714,64.3,1013.0400000000001,20.643142857142852,-0.004066237315450256,0,0.0,6.728571428571427,1.28,2.5714285714285716,-0.7071067811865477,0.7071067811865474,-0.7818314824680299,0.6234898018587334,A,0
2023-09-11 00:00:00,3,18.08,65.77142857142857,1012.5628571428568,20.584857142857135,-0.011207126291137327,0,0.0,5.637142857142858,0.6500000000000001,0.0,0.7071067811865475,0.7071067811865476,0.0,1.0,A,0
2023-09-11 06:00:00,3,32.25277777777778,38.25,1011.5000000000002,20.524999999999995,-0.0028506528816339832,0,0.0,2.8833333333333346,10.679999999999996,430.3333333333333,0.7071067811865476,-0.7071067811865475,0.0,1.0,A,0
2023-09-11 12:00:00,3,36.13636363636363,29.454545454545453,1008.3363636363638,20.582727272727276,0.013615768662513012,0,0.0,6.366666666666666,13.01,494.45454545454544,-0.7071067811865471,-0.7071067811865479,0.0,1.0,A,0
2023-09-11 18:00:00,3,19.359375,67.734375,1009.75,20.603125,-0.006941885699459752,0,0.0,5.696875,1.19,2.03125,-0.7071067811865477,0.7071067811865474,0.0,1.0,A,0
2023-09-12 00:00:00,3,19.130555555555556,71.22222222222223,1010.2888888888889,20.571111111111104,-0.00952283612397631,0,0.0,6.15,0.6600000000000001,0.0,0.7071067811865475,0.7071067811865476,0.7818314824680298,0.6234898018587336,A,0
2023-09-12 06:00:00,3,31.442424242424238,43.71212121212121,1010.6393939393942,20.522727272727273,-0.0028895868549204916,0,0.0,3.2454545454545456,9.059999999999999,387.3030303030303,0.7071067811865476,-0.7071067811865475,0.7818314824680298,0.6234898018587336,A,0
2023-09-12 12:00:00,3,36.46176470588235,33.029411764705884,1008.2529411764704,20.579411764705885,0.0120989831312151,0,0.0,4.3235294117647065,12.429999999999998,474.7647058823529,-0.7071067811865471,-0.7071067811865479,0.7818314824680298,0.6234898018587336,A,0
2023-09-12 18:00:00,3,24.147058823529413,58.60294117647059,1010.1647058823529,20.618235294117646,-0.0019479779980263413,0,0.0,8.273529411764708,1.7700000000000002,1.9411764705882353,-0.7071067811865477,0.7071067811865474,0.7818314824680298,0.6234898018587336,A,0
2023-09-13 00:00:00,3,18.164705882352944,73.95588235294117,1011.1,20.580588235294115,-0.00670271627635326,0,0.0,9.7,1.35,0.0,0.7071067811865475,0.7071067811865476,0.9749279121818236,-0.22252093395631434,A,0
2023-09-13 06:00:00,3,25.344117647058823,59.55882352941177,1012.2029411764704,20.538235294117648,-0.005695752475382026,0,0.6000000000000001,5.164705882352941,7.550000000000001,294.38235294117646,0.7071067811865476,-0.7071067811865475,0.9749279121818236,-0.22252093395631434,A,0
2023-09-13 12:00:00,3,31.55428571428571,40.3,1010.477142857143,20.527142857142852,0.016412028641282345,0,0.6000000000000001,10.862857142857141,11.44,403.42857142857144,-0.7071067811865471,-0.7071067811865479,0.9749279121818236,-0.22252093395631434,A,0
2023-09-13 18:00:00,3,22.16521739130435,66.95652173913044,1012.7869565217392,20.555217391304353,-0.003461091404056457,0,0.0,6.83478260869565,0.30000000000000004,2.347826086956522,-0.7071067811865477,0.7071067811865474,0.9749279121818236,-0.22252093395631434,A,0
